"trial_id","responsible_company","year","cultivar","city","state","sowing_date","evaluation_date","inc_vag","ga","latitude","longitude","source_row","cohort_source","season","recorded_evaluation_date","grain_evaluation_date","evaluation_date_offset_days","recorded_cycle_days","cycle_days","sowing_doy","met_unit","member_trials","unit_n"
"MEU001","Fundação Rio Verde","2022/2023","Desafio RR","Lucas Do Rio Verde","MT",2022-10-13,2023-02-02,49.86,8.0846714890896,-13.001389,-55.9675,25,"original_csv","2022/2023",2023-01-13,2023-02-02,20,92,112,286,"MEU001","T001|V013",2
"MEU002","Fundação Mato Grosso","2022/2023","Desafio RR","Nova Mutum","MT",2022-10-12,2023-01-23,35.3,1.27,-13.679361,-56.030472,1,"original_csv","2022/2023",2023-01-03,2023-01-23,20,83,103,285,"MEU002","T002",1
"MEU003","UFMT/Campus Sinop","2022/2023","Desafio RR","Sinop","MT",2022-10-15,2023-02-16,63.47,14.79,-11.992472,-55.421139,29,"original_csv","2022/2023",2023-01-27,2023-02-16,20,104,124,288,"MEU003","T003",1
"MEU004","EPR Consultoria & Pesquisa Agronômica","2022/2023","Desafio RR","Sinop","MT",2022-10-16,2023-02-04,41.11,8.13,-12.478611,-55.674722,17,"original_csv","2022/2023",2023-01-15,2023-02-04,20,91,111,289,"MEU004","T004",1
"MEU005","Proteplan","2022/2023","Desafio RR","Sorriso","MT",2022-10-08,2023-02-14,34.75,43.28,-12.478611,-55.674722,39,"original_csv","2022/2023",2023-01-25,2023-02-14,20,109,129,281,"MEU005","T005",1
"MEU006","Fundação Mato Grosso","2022/2023","Desafio RR","Sorriso","MT",2022-10-12,2023-02-23,8.24,7.59,-12.442694,-55.891028,16,"original_csv","2022/2023",2023-02-03,2023-02-23,20,114,134,285,"MEU006","T006",1
"MEU007","Fitolab Pesquisa e Desenvolvimento Agrícola","2022/2023","Desafio RR","Sorriso","MT",2022-10-15,2023-02-16,41.54,10.73,-12.751472,-55.834861,21,"original_csv","2022/2023",2023-01-27,2023-02-16,20,104,124,288,"MEU007","T007",1
"MEU008","Centro de Pesquisa Celeiro do Norte - CPCEN","2022/2023","Desafio RR","Sorriso","MT",2022-10-17,2023-02-13,42.66,31.42,-12.437389,-55.883417,37,"original_csv","2022/2023",2023-01-24,2023-02-13,20,99,119,290,"MEU008","T008",1
"MEU009","Solo Fértil Consultoria Agrícola e Pecuária","2022/2023","Desafio RR","são Miguel Do guaporé","RO",2022-10-08,2023-01-31,27.68,26.05,-11.687331,-62.663606,36,"original_csv","2022/2023",2023-01-11,2023-01-31,20,95,115,281,"MEU009","T009",1
"MEU010","Xingu Pesquisa e Consultoria Agronômica","2023/2024","Olimpo","Confresa","MT",2023-10-27,2024-02-18,2.9,42,-10.728716,-51.59943,38,"original_csv","2023/2024",2024-01-29,2024-02-18,20,94,114,300,"MEU010","T010",1
"MEU011","Fundação Rio Verde","2023/2024","Olimpo","Lucas Do Rio Verde","MT",2023-10-23,2024-02-20,16.4,11.4,-13.000988,-55.966188,23,"original_csv","2023/2024",2024-01-31,2024-02-20,20,100,120,296,"MEU011","T011",1
"MEU012","Assist consultoria","2023/2024","Olimpo","Planaldo Da Serra","MT",2023-11-08,2024-03-06,3.8,3.3,-10.727522,-51.604545,6,"original_csv","2023/2024",2024-02-15,2024-03-06,20,99,119,312,"MEU012","T012",1
"MEU013","IMAmt","2023/2024","Olimpo","Sapezal","MT",2023-10-30,2024-02-13,,5.8,-13.302753,-58.762906,13,"original_csv","2023/2024",2024-01-24,2024-02-13,20,86,106,303,"MEU013","T013",1
"MEU014","UFMT/Campus Sinop","2023/2024","Olimpo","Sinop","MT",2023-10-24,2024-02-02,6.4,2,-12.442586,-55.888902,2,"original_csv","2023/2024",2024-01-13,2024-02-02,20,81,101,297,"MEU014","T014",1
"MEU015","EPR Consultoria & Pesquisa Agronômica","2023/2024","Olimpo","Sinop","MT",2023-10-27,2024-02-26,31.7,21.1,-11.847778,-55.596667,35,"original_csv","2023/2024",2024-02-06,2024-02-26,20,102,122,300,"MEU015","T015",1
"MEU016","Proteplan","2023/2024","Olimpo","Sorriso","MT",2023-10-11,2024-02-25,17.7,17,-12.474003,-55.672839,33,"original_csv","2023/2024",2024-02-05,2024-02-25,20,117,137,284,"MEU016","T016",1
"MEU017","Fitolab Pesquisa e Desenvolvimento Agrícola","2023/2024","Olimpo","Sorriso","MT",2023-10-13,2024-02-01,18.8,11.8,-12.750614,-55.835186,24,"original_csv","2023/2024",2024-01-12,2024-02-01,20,91,111,286,"MEU017","T017",1
"MEU018","Xingu Pesquisa e Consultoria Agronômica","2024/2025","Desafio RR","Confresa","MT",2024-10-28,2025-02-03,3.6,14.2,-10.728333,-51.598056,28,"original_csv","2024/2025",2025-01-14,2025-02-03,20,78,98,302,"MEU018","T018",1
"MEU019","Fundação Rio Verde","2024/2025","Desafio RR","Lucas Do Rio Verde","MT",2024-10-23,2025-02-18,17.9,3.25828343313373,-13.002051,-55.96748,10,"original_csv","2024/2025",2025-01-29,2025-02-18,20,98,118,297,"MEU019","T019|V025",2
"MEU020","Assist consultoria","2024/2025","Desafio RR","Planalto Da Serra","MT",2024-11-19,2025-03-14,4,9.1,-14.543222,-54.716667,19,"original_csv","2024/2025",2025-02-22,2025-03-14,20,95,115,324,"MEU020","T020",1
"MEU021","IMAmt","2024/2025","Desafio RR","Sapezal","MT",2024-10-30,2025-02-13,26.7,10.5,-13.302678,-58.762936,20,"original_csv","2024/2025",2025-01-24,2025-02-13,20,86,106,304,"MEU021","T021",1
"MEU022","EPR Consultoria & Pesquisa Agronômica","2024/2025","Desafio RR","Sinop","MT",2024-10-24,2025-02-16,26.7,3,-11.849647,-55.598429,5,"original_csv","2024/2025",2025-01-27,2025-02-16,20,95,115,298,"MEU022","T022",1
"MEU023","UFMT/Campus Sinop","2024/2025","Desafio RR","Sinop","MT",2024-10-26,2025-02-19,26.6,4.2,-11.974754,-55.477288,9,"original_csv","2024/2025",2025-01-30,2025-02-19,20,96,116,300,"MEU023","T023",1
"MEU024","Fitolab Pesquisa e Desenvolvimento Agrícola","2024/2025","Desafio RR","Sorriso","MT",2024-10-21,2025-02-20,15.8,4.1,-12.751506,-55.834697,8,"original_csv","2024/2025",2025-01-31,2025-02-20,20,102,122,295,"MEU024","T024",1
"MEU025","Proteplan","2024/2025","Desafio RR","Sorriso","MT",2024-10-21,2025-02-23,7.9,10.9,-15.475278,-54.915278,22,"original_csv","2024/2025",2025-02-03,2025-02-23,20,105,125,295,"MEU025","T025",1
"MEU026","Centro de Pesquisa Celeiro do Norte - CPCEN","2024/2025","Desafio RR","Sorriso","MT",2024-10-24,2025-02-11,20.1,5.3,-12.440621,-55.88768,12,"original_csv","2024/2025",2025-01-22,2025-02-11,20,90,110,298,"MEU026","T026",1
"MEU027","Fundação Mato Grosso","2024/2025","Desafio RR","Sorriso","MT",2024-10-30,2025-02-20,10.1,5.2,-12.543972,-55.710778,11,"original_csv","2024/2025",2025-01-31,2025-02-20,20,93,113,304,"MEU027","T027",1
"MEU028","Solo Fértil Consultoria Agrícola e Pecuária","2024/2025","Desafio RR","são Miguel Do guaporé","RO",2024-11-04,2025-03-06,18.9,18.6,-11.687317,-62.663606,41,"original_csv","2024/2025",2025-02-14,2025-03-06,20,102,122,309,"MEU028","T028",1
"MEU029","Agrodinamica","2025/2026","Desafio RR","Campo Novo Do Parecis","MT",2025-11-03,2026-02-23,30.5,16.5,-11.886833,-58.235361,32,"original_csv","2025/2026",2026-02-03,2026-02-23,20,92,112,307,"MEU029","T029",1
"MEU030","Meta","2025/2026","Desafio RR","Canarana","MT",2025-10-21,2026-01-22,0.9,8.32,-13.543167,-52.202722,18,"original_csv","2025/2026",2026-01-02,2026-01-22,20,73,93,294,"MEU030","T030",1
"MEU031","Xingu Pesquisa e Consultoria Agronômica","2025/2026","Desafio RR","Confresa","MT",2025-11-05,2026-03-10,9.63,14.2,-10.728998,-51.599439,27,"original_csv","2025/2026",2026-02-18,2026-03-10,20,105,125,309,"MEU031","T031",1
"MEU032","Fundação Rio Verde","2025/2026","Desafio RR","Lucas Do Rio Verde","MT",2025-10-22,2026-02-19,20.7,13.91,-13.00025,-55.9725,26,"original_csv","2025/2026",2026-01-30,2026-02-19,20,100,120,295,"MEU032","T032",1
"MEU033","IMAmt","2025/2026","Desafio RR","Sapezal","MT",2025-10-31,2026-03-01,6.21,2.7,-13.301536,-58.762556,4,"original_csv","2025/2026",2026-02-09,2026-03-01,20,101,121,304,"MEU033","T033",1
"MEU034","UFMT/Campus Sinop","2025/2026","Desafio RR","Sinop","MT",2025-10-19,2026-01-30,5.49,3.32,-11.985028,-55.473028,7,"original_csv","2025/2026",2026-01-10,2026-01-30,20,83,103,292,"MEU034","T034",1
"MEU035","EPR Consultoria & Pesquisa Agronômica","2025/2026","Desafio RR","Sinop","MT",2025-10-29,2026-02-26,59.57,17.68,-11.847778,-55.596667,34,"original_csv","2025/2026",2026-02-06,2026-02-26,20,100,120,302,"MEU035","T035",1
"MEU036","Fitolab Pesquisa e Desenvolvimento Agrícola","2025/2026","Desafio RR","Sorriso","MT",2025-10-16,2026-02-06,33.59,16.02,-12.751111,-55.834167,31,"original_csv","2025/2026",2026-01-17,2026-02-06,20,93,113,289,"MEU036","T037",1
"MEU037","Fundação Mato Grosso","2025/2026","Desafio RR","Sorriso","MT",2025-11-06,2026-02-24,29.54,6.3,-12.543972,-55.710778,15,"original_csv","2025/2026",2026-02-04,2026-02-24,20,90,110,310,"MEU037","T038",1
"MEU038","Centro de Pesquisa Celeiro do Norte - CPCEN","2025/2026","Desafio RR","Sorriso","MT",2025-11-08,2026-02-15,12.86,6.28,-12.440806,-55.88775,14,"original_csv","2025/2026",2026-01-26,2026-02-15,20,79,99,312,"MEU038","T039",1
"MEU039","AgroFarm","2025/2026","Desafio RR","Cerejeiras","RO",2025-11-15,2026-03-12,2.7,2.48,-13.222225,-60.841394,3,"original_csv","2025/2026",2026-02-20,2026-03-12,20,97,117,319,"MEU039","T040",1
"MEU040","COACEN","2022/2023","Desafio RR","Sorriso","MT",2022-10-12,2023-02-08,,12.875,-12.440805555072,-55.88775,1,"later_validation_xlsx","2022/2023",2023-01-19,2023-02-08,20,99,119,285,"MEU040","V001",1
"MEU041","COACEN","2022/2023","Desafio RR","Sorriso","MT",2022-10-25,2023-02-21,,4.95,-12.440805555072,-55.88775,2,"later_validation_xlsx","2022/2023",2023-02-01,2023-02-21,20,99,119,298,"MEU041","V002",1
"MEU042","COACEN","2022/2023","Desafio RR","Sorriso","MT",2022-11-07,2023-03-05,,2.125,-12.440805555072,-55.88775,3,"later_validation_xlsx","2022/2023",2023-02-13,2023-03-05,20,98,118,311,"MEU042","V003",1
"MEU043","FITOLAB","2022/2023","Desafio RR","Sorriso","MT",2022-10-15,2023-02-16,,4.5,-12.566666666178,-55.7,4,"later_validation_xlsx","2022/2023",2023-01-27,2023-02-16,20,104,124,288,"MEU043","V004",1
"MEU044","FITOLAB","2022/2023","Desafio RR","Sorriso","MT",2022-10-27,2023-02-28,,3.75,-12.566666666178,-55.7,5,"later_validation_xlsx","2022/2023",2023-02-08,2023-02-28,20,104,124,300,"MEU044","V005",1
"MEU045","FITOLAB","2022/2023","Desafio RR","Sorriso","MT",2022-11-10,2023-03-13,,3.5,-12.566666666178,-55.7,6,"later_validation_xlsx","2022/2023",2023-02-21,2023-03-13,20,103,123,314,"MEU045","V006",1
"MEU046","FMT","2022/2023","Desafio RR","Sorriso","MT",2022-10-20,2023-02-15,,2.738751477,-12.440805555072,-55.88775,7,"later_validation_xlsx","2022/2023",2023-01-26,2023-02-15,20,98,118,293,"MEU046","V007",1
"MEU047","FMT","2022/2023","Desafio RR","Sorriso","MT",2022-11-01,2023-02-26,,0.857067772066667,-12.440805555072,-55.88775,8,"later_validation_xlsx","2022/2023",2023-02-06,2023-02-26,20,97,117,305,"MEU047","V008",1
"MEU048","FMT","2022/2023","Desafio RR","Sorriso","MT",2022-11-11,2023-03-09,,0.506749024033333,-12.440805555072,-55.88775,9,"later_validation_xlsx","2022/2023",2023-02-17,2023-03-09,20,98,118,315,"MEU048","V009",1
"MEU049","FMT2","2022/2023","Desafio RR","Nova Mutum","MT",2022-10-17,2023-02-11,,15.06865644025,-13.821944443911,-56.082777777778,10,"later_validation_xlsx","2022/2023",2023-01-22,2023-02-11,20,97,117,290,"MEU049","V010",1
"MEU050","FMT2","2022/2023","Desafio RR","Nova Mutum","MT",2022-11-01,2023-02-25,,7.9162140055,-13.821944443911,-56.082777777778,11,"later_validation_xlsx","2022/2023",2023-02-05,2023-02-25,20,96,116,305,"MEU050","V011",1
"MEU051","FMT2","2022/2023","Desafio RR","Nova Mutum","MT",2022-11-17,2023-03-13,,3.80030643225,-13.821944443911,-56.082777777778,12,"later_validation_xlsx","2022/2023",2023-02-21,2023-03-13,20,96,116,321,"MEU051","V012",1
"MEU052","FRV","2022/2023","Desafio RR","Lucas Do Rio Verde","MT",2022-10-28,2023-02-17,,0.46,-13.005,-55.965,14,"later_validation_xlsx","2022/2023",2023-01-28,2023-02-17,20,92,112,301,"MEU052","V014",1
"MEU053","FRV","2022/2023","Desafio RR","Lucas Do Rio Verde","MT",2022-11-11,2023-03-03,,0.207983361331094,-13.005,-55.965,15,"later_validation_xlsx","2022/2023",2023-02-11,2023-03-03,20,92,112,315,"MEU053","V015",1
"MEU054","FMT","2023/2024","Olimpo","Sorriso","MT",2023-10-22,2024-02-14,,3,-12.440805555072,-55.88775,16,"later_validation_xlsx","2023/2024",2024-01-25,2024-02-14,20,95,115,295,"MEU054","V016",1
"MEU055","FMT","2023/2024","Olimpo","Sorriso","MT",2023-10-27,2024-02-16,,3.4,-12.440805555072,-55.88775,17,"later_validation_xlsx","2023/2024",2024-01-27,2024-02-16,20,92,112,300,"MEU055","V017",1
"MEU056","FMT","2023/2024","Olimpo","Sorriso","MT",2023-11-22,2024-03-12,,19.9,-12.440805555072,-55.88775,18,"later_validation_xlsx","2023/2024",2024-02-21,2024-03-12,20,91,111,326,"MEU056","V018",1
"MEU057","FRV","2023/2024","Olimpo","Lucas Do Rio Verde","MT",2023-09-28,2024-01-30,,0.454863540937719,-13.005,-55.965,19,"later_validation_xlsx","2023/2024",2024-01-10,2024-01-30,20,104,124,271,"MEU057","V019",1
"MEU058","FRV","2023/2024","Olimpo","Lucas Do Rio Verde","MT",2023-10-13,2024-02-14,,0.614877024595081,-13.005,-55.965,20,"later_validation_xlsx","2023/2024",2024-01-25,2024-02-14,20,104,124,286,"MEU058","V020",1
"MEU059","FRV","2023/2024","Olimpo","Lucas Do Rio Verde","MT",2023-10-27,2024-02-27,,2.72972702729727,-13.005,-55.965,21,"later_validation_xlsx","2023/2024",2024-02-07,2024-02-27,20,103,123,300,"MEU059","V021",1
"MEU060","FRV","2024/2025","Desafio RR","Lucas Do Rio Verde","MT",2024-10-11,2025-02-04,,0.258964143426295,-13.005,-55.965,22,"later_validation_xlsx","2024/2025",2025-01-15,2025-02-04,20,96,116,285,"MEU060","V022",1
"MEU061","FRV","2024/2025","Olimpo","Lucas Do Rio Verde","MT",2024-10-11,2025-02-09,,0,-13.005,-55.965,23,"later_validation_xlsx","2024/2025",2025-01-20,2025-02-09,20,101,121,285,"MEU061","V023",1
"MEU062","FRV","2024/2025","Desafio RR","Lucas Do Rio Verde","MT",2024-10-20,2025-02-13,,4.04191616766467,-13.005,-55.965,24,"later_validation_xlsx","2024/2025",2025-01-24,2025-02-13,20,96,116,294,"MEU062","V024",1
"MEU063","FRV","2024/2025","Desafio RR","Lucas Do Rio Verde","MT",2024-11-12,2025-03-07,,2.68,-13.005,-55.965,26,"later_validation_xlsx","2024/2025",2025-02-15,2025-03-07,20,95,115,317,"MEU063","V026",1
"MEU064","FRV","2024/2025","Olimpo","Lucas Do Rio Verde","MT",2024-11-12,2025-03-12,,1.61,-13.005,-55.965,27,"later_validation_xlsx","2024/2025",2025-02-20,2025-03-12,20,100,120,317,"MEU064","V027",1
"MEU065","FRV","2025/2026","Olimpo","Lucas Do Rio Verde","MT",2025-10-08,2026-02-14,,13.967953821656,-13.005,-55.965,28,"later_validation_xlsx","2025/2026",2026-01-25,2026-02-14,20,109,129,281,"MEU065","V028",1
"MEU066","FRV","2025/2026","Desafio RR","Lucas Do Rio Verde","MT",2025-10-08,2026-02-07,,24.5322452229299,-13.005,-55.965,29,"later_validation_xlsx","2025/2026",2026-01-18,2026-02-07,20,102,122,281,"MEU066","V029",1
"MEU067","FRV","2025/2026","Olimpo","Lucas Do Rio Verde","MT",2025-10-22,2026-02-26,,6.84630738522954,-13.005,-55.965,30,"later_validation_xlsx","2025/2026",2026-02-06,2026-02-26,20,107,127,295,"MEU067","V030",1
"MEU068","FRV","2025/2026","Desafio RR","Lucas Do Rio Verde","MT",2025-10-22,2026-02-19,,13.3433133732535,-13.005,-55.965,31,"later_validation_xlsx","2025/2026",2026-01-30,2026-02-19,20,100,120,295,"MEU068","V031",1
"MEU069","FRV","2025/2026","Olimpo","Lucas Do Rio Verde","MT",2025-11-05,2026-03-14,,4.84,-13.005,-55.965,32,"later_validation_xlsx","2025/2026",2026-02-22,2026-03-14,20,109,129,309,"MEU069","V032",1
"MEU070","FRV","2025/2026","Desafio RR","Lucas Do Rio Verde","MT",2025-11-05,2026-03-07,,6.32,-13.005,-55.965,33,"later_validation_xlsx","2025/2026",2026-02-15,2026-03-07,20,102,122,309,"MEU070","V033",1
