"trial_id","responsible_company","year","cultivar","city","state","sowing_date","evaluation_date","inc_vag","ga","latitude","longitude","source_row","cohort_source","season","recorded_evaluation_date","grain_evaluation_date","evaluation_date_offset_days","recorded_cycle_days","cycle_days","sowing_doy","era5_cell_id","weather_cluster_id","met_unit","outcome_influence_flag"
"T001","Fundação Rio Verde","2022/2023","Desafio RR","Lucas Do Rio Verde","MT",2022-10-13,2023-02-02,49.86,13.15,-13.001389,-55.9675,25,"original_csv","2022/2023",2023-01-13,2023-02-02,20,92,112,286,"ERA5C10","ERA5C10__2022/2023","MEU001",FALSE
"T002","Fundação Mato Grosso","2022/2023","Desafio RR","Nova Mutum","MT",2022-10-12,2023-01-23,35.3,1.27,-13.679361,-56.030472,1,"original_csv","2022/2023",2023-01-03,2023-01-23,20,83,103,285,"ERA5C11","ERA5C11__2022/2023","MEU002",FALSE
"T003","UFMT/Campus Sinop","2022/2023","Desafio RR","Sinop","MT",2022-10-15,2023-02-16,63.47,14.79,-11.992472,-55.421139,29,"original_csv","2022/2023",2023-01-27,2023-02-16,20,104,124,288,"ERA5C06","ERA5C06__2022/2023","MEU003",FALSE
"T004","EPR Consultoria & Pesquisa Agronômica","2022/2023","Desafio RR","Sinop","MT",2022-10-16,2023-02-04,41.11,8.13,-12.478611,-55.674722,17,"original_csv","2022/2023",2023-01-15,2023-02-04,20,91,111,289,"ERA5C07","ERA5C07__2022/2023","MEU004",FALSE
"T005","Proteplan","2022/2023","Desafio RR","Sorriso","MT",2022-10-08,2023-02-14,34.75,43.28,-12.478611,-55.674722,39,"original_csv","2022/2023",2023-01-25,2023-02-14,20,109,129,281,"ERA5C07","ERA5C07__2022/2023","MEU005",TRUE
"T006","Fundação Mato Grosso","2022/2023","Desafio RR","Sorriso","MT",2022-10-12,2023-02-23,8.24,7.59,-12.442694,-55.891028,16,"original_csv","2022/2023",2023-02-03,2023-02-23,20,114,134,285,"ERA5C09","ERA5C09__2022/2023","MEU006",FALSE
"T007","Fitolab Pesquisa e Desenvolvimento Agrícola","2022/2023","Desafio RR","Sorriso","MT",2022-10-15,2023-02-16,41.54,10.73,-12.751472,-55.834861,21,"original_csv","2022/2023",2023-01-27,2023-02-16,20,104,124,288,"ERA5C08","ERA5C08__2022/2023","MEU007",FALSE
"T008","Centro de Pesquisa Celeiro do Norte - CPCEN","2022/2023","Desafio RR","Sorriso","MT",2022-10-17,2023-02-13,42.66,31.42,-12.437389,-55.883417,37,"original_csv","2022/2023",2023-01-24,2023-02-13,20,99,119,290,"ERA5C09","ERA5C09__2022/2023","MEU008",TRUE
"T009","Solo Fértil Consultoria Agrícola e Pecuária","2022/2023","Desafio RR","são Miguel Do guaporé","RO",2022-10-08,2023-01-31,27.68,26.05,-11.687331,-62.663606,36,"original_csv","2022/2023",2023-01-11,2023-01-31,20,95,115,281,"ERA5C15","ERA5C15__2022/2023","MEU009",FALSE
"T010","Xingu Pesquisa e Consultoria Agronômica","2023/2024","Olimpo","Confresa","MT",2023-10-27,2024-02-18,2.9,42,-10.728716,-51.59943,38,"original_csv","2023/2024",2024-01-29,2024-02-18,20,94,114,300,"ERA5C01","ERA5C01__2023/2024","MEU010",TRUE
"T011","Fundação Rio Verde","2023/2024","Olimpo","Lucas Do Rio Verde","MT",2023-10-23,2024-02-20,16.4,11.4,-13.000988,-55.966188,23,"original_csv","2023/2024",2024-01-31,2024-02-20,20,100,120,296,"ERA5C10","ERA5C10__2023/2024","MEU011",FALSE
"T012","Assist consultoria","2023/2024","Olimpo","Planaldo Da Serra","MT",2023-11-08,2024-03-06,3.8,3.3,-10.727522,-51.604545,6,"original_csv","2023/2024",2024-02-15,2024-03-06,20,99,119,312,"ERA5C01","ERA5C01__2023/2024","MEU012",FALSE
"T013","IMAmt","2023/2024","Olimpo","Sapezal","MT",2023-10-30,2024-02-13,,5.8,-13.302753,-58.762906,13,"original_csv","2023/2024",2024-01-24,2024-02-13,20,86,106,303,"ERA5C13","ERA5C13__2023/2024","MEU013",FALSE
"T014","UFMT/Campus Sinop","2023/2024","Olimpo","Sinop","MT",2023-10-24,2024-02-02,6.4,2,-12.442586,-55.888902,2,"original_csv","2023/2024",2024-01-13,2024-02-02,20,81,101,297,"ERA5C09","ERA5C09__2023/2024","MEU014",FALSE
"T015","EPR Consultoria & Pesquisa Agronômica","2023/2024","Olimpo","Sinop","MT",2023-10-27,2024-02-26,31.7,21.1,-11.847778,-55.596667,35,"original_csv","2023/2024",2024-02-06,2024-02-26,20,102,122,300,"ERA5C05","ERA5C05__2023/2024","MEU015",FALSE
"T016","Proteplan","2023/2024","Olimpo","Sorriso","MT",2023-10-11,2024-02-25,17.7,17,-12.474003,-55.672839,33,"original_csv","2023/2024",2024-02-05,2024-02-25,20,117,137,284,"ERA5C07","ERA5C07__2023/2024","MEU016",FALSE
"T017","Fitolab Pesquisa e Desenvolvimento Agrícola","2023/2024","Olimpo","Sorriso","MT",2023-10-13,2024-02-01,18.8,11.8,-12.750614,-55.835186,24,"original_csv","2023/2024",2024-01-12,2024-02-01,20,91,111,286,"ERA5C08","ERA5C08__2023/2024","MEU017",FALSE
"T018","Xingu Pesquisa e Consultoria Agronômica","2024/2025","Desafio RR","Confresa","MT",2024-10-28,2025-02-03,3.6,14.2,-10.728333,-51.598056,28,"original_csv","2024/2025",2025-01-14,2025-02-03,20,78,98,302,"ERA5C01","ERA5C01__2024/2025","MEU018",FALSE
"T019","Fundação Rio Verde","2024/2025","Desafio RR","Lucas Do Rio Verde","MT",2024-10-23,2025-02-18,17.9,4.8,-13.002051,-55.96748,10,"original_csv","2024/2025",2025-01-29,2025-02-18,20,98,118,297,"ERA5C10","ERA5C10__2024/2025","MEU019",FALSE
"T020","Assist consultoria","2024/2025","Desafio RR","Planalto Da Serra","MT",2024-11-19,2025-03-14,4,9.1,-14.543222,-54.716667,19,"original_csv","2024/2025",2025-02-22,2025-03-14,20,95,115,324,"ERA5C03","ERA5C03__2024/2025","MEU020",FALSE
"T021","IMAmt","2024/2025","Desafio RR","Sapezal","MT",2024-10-30,2025-02-13,26.7,10.5,-13.302678,-58.762936,20,"original_csv","2024/2025",2025-01-24,2025-02-13,20,86,106,304,"ERA5C13","ERA5C13__2024/2025","MEU021",FALSE
"T022","EPR Consultoria & Pesquisa Agronômica","2024/2025","Desafio RR","Sinop","MT",2024-10-24,2025-02-16,26.7,3,-11.849647,-55.598429,5,"original_csv","2024/2025",2025-01-27,2025-02-16,20,95,115,298,"ERA5C05","ERA5C05__2024/2025","MEU022",FALSE
"T023","UFMT/Campus Sinop","2024/2025","Desafio RR","Sinop","MT",2024-10-26,2025-02-19,26.6,4.2,-11.974754,-55.477288,9,"original_csv","2024/2025",2025-01-30,2025-02-19,20,96,116,300,"ERA5C06","ERA5C06__2024/2025","MEU023",FALSE
"T024","Fitolab Pesquisa e Desenvolvimento Agrícola","2024/2025","Desafio RR","Sorriso","MT",2024-10-21,2025-02-20,15.8,4.1,-12.751506,-55.834697,8,"original_csv","2024/2025",2025-01-31,2025-02-20,20,102,122,295,"ERA5C08","ERA5C08__2024/2025","MEU024",FALSE
"T025","Proteplan","2024/2025","Desafio RR","Sorriso","MT",2024-10-21,2025-02-23,7.9,10.9,-15.475278,-54.915278,22,"original_csv","2024/2025",2025-02-03,2025-02-23,20,105,125,295,"ERA5C04","ERA5C04__2024/2025","MEU025",FALSE
"T026","Centro de Pesquisa Celeiro do Norte - CPCEN","2024/2025","Desafio RR","Sorriso","MT",2024-10-24,2025-02-11,20.1,5.3,-12.440621,-55.88768,12,"original_csv","2024/2025",2025-01-22,2025-02-11,20,90,110,298,"ERA5C09","ERA5C09__2024/2025","MEU026",FALSE
"T027","Fundação Mato Grosso","2024/2025","Desafio RR","Sorriso","MT",2024-10-30,2025-02-20,10.1,5.2,-12.543972,-55.710778,11,"original_csv","2024/2025",2025-01-31,2025-02-20,20,93,113,304,"ERA5C07","ERA5C07__2024/2025","MEU027",FALSE
"T028","Solo Fértil Consultoria Agrícola e Pecuária","2024/2025","Desafio RR","são Miguel Do guaporé","RO",2024-11-04,2025-03-06,18.9,18.6,-11.687317,-62.663606,41,"original_csv","2024/2025",2025-02-14,2025-03-06,20,102,122,309,"ERA5C15","ERA5C15__2024/2025","MEU028",FALSE
"T029","Agrodinamica","2025/2026","Desafio RR","Campo Novo Do Parecis","MT",2025-11-03,2026-02-23,30.5,16.5,-11.886833,-58.235361,32,"original_csv","2025/2026",2026-02-03,2026-02-23,20,92,112,307,"ERA5C12","ERA5C12__2025/2026","MEU029",FALSE
"T030","Meta","2025/2026","Desafio RR","Canarana","MT",2025-10-21,2026-01-22,0.9,8.32,-13.543167,-52.202722,18,"original_csv","2025/2026",2026-01-02,2026-01-22,20,73,93,294,"ERA5C02","ERA5C02__2025/2026","MEU030",FALSE
"T031","Xingu Pesquisa e Consultoria Agronômica","2025/2026","Desafio RR","Confresa","MT",2025-11-05,2026-03-10,9.63,14.2,-10.728998,-51.599439,27,"original_csv","2025/2026",2026-02-18,2026-03-10,20,105,125,309,"ERA5C01","ERA5C01__2025/2026","MEU031",FALSE
"T032","Fundação Rio Verde","2025/2026","Desafio RR","Lucas Do Rio Verde","MT",2025-10-22,2026-02-19,20.7,13.91,-13.00025,-55.9725,26,"original_csv","2025/2026",2026-01-30,2026-02-19,20,100,120,295,"ERA5C10","ERA5C10__2025/2026","MEU032",FALSE
"T033","IMAmt","2025/2026","Desafio RR","Sapezal","MT",2025-10-31,2026-03-01,6.21,2.7,-13.301536,-58.762556,4,"original_csv","2025/2026",2026-02-09,2026-03-01,20,101,121,304,"ERA5C13","ERA5C13__2025/2026","MEU033",FALSE
"T034","UFMT/Campus Sinop","2025/2026","Desafio RR","Sinop","MT",2025-10-19,2026-01-30,5.49,3.32,-11.985028,-55.473028,7,"original_csv","2025/2026",2026-01-10,2026-01-30,20,83,103,292,"ERA5C06","ERA5C06__2025/2026","MEU034",FALSE
"T035","EPR Consultoria & Pesquisa Agronômica","2025/2026","Desafio RR","Sinop","MT",2025-10-29,2026-02-26,59.57,17.68,-11.847778,-55.596667,34,"original_csv","2025/2026",2026-02-06,2026-02-26,20,100,120,302,"ERA5C05","ERA5C05__2025/2026","MEU035",FALSE
"T037","Fitolab Pesquisa e Desenvolvimento Agrícola","2025/2026","Desafio RR","Sorriso","MT",2025-10-16,2026-02-06,33.59,16.02,-12.751111,-55.834167,31,"original_csv","2025/2026",2026-01-17,2026-02-06,20,93,113,289,"ERA5C08","ERA5C08__2025/2026","MEU036",FALSE
"T038","Fundação Mato Grosso","2025/2026","Desafio RR","Sorriso","MT",2025-11-06,2026-02-24,29.54,6.3,-12.543972,-55.710778,15,"original_csv","2025/2026",2026-02-04,2026-02-24,20,90,110,310,"ERA5C07","ERA5C07__2025/2026","MEU037",FALSE
"T039","Centro de Pesquisa Celeiro do Norte - CPCEN","2025/2026","Desafio RR","Sorriso","MT",2025-11-08,2026-02-15,12.86,6.28,-12.440806,-55.88775,14,"original_csv","2025/2026",2026-01-26,2026-02-15,20,79,99,312,"ERA5C09","ERA5C09__2025/2026","MEU038",FALSE
"T040","AgroFarm","2025/2026","Desafio RR","Cerejeiras","RO",2025-11-15,2026-03-12,2.7,2.48,-13.222225,-60.841394,3,"original_csv","2025/2026",2026-02-20,2026-03-12,20,97,117,319,"ERA5C14","ERA5C14__2025/2026","MEU039",FALSE
"V001","COACEN","2022/2023","Desafio RR","Sorriso","MT",2022-10-12,2023-02-08,,12.875,-12.440805555072,-55.88775,1,"later_validation_xlsx","2022/2023",2023-01-19,2023-02-08,20,99,119,285,"ERA5C09","ERA5C09__2022/2023","MEU040",FALSE
"V002","COACEN","2022/2023","Desafio RR","Sorriso","MT",2022-10-25,2023-02-21,,4.95,-12.440805555072,-55.88775,2,"later_validation_xlsx","2022/2023",2023-02-01,2023-02-21,20,99,119,298,"ERA5C09","ERA5C09__2022/2023","MEU041",FALSE
"V003","COACEN","2022/2023","Desafio RR","Sorriso","MT",2022-11-07,2023-03-05,,2.125,-12.440805555072,-55.88775,3,"later_validation_xlsx","2022/2023",2023-02-13,2023-03-05,20,98,118,311,"ERA5C09","ERA5C09__2022/2023","MEU042",FALSE
"V004","FITOLAB","2022/2023","Desafio RR","Sorriso","MT",2022-10-15,2023-02-16,,4.5,-12.566666666178,-55.7,4,"later_validation_xlsx","2022/2023",2023-01-27,2023-02-16,20,104,124,288,"ERA5C07","ERA5C07__2022/2023","MEU043",FALSE
"V005","FITOLAB","2022/2023","Desafio RR","Sorriso","MT",2022-10-27,2023-02-28,,3.75,-12.566666666178,-55.7,5,"later_validation_xlsx","2022/2023",2023-02-08,2023-02-28,20,104,124,300,"ERA5C07","ERA5C07__2022/2023","MEU044",FALSE
"V006","FITOLAB","2022/2023","Desafio RR","Sorriso","MT",2022-11-10,2023-03-13,,3.5,-12.566666666178,-55.7,6,"later_validation_xlsx","2022/2023",2023-02-21,2023-03-13,20,103,123,314,"ERA5C07","ERA5C07__2022/2023","MEU045",FALSE
"V007","FMT","2022/2023","Desafio RR","Sorriso","MT",2022-10-20,2023-02-15,,2.738751477,-12.440805555072,-55.88775,7,"later_validation_xlsx","2022/2023",2023-01-26,2023-02-15,20,98,118,293,"ERA5C09","ERA5C09__2022/2023","MEU046",FALSE
"V008","FMT","2022/2023","Desafio RR","Sorriso","MT",2022-11-01,2023-02-26,,0.857067772066667,-12.440805555072,-55.88775,8,"later_validation_xlsx","2022/2023",2023-02-06,2023-02-26,20,97,117,305,"ERA5C09","ERA5C09__2022/2023","MEU047",FALSE
"V009","FMT","2022/2023","Desafio RR","Sorriso","MT",2022-11-11,2023-03-09,,0.506749024033333,-12.440805555072,-55.88775,9,"later_validation_xlsx","2022/2023",2023-02-17,2023-03-09,20,98,118,315,"ERA5C09","ERA5C09__2022/2023","MEU048",FALSE
"V010","FMT2","2022/2023","Desafio RR","Nova Mutum","MT",2022-10-17,2023-02-11,,15.06865644025,-13.821944443911,-56.082777777778,10,"later_validation_xlsx","2022/2023",2023-01-22,2023-02-11,20,97,117,290,"ERA5C11","ERA5C11__2022/2023","MEU049",FALSE
"V011","FMT2","2022/2023","Desafio RR","Nova Mutum","MT",2022-11-01,2023-02-25,,7.9162140055,-13.821944443911,-56.082777777778,11,"later_validation_xlsx","2022/2023",2023-02-05,2023-02-25,20,96,116,305,"ERA5C11","ERA5C11__2022/2023","MEU050",FALSE
"V012","FMT2","2022/2023","Desafio RR","Nova Mutum","MT",2022-11-17,2023-03-13,,3.80030643225,-13.821944443911,-56.082777777778,12,"later_validation_xlsx","2022/2023",2023-02-21,2023-03-13,20,96,116,321,"ERA5C11","ERA5C11__2022/2023","MEU051",FALSE
"V013","FRV","2022/2023","Desafio RR","Lucas Do Rio Verde","MT",2022-10-14,2023-02-03,,3.0193429781792,-13.005,-55.965,13,"later_validation_xlsx","2022/2023",2023-01-14,2023-02-03,20,92,112,287,"ERA5C10","ERA5C10__2022/2023","MEU001",FALSE
"V014","FRV","2022/2023","Desafio RR","Lucas Do Rio Verde","MT",2022-10-28,2023-02-17,,0.46,-13.005,-55.965,14,"later_validation_xlsx","2022/2023",2023-01-28,2023-02-17,20,92,112,301,"ERA5C10","ERA5C10__2022/2023","MEU052",FALSE
"V015","FRV","2022/2023","Desafio RR","Lucas Do Rio Verde","MT",2022-11-11,2023-03-03,,0.207983361331094,-13.005,-55.965,15,"later_validation_xlsx","2022/2023",2023-02-11,2023-03-03,20,92,112,315,"ERA5C10","ERA5C10__2022/2023","MEU053",FALSE
"V016","FMT","2023/2024","Olimpo","Sorriso","MT",2023-10-22,2024-02-14,,3,-12.440805555072,-55.88775,16,"later_validation_xlsx","2023/2024",2024-01-25,2024-02-14,20,95,115,295,"ERA5C09","ERA5C09__2023/2024","MEU054",FALSE
"V017","FMT","2023/2024","Olimpo","Sorriso","MT",2023-10-27,2024-02-16,,3.4,-12.440805555072,-55.88775,17,"later_validation_xlsx","2023/2024",2024-01-27,2024-02-16,20,92,112,300,"ERA5C09","ERA5C09__2023/2024","MEU055",FALSE
"V018","FMT","2023/2024","Olimpo","Sorriso","MT",2023-11-22,2024-03-12,,19.9,-12.440805555072,-55.88775,18,"later_validation_xlsx","2023/2024",2024-02-21,2024-03-12,20,91,111,326,"ERA5C09","ERA5C09__2023/2024","MEU056",FALSE
"V019","FRV","2023/2024","Olimpo","Lucas Do Rio Verde","MT",2023-09-28,2024-01-30,,0.454863540937719,-13.005,-55.965,19,"later_validation_xlsx","2023/2024",2024-01-10,2024-01-30,20,104,124,271,"ERA5C10","ERA5C10__2023/2024","MEU057",FALSE
"V020","FRV","2023/2024","Olimpo","Lucas Do Rio Verde","MT",2023-10-13,2024-02-14,,0.614877024595081,-13.005,-55.965,20,"later_validation_xlsx","2023/2024",2024-01-25,2024-02-14,20,104,124,286,"ERA5C10","ERA5C10__2023/2024","MEU058",FALSE
"V021","FRV","2023/2024","Olimpo","Lucas Do Rio Verde","MT",2023-10-27,2024-02-27,,2.72972702729727,-13.005,-55.965,21,"later_validation_xlsx","2023/2024",2024-02-07,2024-02-27,20,103,123,300,"ERA5C10","ERA5C10__2023/2024","MEU059",FALSE
"V022","FRV","2024/2025","Desafio RR","Lucas Do Rio Verde","MT",2024-10-11,2025-02-04,,0.258964143426295,-13.005,-55.965,22,"later_validation_xlsx","2024/2025",2025-01-15,2025-02-04,20,96,116,285,"ERA5C10","ERA5C10__2024/2025","MEU060",FALSE
"V023","FRV","2024/2025","Olimpo","Lucas Do Rio Verde","MT",2024-10-11,2025-02-09,,0,-13.005,-55.965,23,"later_validation_xlsx","2024/2025",2025-01-20,2025-02-09,20,101,121,285,"ERA5C10","ERA5C10__2024/2025","MEU061",FALSE
"V024","FRV","2024/2025","Desafio RR","Lucas Do Rio Verde","MT",2024-10-20,2025-02-13,,4.04191616766467,-13.005,-55.965,24,"later_validation_xlsx","2024/2025",2025-01-24,2025-02-13,20,96,116,294,"ERA5C10","ERA5C10__2024/2025","MEU062",FALSE
"V025","FRV","2024/2025","Olimpo","Lucas Do Rio Verde","MT",2024-10-20,2025-02-18,,1.71656686626747,-13.005,-55.965,25,"later_validation_xlsx","2024/2025",2025-01-29,2025-02-18,20,101,121,294,"ERA5C10","ERA5C10__2024/2025","MEU019",FALSE
"V026","FRV","2024/2025","Desafio RR","Lucas Do Rio Verde","MT",2024-11-12,2025-03-07,,2.68,-13.005,-55.965,26,"later_validation_xlsx","2024/2025",2025-02-15,2025-03-07,20,95,115,317,"ERA5C10","ERA5C10__2024/2025","MEU063",FALSE
"V027","FRV","2024/2025","Olimpo","Lucas Do Rio Verde","MT",2024-11-12,2025-03-12,,1.61,-13.005,-55.965,27,"later_validation_xlsx","2024/2025",2025-02-20,2025-03-12,20,100,120,317,"ERA5C10","ERA5C10__2024/2025","MEU064",FALSE
"V028","FRV","2025/2026","Olimpo","Lucas Do Rio Verde","MT",2025-10-08,2026-02-14,,13.967953821656,-13.005,-55.965,28,"later_validation_xlsx","2025/2026",2026-01-25,2026-02-14,20,109,129,281,"ERA5C10","ERA5C10__2025/2026","MEU065",FALSE
"V029","FRV","2025/2026","Desafio RR","Lucas Do Rio Verde","MT",2025-10-08,2026-02-07,,24.5322452229299,-13.005,-55.965,29,"later_validation_xlsx","2025/2026",2026-01-18,2026-02-07,20,102,122,281,"ERA5C10","ERA5C10__2025/2026","MEU066",FALSE
"V030","FRV","2025/2026","Olimpo","Lucas Do Rio Verde","MT",2025-10-22,2026-02-26,,6.84630738522954,-13.005,-55.965,30,"later_validation_xlsx","2025/2026",2026-02-06,2026-02-26,20,107,127,295,"ERA5C10","ERA5C10__2025/2026","MEU067",FALSE
"V031","FRV","2025/2026","Desafio RR","Lucas Do Rio Verde","MT",2025-10-22,2026-02-19,,13.3433133732535,-13.005,-55.965,31,"later_validation_xlsx","2025/2026",2026-01-30,2026-02-19,20,100,120,295,"ERA5C10","ERA5C10__2025/2026","MEU068",FALSE
"V032","FRV","2025/2026","Olimpo","Lucas Do Rio Verde","MT",2025-11-05,2026-03-14,,4.84,-13.005,-55.965,32,"later_validation_xlsx","2025/2026",2026-02-22,2026-03-14,20,109,129,309,"ERA5C10","ERA5C10__2025/2026","MEU069",FALSE
"V033","FRV","2025/2026","Desafio RR","Lucas Do Rio Verde","MT",2025-11-05,2026-03-07,,6.32,-13.005,-55.965,33,"later_validation_xlsx","2025/2026",2026-02-15,2026-03-07,20,102,122,309,"ERA5C10","ERA5C10__2025/2026","MEU070",FALSE
