"process","interval","primary_estimate","primary_conf_low","primary_conf_high","refund_estimate","refund_conf_low","refund_conf_high","direction_agrees"
"LogRain","-10:-1",-1.0624495533322,-6.02673851544976,6.42182446792933,-0.472690512717059,-5.4545354709521,6.58599010649466,TRUE
"LogRain","-20:-11",1.37496609443523,-2.52078220111809,8.10555599112701,1.90569079983912,-1.87043946436213,6.81004135339251,TRUE
"LogRain","-30:-21",3.32990179945145,-0.539782700647123,9.12309595093526,3.53428166566718,0.41973094199674,7.2569999986798,TRUE
"LogRain","-40:-31",4.59338986716571,1.22929758780416,8.46443470893972,4.37991152192953,1.55967822053448,7.16701465448265,TRUE
"LogRain","-50:-41",4.95646260302725,2.62023594073366,7.09877393674999,4.40940980578855,1.67676464139855,6.70794331276193,TRUE
"LogRain","-60:-51",4.21015231248532,1.48908897076791,5.89609896169149,3.58960595440666,1.06532602184639,5.55066569933177,TRUE
"LogRain","-70:-61",2.14549130098915,-1.60560739489929,3.95045041596251,1.88732940494623,-0.958096346510795,3.79230867777842,TRUE
"LogRain","-80:-71",-1.44648812601201,-5.40744475963232,1.70421664502182,-0.730590405430325,-5.1292797681188,2.17715981439432,TRUE
"RH","-10:-1",0.0479395996981497,-0.729623497641791,0.838081208825987,0.229040091260868,-0.583875844840282,0.743063469639045,TRUE
"RH","-20:-11",0.145048757267697,-0.283069001455395,0.71211384265155,0.263410513573241,-0.208705110028499,0.607827232516554,TRUE
"RH","-30:-21",0.250688316590421,-0.175804027762977,0.811318171481999,0.276004585091126,0.0411338145281985,0.514067483747124,TRUE
"RH","-40:-31",0.334940721775077,-0.0341820545058425,0.645668706540869,0.26627860930681,0.118801826150732,0.509698854183375,TRUE
"RH","-50:-41",0.367888416930415,0.0615284034876318,0.605999945779034,0.233688889712582,0.084895225959664,0.533106277337711,TRUE
"RH","-60:-51",0.31961384616519,-0.145193196599269,0.651538300376982,0.177691729800727,-0.0118994691550419,0.487709370410934,TRUE
"RH","-70:-61",0.160199453588153,-0.216744157204882,0.438555395306523,0.0977434330635344,-0.154348544024406,0.312328883731516,TRUE
"RH","-80:-71",-0.140272316691942,-0.582872889732353,0.326972217765146,-0.00669969700670984,-0.45142323433707,0.222266178084536,TRUE
"Tmax","-10:-1",0.401507106766891,-1.3782036624224,2.42861505909215,0.217149121854246,-1.26111149910019,1.96827282635756,TRUE
"Tmax","-20:-11",0.480126130660809,-0.953690405037945,1.68143601553971,-0.0134951262018672,-0.93333266517037,1.32071882839237,FALSE
"Tmax","-30:-21",0.213472195139083,-1.27817036168971,1.46940636077041,-0.145439061822829,-0.867331563065725,1.045065149426,FALSE
"Tmax","-40:-31",-0.17118225935668,-1.30365007277354,0.868576912574778,-0.173796791186609,-1.09167121416079,0.684362201426551,TRUE
"Tmax","-50:-41",-0.446564792384873,-1.45075603637998,0.571528235477853,-0.0936824204711736,-1.24807734665565,0.75939135203552,TRUE
"Tmax","-60:-51",-0.385402963503889,-1.52023348309172,0.99482427609041,0.0997899441455091,-1.12702973165408,0.944536620651203,FALSE
"Tmax","-70:-61",0.239575667727879,-0.78247738537125,1.38343376721362,0.411506196485471,-0.547936383672708,1.31761423901648,TRUE
"Tmax","-80:-71",1.65564354175204,-0.38507255302156,3.02126201667264,0.846352230370745,-0.119862995212463,2.36534112830497,TRUE
"Tmin","-10:-1",0.913720405567597,-3.75749906880974,6.31712466713584,-3.42337058588523,-6.61365978046725,1.67372188421229,FALSE
"Tmin","-20:-11",-4.08941083467897,-6.66386064884494,-1.95258887122184,-2.29921987635225,-5.45328287559819,-0.318076617116895,TRUE
"Tmin","-30:-21",-4.44817263134537,-7.1726268313876,-1.83414692297287,-1.17506733271626,-5.24563107503707,0.0875577546964086,TRUE
"Tmin","-40:-31",-1.92139394400809,-4.53174157797329,0.750535326480837,-0.0509138929694837,-3.53356251135492,0.987125916971134,TRUE
"Tmin","-50:-41",1.73209626775637,-1.15955210906433,4.56406392675118,1.07323950489583,-0.924043449862897,3.68058245755802,TRUE
"Tmin","-60:-51",4.75346904437154,1.60257569844107,8.13742908610605,2.19739192288744,0.819842188493883,6.8111356628651,TRUE
"Tmin","-70:-61",5.38389542626092,2.59291352719705,8.30221196405827,3.32154242301312,1.4091935847193,6.9838707040845,TRUE
"Tmin","-80:-71",1.86454645384803,-3.94982113054707,8.16937479282105,4.44569006728063,-1.75130303988635,9.28091570344741,TRUE
