"process","process_label","lag_day","beta","model_se","pointwise_conf_low","pointwise_conf_high","conf_low","conf_high","beta_per_process_sd","conf_low_per_process_sd","conf_high_per_process_sd","bootstrap_reps"
"Tmin","Minimum temperature",-80,-0.12652645934863,0.39017386720047,-1.05761277856293,0.72690962791058,-1.40290641797997,1.14985349928271,-0.10401395693788,-1.15329116533303,0.945263251457275,999
"Tmin","Minimum temperature",-79,-0.0403980377230522,0.352263972209315,-0.879274980482409,0.74335487388637,-1.19098661229006,1.11019053684395,-0.0332101267808527,-0.979077663613375,0.912657410051669,999
"Tmin","Minimum temperature",-78,0.0392061894527929,0.317841524319967,-0.716760380116574,0.766987170910797,-0.996291904743925,1.07470428364951,0.0322303407716855,-0.819024446041412,0.883485127584783,999
"Tmin","Minimum temperature",-77,0.112462105074867,0.286964967838958,-0.567506246739299,0.78911987110237,-0.818740973502707,1.04366518365244,0.0924520342592453,-0.673064660147787,0.857968728666278,999
"Tmin","Minimum temperature",-76,0.179545592039126,0.259701874514188,-0.427727369762184,0.786616206114579,-0.658294563354029,1.01738574743228,0.147599542221332,-0.54116603529132,0.836365119733984,999
"Tmin","Minimum temperature",-75,0.240632533241527,0.236116505212117,-0.295272251139895,0.775804166387119,-0.514937562572436,0.996202629055489,0.197817453197453,-0.423316148534003,0.81895105492891,999
"Tmin","Minimum temperature",-74,0.295898811578028,0.216248248659911,-0.173809033066871,0.785353512114833,-0.388640331932848,0.980437955088905,0.243250355727117,-0.319490634275971,0.805991345730205,999
"Tmin","Minimum temperature",-73,0.345520309944587,0.20008063565532,-0.0757729189007347,0.787343166304277,-0.279291928202721,0.970332548091896,0.28404283834983,-0.229598289106711,0.79768396580637,999
"Tmin","Minimum temperature",-72,0.389672911237161,0.187505588546346,0.00490739832449468,0.799859569305161,-0.186604653827144,0.965950476301467,0.320339489605098,-0.153402604700285,0.794081583910482,999
"Tmin","Minimum temperature",-71,0.428532498351708,0.178294141769544,0.0741622122545674,0.811913141462359,-0.110005329582169,0.967070326285586,0.352284898032431,-0.0904323860242512,0.795002182089113,999
"Tmin","Minimum temperature",-70,0.462274954184186,0.172088141971866,0.129557459466628,0.831559351310095,-0.0485494930272684,0.97309940139564,0.380023652171335,-0.0399112162237935,0.799958520566463,999
"Tmin","Minimum temperature",-69,0.491076161630552,0.168421776798546,0.166433207537004,0.862811191548946,-0.000904021726696513,0.983056344987801,0.403700340561317,-0.000743171645168913,0.808143852767803,999
"Tmin","Minimum temperature",-68,0.515112003586765,0.166768228844957,0.207159532558018,0.871699910144205,0.0345764013136542,0.995647605859875,0.423459551741886,0.0284243180107942,0.818494785472977,999
"Tmin","Minimum temperature",-67,0.53455836294878,0.166595044799827,0.239080566169031,0.890493035363327,0.0596978045354442,1.00941892136212,0.439445874252546,0.0490759395481566,0.829815808956936,999
"Tmin","Minimum temperature",-66,0.549591122612557,0.167410749653542,0.247775351414761,0.89903155810259,0.0762546672070383,1.02292757801808,0.451803896632808,0.0626868855100949,0.840920907755521,999
"Tmin","Minimum temperature",-65,0.560386165474053,0.168793421365416,0.256153419866744,0.912113435706041,0.0858908334358642,1.03488149751224,0.460678207422177,0.0706085153757472,0.850747899468606,999
"Tmin","Minimum temperature",-64,0.567119374429225,0.17040136212067,0.266691662831154,0.924477204115529,0.0900192699583798,1.04421947890007,0.46621339516016,0.0740023906243266,0.858424399695994,999
"Tmin","Minimum temperature",-63,0.569966632374031,0.171971140421375,0.264854736516633,0.932963846018711,0.0897968976175724,1.05013636713049,0.468554048386266,0.0738195843781075,0.863288512394424,999
"Tmin","Minimum temperature",-62,0.56910382220443,0.173308947284557,0.25865107795902,0.925125540340552,0.0861363141853546,1.05207133022351,0.467844755640002,0.0708103184155067,0.864879192864497,999
"Tmin","Minimum temperature",-61,0.564706826816378,0.174279666683874,0.252824076639782,0.927561654008634,0.0797357046368904,1.04967794899586,0.464230105460874,0.065548551593156,0.862911659328592,999
"Tmin","Minimum temperature",-60,0.556951529105833,0.174796192204776,0.241697074861501,0.92655071574098,0.0711138347951799,1.04278922341649,0.457854686388391,0.0584607471682439,0.857248625608538,999
"Tmin","Minimum temperature",-59,0.546013811968753,0.174810129665484,0.227900727326838,0.909672903088216,0.0606429953378982,1.03138462859961,0.448863086962059,0.0498529551694793,0.847873218754638,999
"Tmin","Minimum temperature",-58,0.532069558301096,0.174304205092,0.220571210346155,0.888893176633829,0.0485769605187821,1.01556215608341,0.437399895721386,0.0399337965006321,0.834865994942139,999
"Tmin","Minimum temperature",-57,0.515294650998818,0.173286293633679,0.205316998591194,0.861729996815404,0.035073391605894,0.995515910391742,0.423609701205879,0.0288328801970887,0.818386522214669,999
"Tmin","Minimum temperature",-56,0.495864972957877,0.171784824412052,0.188749122585422,0.823020981963514,0.0202112331455689,0.971518712770186,0.407637091955044,0.0166151044207451,0.798659079489343,999
"Tmin","Minimum temperature",-55,0.473956407074234,0.16984527646287,0.168909280539722,0.804523148910081,0.00400408144957859,0.943908732698889,0.389626656508391,0.00329164632928409,0.775961666687498,999
"Tmin","Minimum temperature",-54,0.449744836243842,0.167527490441811,0.149721187184526,0.776263398038638,-0.0135893787647241,0.913079051252407,0.369722983405426,-0.0111714582461511,0.750617425057002,999
"Tmin","Minimum temperature",-53,0.423406143362661,0.164903542837199,0.120791155017605,0.7518767584831,-0.0326567667182648,0.879469053443588,0.348070661185656,-0.0268462386812278,0.722987561052539,999
"Tmin","Minimum temperature",-52,0.39511621132665,0.162055947535136,0.0913366703707116,0.719931146277403,-0.0533241335326325,0.843556556185933,0.324814278388589,-0.043836318170655,0.693464874947833,999
"Tmin","Minimum temperature",-51,0.365050923031763,0.159075958639388,0.0584462746591255,0.689299054307595,-0.0757477374276329,0.805849583491159,0.300098423553731,-0.062270152342052,0.662466999449514,999
"Tmin","Minimum temperature",-50,0.333386161373961,0.156061750698672,0.029118463631592,0.657574226052815,-0.100104409606439,0.76687673235436,0.274067685220591,-0.0822931093124653,0.630428479753647,999
"Tmin","Minimum temperature",-49,0.300297809249199,0.153116256234497,0.00314281855062197,0.606502654127513,-0.126579586640563,0.727175205138962,0.246866651928675,-0.104057631437932,0.597790935295282,999
"Tmin","Minimum temperature",-48,0.265961749553436,0.150344459853589,-0.0247119262562735,0.562552763889933,-0.155352417888332,0.687275916995205,0.21863991221749,-0.127710992527726,0.564990816962707,999
"Tmin","Minimum temperature",-47,0.230553865182631,0.147850002025634,-0.0662451826763464,0.51960634677592,-0.18657797555231,0.647685705917572,0.189532054626546,-0.153380673216988,0.53244478247008,999
"Tmin","Minimum temperature",-46,0.19425003903274,0.145731052329475,-0.1022367414692,0.486600787061156,-0.220367500619003,0.608867578684482,0.159687667695347,-0.181158121691654,0.500533457082348,999
"Tmin","Minimum temperature",-45,0.15722615399972,0.144075579706741,-0.140621504166908,0.445052440714286,-0.256768643809645,0.571220951809085,0.129251339963402,-0.211082510312128,0.469585190238932,999
"Tmin","Minimum temperature",-44,0.11965809297953,0.142956359597365,-0.18888332168874,0.396794122320591,-0.29574845181104,0.5350646377701,0.098367659970218,-0.243126749056945,0.439862068997381,999
"Tmin","Minimum temperature",-43,0.0817217388681271,0.142426263602443,-0.225681710058048,0.351295308401472,-0.337181976956951,0.500625454693205,0.0671812162553023,-0.277188121851994,0.411550554362599,999
"Tmin","Minimum temperature",-42,0.0435929745614692,0.142514497047469,-0.28226018065361,0.31149695530874,-0.380848601229616,0.468034550352554,0.0358365973581624,-0.313085264632263,0.384758459348587,999
"Tmin","Minimum temperature",-41,0.00544768295551362,0.143224407432729,-0.316091449757992,0.273443995104433,-0.42643661894787,0.437331984858897,0.00447839181830509,-0.350561932644953,0.359518716281563,999
"Tmin","Minimum temperature",-40,-0.0325382530537818,0.14453325667638,-0.365909564678366,0.244306409775343,-0.473554876301317,0.408478370193754,-0.0267488118247619,-0.389296568993587,0.335798945344063,999
"Tmin","Minimum temperature",-39,-0.0701889505704596,0.146393988168449,-0.412244472744025,0.210278601416401,-0.521748986387648,0.381371085246729,-0.0577004250315317,-0.428915634578649,0.313514784515586,999
"Tmin","Minimum temperature",-38,-0.107328526698561,0.148738647368504,-0.467904221510942,0.179303461182659,-0.570519221994394,0.355862168597272,-0.0882318592624955,-0.46900831726625,0.292544598741259,999
"Tmin","Minimum temperature",-37,-0.14378109854213,0.151482858500156,-0.512896964382384,0.149501151508006,-0.619337593411739,0.331775396327478,-0.118198525978149,-0.509140571093016,0.272743519136719,999
"Tmin","Minimum temperature",-36,-0.179370783205209,0.154530687484133,-0.553732056364123,0.115782617211113,-0.667662491399112,0.308920924988695,-0.147455836638982,-0.548867153850194,0.25395548057223,999
"Tmin","Minimum temperature",-35,-0.213921697791839,0.157779318055491,-0.609504378082433,0.0913661790099846,-0.714950210313663,0.287106814729985,-0.175859202705488,-0.587741099933804,0.236022694522827,999
"Tmin","Minimum temperature",-34,-0.247257959406063,0.16112316289021,-0.655669893496932,0.0616638295546552,-0.760663395497436,0.26614747668531,-0.203264035638161,-0.62532066471161,0.218792593435288,999
"Tmin","Minimum temperature",-33,-0.279203685151922,0.164457243554829,-0.700780045113116,0.0319674609092179,-0.804276895829315,0.245869525525471,-0.229525746897491,-0.661174135746713,0.20212264195173,999
"Tmin","Minimum temperature",-32,-0.309582992133462,0.16767984622917,-0.743260835394491,0.0152835509576828,-0.845281686354873,0.22611570208795,-0.254499747943974,-0.694883057484736,0.185883561596787,999
"Tmin","Minimum temperature",-31,-0.33821999745472,0.170694573242822,-0.778807055037254,-0.0104982403306215,-0.883187546270709,0.206747551361268,-0.2780414502381,-0.726044432751828,0.169961532275627,999
"Tmin","Minimum temperature",-30,-0.364938818219744,0.173411968545183,-0.807315545134333,-0.0260492275934998,-0.917525121045366,0.187647484605878,-0.300006265240364,-0.754272417968116,0.154259887487388,999
"Tmin","Minimum temperature",-29,-0.389563571532573,0.175750915635055,-0.829185198537608,-0.0513685010842932,-0.947847927757572,0.168720784692426,-0.320249604411257,-0.779199971681673,0.138700762859158,999
"Tmin","Minimum temperature",-28,-0.41191837449725,0.177640008118413,-0.839869938984608,-0.072000648523588,-0.973734820120757,0.149898071126257,-0.338626879211272,-0.800480880998044,0.123227122575501,999
"Tmin","Minimum temperature",-27,-0.431827344217816,0.179019091145661,-0.861325731856887,-0.094268451030377,-0.994793439454069,0.131138751018437,-0.354993501100901,-0.817792598529561,0.107805596327759,999
"Tmin","Minimum temperature",-26,-0.449114597798317,0.179841176790792,-0.878487475867619,-0.111042998429579,-1.01066526028816,0.112436064691527,-0.369204881540639,-0.830840390250455,0.0924306271691766,999
"Tmin","Minimum temperature",-25,-0.463604252342792,0.180074953947921,-0.891656507197258,-0.122235577474994,-1.02103301837261,0.0938245136870262,-0.381116431990976,-0.8393634418595,0.0771305778775475,999
"Tmin","Minimum temperature",-24,-0.475120424955285,0.179708145742211,-0.89934592478693,-0.138747030049106,-1.02563161985365,0.0753907699430827,-0.390583563912407,-0.843143826917978,0.0619766990931634,999
"Tmin","Minimum temperature",-23,-0.483487232739837,0.178752012286568,-0.902873701034755,-0.153739695910762,-1.02426412534822,0.0572896598685453,-0.397461688765423,-0.84201964692169,0.0470962693908432,999
"Tmin","Minimum temperature",-22,-0.488528792800492,0.177247342703345,-0.898209434963048,-0.169184784623771,-1.01682514957784,0.0397675639768538,-0.401606218010518,-0.835904267502824,0.0326918314817891,999
"Tmin","Minimum temperature",-21,-0.490069222241291,0.175272298607882,-0.885379527055392,-0.178424726912408,-1.00333507740894,0.0231966329263571,-0.402872563108183,-0.824814446505,0.0190693202886345,999
"Tmin","Minimum temperature",-20,-0.487932638166277,0.172952397236489,-0.865629423684353,-0.179939534122963,-0.983989833969987,0.00812455763743281,-0.401116135518913,-0.808911248641322,0.00667897760349688,999
"Tmin","Minimum temperature",-19,-0.481943157679493,0.170472629027691,-0.852985729746434,-0.186358613977639,-0.95923214568718,-0.0046541696718061,-0.396192346703199,-0.788558627251405,-0.00382606615499249,999
"Tmin","Minimum temperature",-18,-0.471924897884978,0.168090975087248,-0.815042817607948,-0.189100080748849,-0.929849766853967,-0.0140000289159896,-0.387956608121533,-0.764404173689488,-0.011509042553577,999
"Tmin","Minimum temperature",-17,-0.45770197588678,0.166151138076479,-0.779613372136061,-0.196024669108644,-0.89709983055991,-0.0183041212136485,-0.37626433123441,-0.737481342836993,-0.0150473196318267,999
"Tmin","Minimum temperature",-16,-0.439098508788937,0.165089959909455,-0.764518435439889,-0.190403039321449,-0.862837423417642,-0.0153595941602319,-0.360970927502321,-0.70931515088449,-0.0126267041201527,999
"Tmin","Minimum temperature",-15,-0.415938613695491,0.165432277676249,-0.742792363870282,-0.183293627399181,-0.829579418882425,-0.00229780850855721,-0.341931808385759,-0.681974650965543,-0.00188896580597433,999
"Tmin","Minimum temperature",-14,-0.388046407710488,0.167764905420404,-0.692843547700326,-0.15820620560722,-0.800370420320454,0.0242776048994774,-0.319002385345218,-0.657962728603501,0.0199579579130652,999
"Tmin","Minimum temperature",-13,-0.355246007937968,0.172685660234677,-0.675249779060814,-0.105916842511015,-0.778317586269565,0.0678255703936287,-0.292038069841189,-0.639833694224952,0.0557575545425742,999
"Tmin","Minimum temperature",-12,-0.317361531481973,0.180735040658396,-0.659450339896949,-0.0442174961547738,-0.765863626457843,0.131140563493898,-0.260894273334164,-0.629595632982811,0.107807086314482,999
"Tmin","Minimum temperature",-11,-0.274217095446546,0.192332109126272,-0.654946234144492,0.0351409818004934,-0.764197880974227,0.215763690081134,-0.225426407284639,-0.628226268978679,0.177373454409401,999
"Tmin","Minimum temperature",-10,-0.225636816935731,0.207739632068496,-0.636377448875601,0.118446273623801,-0.773212130550001,0.32193849667854,-0.185489883153104,-0.635636638098536,0.264656871792327,999
"Tmin","Minimum temperature",-9,-0.171444813053568,0.227069628264402,-0.627273144383209,0.240326073422551,-0.791947012468156,0.44905738636102,-0.140940112400053,-0.651038074376,0.369157849575894,999
"Tmin","Minimum temperature",-8,-0.111465200904098,0.250319644229776,-0.620031656520159,0.386198745215263,-0.819134565507023,0.596204163698826,-0.0916325064859766,-0.673388221417096,0.490123208445142,999
"Tmin","Minimum temperature",-7,-0.0455220975913671,0.277419352257134,-0.60585887666443,0.537122901086422,-0.853559353039035,0.762515157856301,-0.0374224768713698,-0.701687901866417,0.626842948123678,999
"Tmin","Minimum temperature",-6,0.0265603797805842,0.308270843931497,-0.587762606062913,0.690416145887574,-0.894210542144542,0.94733130170571,0.0218345649832755,-0.73510613750552,0.778775267472071,999
"Tmin","Minimum temperature",-5,0.104958114107714,0.342775824006288,-0.578386509076244,0.855454251767158,-0.940306303329271,1.1502225315447,0.0862832076174669,-0.773000207596237,0.945566622831171,999
"Tmin","Minimum temperature",-4,0.189846988285979,0.380850391912729,-0.569903281593812,1.04157198102231,-0.991264930229276,1.37095890680123,0.156068039570711,-0.814891907176527,1.12702798631795,999
"Tmin","Minimum temperature",-3,0.281402885211337,0.422431048527151,-0.56963569814421,1.24418503837515,-1.04666305616118,1.60946882658385,0.231333649382516,-0.860433198024181,1.32310049678921,999
"Tmin","Minimum temperature",-2,0.379801687779745,0.467475569180836,-0.578937337330164,1.4449745884573,-1.10619716111364,1.86580053667313,0.312224625592388,-0.909374564602684,1.53382381578746,999
"Tmin","Minimum temperature",-1,0.485219278887162,0.515961349062056,-0.556596705817259,1.70527040417072,-1.16965279010177,2.1400913478761,0.398885556739835,-0.961539709308511,1.75931082278818,999
"LogRain","Log rainfall amount",-80,-0.354134256646799,0.301962718718338,-0.920176882220154,0.197646476802158,-1.13458137521744,0.426312861923839,-0.343439067499724,-1.1003159457004,0.413437810700952,999
"LogRain","Log rainfall amount",-79,-0.302854321196838,0.271761216777604,-0.818981361072834,0.201400509834023,-1.01524928947502,0.40954064708134,-0.293707834551125,-0.984587801695823,0.397172132593573,999
"LogRain","Log rainfall amount",-78,-0.253383810550026,0.244166470959085,-0.731921417483404,0.200164500664134,-0.903386530997826,0.396618909897774,-0.245731380067024,-0.87610340421583,0.384640644081783,999
"LogRain","Log rainfall amount",-77,-0.205701827936907,0.219234804189068,-0.640555271722713,0.21102403394005,-0.798949825113071,0.387546169239257,-0.199489438380144,-0.774820785523631,0.375841908763343,999
"LogRain","Log rainfall amount",-76,-0.159787476588026,0.197040358861291,-0.567262636044884,0.22260515310974,-0.701903991743012,0.38232903856696,-0.154961743823214,-0.680705828013073,0.370782340366645,999
"LogRain","Log rainfall amount",-75,-0.115619859733929,0.177670098664956,-0.492879002867465,0.221937371945778,-0.612214819850067,0.380975100382209,-0.112128030728959,-0.593725353852232,0.369469292394315,999
"LogRain","Log rainfall amount",-74,-0.0731780806051592,0.161210961371388,-0.420199463772297,0.235806455047359,-0.529837143680313,0.383480982469995,-0.0709680334301052,-0.513835561335629,0.371899494475419,999
"LogRain","Log rainfall amount",-73,-0.0324412424322632,0.147725929959833,-0.359119694286689,0.254064562869281,-0.454697371791063,0.389814886926537,-0.0314614862593797,-0.440965081551675,0.378042109032916,999
"LogRain","Log rainfall amount",-72,0.00661155155421485,0.137218865502564,-0.29502637784567,0.271033381808441,-0.386671122923586,0.399894226032016,0.00641187645049142,-0.374993289673175,0.387817042574157,999
"LogRain","Log rainfall amount",-71,0.0440011981237301,0.129595325685519,-0.2368943729692,0.292864098139903,-0.3255590556376,0.41356145188506,0.0426723203667821,-0.315726864559683,0.401071505293247,999
"LogRain","Log rainfall amount",-70,0.0797485940457372,0.124635362062808,-0.183156832845249,0.321196324095622,-0.271066803588121,0.430563991679595,0.0773401111567655,-0.262880330007963,0.417560552321494,999
"LogRain","Log rainfall amount",-69,0.113874636089691,0.121995660399484,-0.137804545374025,0.346876868236748,-0.222796487040362,0.450545759219744,0.110435514487716,-0.216067822627144,0.436938851602575,999
"LogRain","Log rainfall amount",-68,0.146400221025048,0.12124581335249,-0.0940725523533232,0.373969616566343,-0.180255633255173,0.47305607530527,0.141978796026906,-0.174811742820104,0.458769334873916,999
"LogRain","Log rainfall amount",-67,0.177346245621262,0.121924658029635,-0.0527608284587718,0.405522383663276,-0.142884117008724,0.497576608251247,0.17199022144161,-0.138568881673992,0.482549324557213,999
"LogRain","Log rainfall amount",-66,0.206733606647788,0.123594014176252,-0.0146308127962395,0.43415220513169,-0.110093290380198,0.523560503675775,0.200490056399102,-0.106768368991375,0.50774848178958,999
"LogRain","Log rainfall amount",-65,0.234583200874082,0.125874262202575,0.0170124588711812,0.469177533557401,-0.081307542258003,0.550473944006167,0.227498566566656,-0.0788519776600814,0.533849110793393,999
"LogRain","Log rainfall amount",-64,0.260915925069598,0.128459117006769,0.0511764908567403,0.49489077595894,-0.055999130082772,0.577830980221968,0.253036017611544,-0.0543079034446659,0.560379938667754,999
"LogRain","Log rainfall amount",-63,0.285752676003792,0.131115205131635,0.0728305866487786,0.521956391590675,-0.0337110970954868,0.605216449103071,0.277122675201041,-0.0326929901119784,0.58693834051406,999
"LogRain","Log rainfall amount",-62,0.309114350446119,0.133673673239796,0.0868712461494213,0.546130172312473,-0.0140676197380856,0.632296320630323,0.29977880500242,-0.0136427643304992,0.61320037433534,999
"LogRain","Log rainfall amount",-61,0.331021845166033,0.136019181810023,0.111817971256689,0.575657215775894,0.00322585669546993,0.658817833636596,0.321024672682955,0.00312843277538354,0.638920912590526,999
"LogRain","Log rainfall amount",-60,0.35149605693299,0.138079225539274,0.131836330772032,0.602964139084701,0.0183892837468812,0.6846028301191,0.34088054390992,0.0178339100029954,0.663927177816844,999
"LogRain","Log rainfall amount",-59,0.370557882516446,0.13981498742302,0.15035390971248,0.6316943283991,0.0315783609381213,0.70953740409477,0.359366684350587,0.0306246646016364,0.688108704099539,999
"LogRain","Log rainfall amount",-58,0.388228218685854,0.141213977924294,0.157134842227028,0.657943689566568,0.0428962980086161,0.733560139363092,0.376503359672232,0.0416007892790863,0.711405930065378,999
"LogRain","Log rainfall amount",-57,0.40452796221067,0.142284284562118,0.162201120374743,0.679082289772674,0.0524055689630889,0.756650355458251,0.392310835542127,0.0508228712660983,0.733798799818156,999
"LogRain","Log rainfall amount",-56,0.419478009860349,0.143050116597953,0.178843555176538,0.70048751991788,0.0601388846847708,0.778817135035928,0.406809377627547,0.0583226335463239,0.755296121708769,999
"LogRain","Log rainfall amount",-55,0.433099258404347,0.14354831862686,0.192591013508131,0.712327870160107,0.0661090200030129,0.800089496805681,0.420019251595764,0.0641124651371977,0.77592603805433,999
"LogRain","Log rainfall amount",-54,0.445412604612118,0.143825564378179,0.199347034312509,0.729475634152323,0.0703173562774564,0.820507852946779,0.431960723114052,0.0681937056799945,0.79572774054811,999
"LogRain","Log rainfall amount",-53,0.456438945253117,0.143935991430625,0.194131234277091,0.748373393769778,0.0727611094390427,0.840116781067192,0.442654057849687,0.0705636551871719,0.814744460512201,999
"LogRain","Log rainfall amount",-52,0.4661991770968,0.14393908575532,0.200702363009065,0.760680828176733,0.0734392613627562,0.858959092830844,0.45211952146994,0.0712213262820515,0.833017716657827,999
"LogRain","Log rainfall amount",-51,0.474714196912621,0.143897669852084,0.200245795659301,0.783312167674395,0.0723572361423407,0.877071157682902,0.460377379642085,0.0701719792456215,0.850582780038548,999
"LogRain","Log rainfall amount",-50,0.482004901470037,0.14387589194175,0.207278692420614,0.805632823808875,0.0695303822704189,0.894479420669654,0.467447898033396,0.0674304990315254,0.867465297035267,999
"LogRain","Log rainfall amount",-49,0.4880921875385,0.143937159236398,0.211595287376485,0.81890506953776,0.0649863444343887,0.911198030642612,0.473351342311147,0.0630236954314825,0.883678989190812,999
"LogRain","Log rainfall amount",-48,0.492996951887467,0.144142007336868,0.212973846086525,0.827639379197237,0.0587664342147244,0.927227469560211,0.478107978142612,0.056991632377204,0.899224323908019,999
"LogRain","Log rainfall amount",-47,0.496740091286394,0.144545948955367,0.215971013834019,0.839140146397959,0.0509261330932081,0.94255404947958,0.481738071195064,0.049388115757302,0.914088026632825,999
"LogRain","Log rainfall amount",-46,0.499342502504734,0.145197393360545,0.202638290692933,0.855540845704456,0.0415348788031094,0.957150126206358,0.484261887135776,0.0402804862198944,0.928243288051658,999
"LogRain","Log rainfall amount",-45,0.500825082311943,0.14613576490409,0.191340234511531,0.875514244628167,0.0306752935597628,0.970974871064124,0.485699691632023,0.0297488707113487,0.941650512552697,999
"LogRain","Log rainfall amount",-44,0.501208727477476,0.147389965368571,0.18410983999451,0.883940764128872,0.0184420088677338,0.983975446087219,0.486071750351078,0.0178850427753821,0.954258457926774,999
"LogRain","Log rainfall amount",-43,0.500514334770789,0.148977313803992,0.182711635993853,0.896420205526612,0.0049402275220079,0.996088442019569,0.485398328960215,0.00479102798317266,0.966005629937257,999
"LogRain","Log rainfall amount",-42,0.498762800961335,0.150903058191577,0.170236009190963,0.901620674636994,-0.00971585815620307,1.00724146007887,0.483699693126707,-0.00942243006006046,0.976821816313474,999
"LogRain","Log rainfall amount",-41,0.495975022818571,0.153160492742563,0.1552062162594,0.904994788025701,-0.0254046984780861,1.01735474411523,0.480996108517828,-0.0246374525809502,0.986629669616606,999
"LogRain","Log rainfall amount",-40,0.492171897111951,0.155731646441521,0.140334611541681,0.908192587959247,-0.0419990021125114,1.02634279633641,0.477307840800852,-0.0407305925668352,0.995346274168539,999
"LogRain","Log rainfall amount",-39,0.487374320610931,0.158588448280706,0.124076263002722,0.912926320640647,-0.0593672934855399,1.0341159347074,0.472655155643052,-0.0575743451303316,1.00288465641644,999
"LogRain","Log rainfall amount",-38,0.481603190084965,0.161694235081242,0.110827117614633,0.916803623414616,-0.07737539176456,1.04058177193449,0.467058318711702,-0.0750385818267504,1.00915521925015,999
"LogRain","Log rainfall amount",-37,0.474879402303509,0.165005454561012,0.0974661420159927,0.917510727631237,-0.0958878093968793,1.0456466140039,0.460537595674076,-0.0929919069555032,1.01406709830366,999
"LogRain","Log rainfall amount",-36,0.467223854036017,0.168473427540223,0.0799900233170245,0.910642753903622,-0.114769082600366,1.0492167906724,0.453113252197447,-0.111302947868668,1.01752945226356,999
"LogRain","Log rainfall amount",-35,0.458657442051945,0.172046061637693,0.0716496317034785,0.901753426493244,-0.133885057597462,1.05119994170135,0.44480555394909,-0.129841602359523,1.0194527102577,999
"LogRain","Log rainfall amount",-34,0.449201063120748,0.175669445327058,0.0605448714556435,0.896957304795385,-0.153104165613835,1.05150629185533,0.435634766596277,-0.14848027515503,1.01974980834758,999
"LogRain","Log rainfall amount",-33,0.438875614011881,0.179289287715396,0.0427651424324941,0.890142492092719,-0.172298727715912,1.05004995573968,0.425621155806282,-0.167095143346044,1.01833745495861,999
"LogRain","Log rainfall amount",-32,0.427701991494799,0.182852200566226,0.0182958805766201,0.88244535001494,-0.191346338447278,1.04675032143688,0.414784987246379,-0.185567498236586,1.01513747272934,999
"LogRain","Log rainfall amount",-31,0.415701092338957,0.186306842614827,-0.000511019801641224,0.871649180195205,-0.210131385933922,1.04153357061184,0.403146526583842,-0.203785219540475,1.01007827270816,999
"LogRain","Log rainfall amount",-30,0.40289381331381,0.189604962159548,-0.0163661700771014,0.859911635572261,-0.228546776628712,1.03433440325633,0.390726039485944,-0.221644448036885,1.00309652700877,999
"LogRain","Log rainfall amount",-29,0.389301051188813,0.192702383663893,-0.0300641162966703,0.8472340160574,-0.246495946101389,1.02509804847901,0.377543791619959,-0.23905153563259,0.994139118872507,999
"LogRain","Log rainfall amount",-28,0.374943702733422,0.195559989562903,-0.0506695798714532,0.832230828680091,-0.26389525416658,1.01378265963342,0.36362004865316,-0.25592536815484,0.983165465461161,999
"LogRain","Log rainfall amount",-27,0.359842664717091,0.198144751406751,-0.074520080362936,0.815456226068695,-0.280676883999311,1.00036221343349,0.348975076252822,-0.272200176910851,0.970150329416495,999
"LogRain","Log rainfall amount",-26,0.344018833909275,0.200430866202627,-0.0952073911290991,0.800964632242948,-0.296792391267497,0.984830059086047,0.333629140086218,-0.287828980633138,0.955087260805574,999
"LogRain","Log rainfall amount",-25,0.32749310707943,0.202401054991774,-0.115070500553302,0.783847995526737,-0.312217080606645,0.967203294765504,0.317602505820621,-0.302787829780548,0.937992841421791,999
"LogRain","Log rainfall amount",-24,0.31028638099701,0.204048081194526,-0.131084952975177,0.766445347651268,-0.326955421429331,0.947528183423351,0.300915439123306,-0.317081058785177,0.918911937031789,999
"LogRain","Log rainfall amount",-23,0.292419552431471,0.205376544967908,-0.142705274395382,0.746425031720679,-0.341047748669271,0.925886853532213,0.283588205661545,-0.33074778442763,0.897924195750721,999
"LogRain","Log rainfall amount",-22,0.273913518152267,0.206405004349648,-0.158577029228559,0.727051305114224,-0.354578516738136,0.902405553042671,0.265641071102613,-0.343869910516552,0.875152052721778,999
"LogRain","Log rainfall amount",-21,0.254789174928855,0.207168460146451,-0.177607000954442,0.70819516517,-0.367686367211655,0.877264717069365,0.247094301113783,-0.356581891521093,0.850770493748659,999
"LogRain","Log rainfall amount",-20,0.235067419530688,0.207721212871723,-0.194239922268352,0.680269172946944,-0.380576197080396,0.850711036141773,0.227968161362329,-0.369082436349112,0.82501875907377,999
"LogRain","Log rainfall amount",-19,0.214769148727223,0.208140047332116,-0.208643175623558,0.652099724464091,-0.393533215265491,0.823071512719937,0.208282917515524,-0.381648140342849,0.798213975373898,999
"LogRain","Log rainfall amount",-18,0.193915259287913,0.208527612174583,-0.230056494524295,0.621551946109271,-0.406938560171709,0.794769078747536,0.188058835240643,-0.39464863116714,0.770766301648426,999
"LogRain","Log rainfall amount",-17,0.172526647982215,0.209015726499789,-0.249811702176772,0.597758103697842,-0.421285303497082,0.766338599461512,0.167316180204959,-0.408562089288867,0.743194449698784,999
"LogRain","Log rainfall amount",-16,0.150624211579582,0.209768158978353,-0.255859661580833,0.56879192302154,-0.437192479420971,0.738440902580135,0.146075218075744,-0.423988853470291,0.71613928962178,999
"LogRain","Log rainfall amount",-15,0.128228846849471,0.210982201790088,-0.288379986365485,0.543158901581274,-0.455413165650293,0.711870859349236,0.124356214520274,-0.441659257760054,0.690371686800603,999
"LogRain","Log rainfall amount",-14,0.105361450561337,0.212888155257063,-0.313816751163279,0.519148504185158,-0.476830941152859,0.687553842275533,0.102179435205822,-0.462430196206306,0.666789066617951,999
"LogRain","Log rainfall amount",-13,0.0820429194846333,0.215745756608947,-0.344041162936393,0.501202621567961,-0.502438175465615,0.666524014434881,0.0795651457996616,-0.487264067848356,0.64639435944768,999
"LogRain","Log rainfall amount",-12,0.0582941503888163,0.21983678164295,-0.383137019803909,0.487407583528618,-0.533291108476635,0.649879409254268,0.0565336119690658,-0.517185213131696,0.630252437069828,999
"LogRain","Log rainfall amount",-11,0.0341360400433411,0.225453658754004,-0.416729553535611,0.462229809147785,-0.570442021546541,0.638714101633223,0.033105099381309,-0.553214133525627,0.619424332288245,999
"LogRain","Log rainfall amount",-10,0.00958948521766251,0.232884955924127,-0.443428634891831,0.455521750522308,-0.614857662053913,0.634036632489238,0.00929987370366465,-0.596288379724488,0.614888127131818,999
"LogRain","Log rainfall amount",-9,-0.0153246173187643,0.24239975855174,-0.495667530862541,0.45137189358547,-0.667341757526229,0.6366925228887,-0.0148617993965936,-0.647187405925041,0.617463807131853,999
"LogRain","Log rainfall amount",-8,-0.0405853707964847,0.254233725568578,-0.552755682195134,0.44608039932963,-0.728481950623469,0.647311209030499,-0.0393596542521925,-0.706481107423712,0.627761798919327,999
"LogRain","Log rainfall amount",-7,-0.0661718784460429,0.268579489945194,-0.615464809383429,0.460089912579676,-0.798634318836083,0.666290561943997,-0.0641734251958577,-0.774514807834308,0.646167957442593,999
"LogRain","Log rainfall amount",-6,-0.0920632434979842,0.285582963171536,-0.677177649075832,0.461368583739492,-0.87794510094617,0.693818613950202,-0.0892828465603159,-0.851430329389538,0.672864636268906,999
"LogRain","Log rainfall amount",-5,-0.118238569182854,0.305345479903678,-0.748247403332666,0.471511423634528,-0.966397394739641,0.729920256373934,-0.114667652678293,-0.937211280338147,0.70787597498156,999
"LogRain","Log rainfall amount",-4,-0.144676958731196,0.327930322002301,-0.834491666384826,0.499570165923208,-1.06386637445159,0.774512456989199,-0.140307577882517,-1.03173660477127,0.751121449006236,999
"LogRain","Log rainfall amount",-3,-0.171357515373556,0.353371514700511,-0.90820360759795,0.519576237514846,-1.17016978258823,0.827454751841121,-0.166182356505712,-1.13482954954363,0.802464836532211,999
"LogRain","Log rainfall amount",-2,-0.198259342340479,0.381682932182195,-0.999678773821916,0.538401186304136,-1.28510682693194,0.888588142250986,-0.192271722880605,-1.2462953865523,0.861751940791093,999
"LogRain","Log rainfall amount",-1,-0.225361542862509,0.412866365175036,-1.09722644038045,0.57989792342902,-1.40848420183423,0.95776111610921,-0.218555411339923,-1.36594664816201,0.928835825482162,999
"Tmax","Maximum temperature",-80,0.256529468726497,0.152436487068702,-0.0478378778707272,0.534320697632835,-0.167930931621319,0.680989869074314,0.566795399136819,-0.371039163212878,1.50462996148652,999
"Tmax","Maximum temperature",-79,0.233493307198713,0.135914256253192,-0.0409959728481523,0.483910419635405,-0.143573531469529,0.610560145866955,0.515897580525416,-0.317222101143925,1.34901726219476,999
"Tmax","Maximum temperature",-78,0.211555052708317,0.1206040904436,-0.0339591595449532,0.434131311108606,-0.121802365885238,0.544912471301872,0.467425559856687,-0.26911925920424,1.20397037891761,999
"Tmax","Maximum temperature",-77,0.190691978011266,0.106521796462126,-0.0195292362477903,0.383807000765888,-0.102720154803721,0.484104110826252,0.421329121857418,-0.226957594503283,1.06961583821812,999
"Tmax","Maximum temperature",-76,0.170881355863515,0.093696784851636,-0.0129591487950759,0.343057229434607,-0.0864811215012888,0.428243833228318,0.377558051254395,-0.191077859485153,0.946193961993944,999
"Tmax","Maximum temperature",-75,0.15210045902102,0.0821758903171725,-0.00632575031152728,0.306018271535635,-0.0733032453600854,0.377504163402124,0.336062132774407,-0.161961674103768,0.834085939652582,999
"Tmax","Maximum temperature",-74,0.134326560239736,0.0720267661063756,-0.00494502713733672,0.267441639832787,-0.0634745603645596,0.332127680844032,0.296791151144239,-0.140245442192149,0.733827744480628,999
"Tmax","Maximum temperature",-73,0.117536932275621,0.0633382881757511,-0.00489270515523289,0.241622819119761,-0.0573393001087363,0.292413164659978,0.25969489109068,-0.126689739205,0.64607952138636,999
"Tmax","Maximum temperature",-72,0.101708847884629,0.0562126382704096,-0.00848837049899903,0.213137972908472,-0.0552398801374269,0.258657575906685,0.224723137340516,-0.122051123663084,0.571497398344116,999
"Tmax","Maximum temperature",-71,0.0868195798227165,0.0507412682548471,-0.0122907055303897,0.190376996418734,-0.0573931492283985,0.231032308873831,0.191825674620534,-0.126808717478426,0.510460066719494,999
"Tmax","Maximum temperature",-70,0.0728464008458392,0.0469604725793499,-0.0158647135326372,0.175525225470475,-0.0637210660010475,0.209413867692726,0.160952287657521,-0.140790090186457,0.462694665501498,999
"Tmax","Maximum temperature",-69,0.0597665837099532,0.0447992459087063,-0.0271789706583604,0.164596002746789,-0.0737324431393936,0.1932656105593,0.132052761178264,-0.162909975785596,0.427015498142124,999
"Tmax","Maximum temperature",-68,0.0475574011710141,0.0440539769162987,-0.0381229261560515,0.154118555571735,-0.0865677433172953,0.181682545659323,0.10507687990955,-0.191269248205604,0.401423008024703,999
"Tmax","Maximum temperature",-67,0.0361961259849778,0.0444178613649941,-0.0473817756926735,0.143573745911013,-0.101197920353731,0.173590172323686,0.0799744285781658,-0.223594255831334,0.383543112987666,999
"Tmax","Maximum temperature",-66,0.0256600309078001,0.0455494926180899,-0.0581403551567627,0.135639257082314,-0.116643294119199,0.167963355934799,0.0566951919108987,-0.25772042009494,0.371110803916737,999
"Tmax","Maximum temperature",-65,0.0159263886954369,0.047136687533358,-0.0727794264700275,0.128926526309735,-0.132102851814942,0.163955629205815,0.0351889546345357,-0.291877923395192,0.362255832664264,999
"Tmax","Maximum temperature",-64,0.00697247210384395,0.0489291149053854,-0.0850550123150663,0.124496599644382,-0.146985181157388,0.160930125365075,0.0154055014758636,-0.3247600551893,0.355571058141028,999
"Tmax","Maximum temperature",-63,-0.00122444611102288,0.0507427764251311,-0.0984771007631099,0.119083038840719,-0.16088424677472,0.158435354552674,-0.00270538283833063,-0.355469690551325,0.350058924874663,999
"Tmax","Maximum temperature",-62,-0.00868709319320778,0.0524504007444897,-0.108823309497978,0.115618676766486,-0.173538626863105,0.15616444047669,-0.0191939135812601,-0.38342922459095,0.34504139742843,999
"Tmax","Maximum temperature",-61,-0.0154381963867546,0.0539684089318551,-0.118378992829686,0.110399172639709,-0.184793322261394,0.153916929487884,-0.034110306026137,-0.408296190566065,0.340075578513791,999
"Tmax","Maximum temperature",-60,-0.021500482935708,0.0552452932801989,-0.127425471921156,0.104681357775418,-0.19456988924589,0.151568923374474,-0.0475047754461756,-0.429897269045175,0.334887718152824,999
"Tmax","Maximum temperature",-59,-0.0268966800841119,0.0562526883334853,-0.135392668092348,0.101583186245396,-0.202844837430838,0.149051477262614,-0.0594275371145884,-0.448180558612679,0.329325484383502,999
"Tmax","Maximum temperature",-58,-0.0316495150760104,0.0569789549230827,-0.142327831228712,0.0974144671696572,-0.209634550424984,0.146335520272963,-0.0699288063045879,-0.463182258439392,0.323324645830216,999
"Tmax","Maximum temperature",-57,-0.0357817151554477,0.0574247133823915,-0.150123980283823,0.0952157970474047,-0.214984914373434,0.143421484062539,-0.0790587982893878,-0.475003752807052,0.316886156228276,999
"Tmax","Maximum temperature",-56,-0.0393160075664679,0.0575997795055444,-0.155955299418881,0.091442285391534,-0.21896421266004,0.140332197527104,-0.0868677283422005,-0.483795912132209,0.310060455447808,999
"Tmax","Maximum temperature",-55,-0.0422751195531154,0.0575210774036397,-0.159176923258938,0.0880493231175202,-0.221658243050011,0.13710800394378,-0.0934058117362397,-0.489748304415836,0.302936680943356,999
"Tmax","Maximum temperature",-54,-0.044681778359434,0.0572112221173718,-0.162307683182705,0.0832329505079987,-0.223166923329024,0.133803366610156,-0.0987232637447177,-0.493081695488439,0.295635167999004,999
"Tmax","Maximum temperature",-53,-0.0465587112294683,0.0566975547826906,-0.164180369017989,0.0769420105063975,-0.2236018647056,0.130484442246663,-0.102870299640848,-0.494042687503749,0.288302088222052,999
"Tmax","Maximum temperature",-52,-0.0479286454072622,0.0560114734979713,-0.164743744962085,0.0748665162823557,-0.223084527922135,0.12722723710761,-0.105897134697844,-0.49289964491247,0.281105375516782,999
"Tmax","Maximum temperature",-51,-0.0488143081368597,0.0551879394571083,-0.164599180219894,0.0724714781584255,-0.221744656784221,0.124116040510502,-0.107853984188918,-0.489939233384798,0.274231265006963,999
"Tmax","Maximum temperature",-50,-0.0492384266623053,0.0542650564141769,-0.163987884742533,0.0700676536007751,-0.219718726412401,0.121241873087791,-0.108791063387283,-0.48546299126174,0.267880864487175,999
"Tmax","Maximum temperature",-49,-0.049223728227643,0.05328362748533,-0.162317985246737,0.0663751361849272,-0.217148165712311,0.118700709257025,-0.108758587566152,-0.479783402147686,0.262266227015382,999
"Tmax","Maximum temperature",-48,-0.0487929400769167,0.0522865921342345,-0.1617425607315,0.0609284669988889,-0.214177132556094,0.116591252402261,-0.107806771998738,-0.47321897922978,0.257605435232304,999
"Tmax","Maximum temperature",-47,-0.0479687894541712,0.0513182448512822,-0.16282519973283,0.0585531247400683,-0.210949655325737,0.115012076417395,-0.105985831958255,-0.466087949589924,0.254116285673414,999
"Tmax","Maximum temperature",-46,-0.04677400360345,0.0504231450239779,-0.161928549123787,0.0545623030616831,-0.2076060264195,0.1140580192126,-0.103345982717915,-0.458700285748089,0.252008320312259,999
"Tmax","Maximum temperature",-45,-0.0452313097687977,0.0496446566155128,-0.162080479439638,0.0545039005739248,-0.204278458640579,0.113815839102984,-0.0999374395509312,-0.451348108562476,0.251473229460613,999
"Tmax","Maximum temperature",-44,-0.0433634351942583,0.0490231173953219,-0.158119939299463,0.0534300049302915,-0.201086196145232,0.114359325756715,-0.0958104177305167,-0.444294884992559,0.252674049531525,999
"Tmax","Maximum temperature",-43,-0.041193107123876,0.0485937332928659,-0.15440119710306,0.0561121708631286,-0.198130482970939,0.115744268723187,-0.0910151325298846,-0.437764311188802,0.255734046129033,999
"Tmax","Maximum temperature",-42,-0.0387430528016948,0.0483844090969783,-0.153921335643218,0.0602529654153745,-0.195489976656843,0.118003871053453,-0.0856017992222476,-0.431930179002541,0.260726580558046,999
"Tmax","Maximum temperature",-41,-0.036035999471759,0.0484138250755722,-0.152508216462118,0.0614894632591274,-0.193217274629486,0.121145275685968,-0.079620633080819,-0.426908701122788,0.26766743496115,999
"Tmax","Maximum temperature",-40,-0.0330946743781128,0.0486901003733008,-0.152649051431324,0.062655365546469,-0.191337133982867,0.125147785226641,-0.0731218493788117,-0.422754577725097,0.276510878967474,999
"Tmax","Maximum temperature",-39,-0.0299418047648003,0.0492103124109913,-0.149324594433779,0.0672276829414233,-0.189846704856779,0.129963095327179,-0.0661556633894388,-0.419461512115133,0.287150185336255,999
"Tmax","Maximum temperature",-38,-0.0266001178758657,0.0499609744445168,-0.145361298511947,0.072585394386961,-0.188717733623674,0.135517497871943,-0.0587722903859132,-0.416967078614536,0.299422497842709,999
"Tmax","Maximum temperature",-37,-0.0230923409553531,0.0509193684024345,-0.142163933856472,0.077096272120718,-0.18790034476415,0.141715662853444,-0.0510219456414481,-0.415161078519561,0.313117187236665,999
"Tmax","Maximum temperature",-36,-0.0194412012473066,0.0520554659295766,-0.143157506632783,0.0807387076606229,-0.1873277910312,0.148445388536587,-0.042954844429256,-0.413896035469318,0.327986346610806,999
"Tmax","Maximum temperature",-35,-0.0156694259957706,0.0533341023607919,-0.142700179088146,0.08637550456955,-0.186921519856523,0.155582667864982,-0.0346212020225506,-0.4129983895429,0.343755985497798,999
"Tmax","Maximum temperature",-34,-0.0117997424447889,0.0547171010801521,-0.142480208100779,0.0913866621585109,-0.186596015363043,0.162996530473465,-0.0260712336945444,-0.41227919556406,0.360136728174971,999
"Tmax","Maximum temperature",-33,-0.00785487783840624,0.0561651427234606,-0.14326495633436,0.0979883353948437,-0.186263069633903,0.170553313957091,-0.0173551547184511,-0.411543560362476,0.376833250925574,999
"Tmax","Maximum temperature",-32,-0.00385755942066614,0.0576392861956158,-0.144995265372641,0.104007954024527,-0.185835340388958,0.178120221547626,-0.00852318036748275,-0.410598503370331,0.393552142635366,999
"Tmax","Maximum temperature",-31,0.000169485564386937,0.0591021409538064,-0.14517073186281,0.10880262675526,-0.185229216392907,0.18556818752168,0.000374474085147086,-0.409259287669407,0.410008235839701,999
"Tmax","Maximum temperature",-30,0.00420352987270886,0.0605187485301576,-0.142945385417164,0.11188915303148,-0.184367119752746,0.192774179498163,0.00928759336622548,-0.40735450685931,0.425929693591761,999
"Tmax","Maximum temperature",-29,0.00822184626025549,0.061857258484534,-0.138343558948567,0.115348738053986,-0.183179431699622,0.199623124220133,0.0181659622025394,-0.404730340023968,0.441062264429047,999
"Tmax","Maximum temperature",-28,0.0122017074829826,0.0630894899376882,-0.137285955729536,0.123291831228133,-0.181606251946865,0.20600966691283,0.0269593653208759,-0.401254438988875,0.455173169630627,999
"Tmax","Maximum temperature",-27,0.016120386296846,0.06419146501436,-0.134250670486959,0.129308368977763,-0.179599208870321,0.211839981464013,0.0356175874480217,-0.396819927868957,0.468055102765001,999
"Tmax","Maximum temperature",-26,0.0199551554578018,0.0651439926167689,-0.132540374439103,0.135064252435893,-0.177123542660943,0.217033853576547,0.0440904133107643,-0.391350005741727,0.479530832363255,999
"Tmax","Maximum temperature",-25,0.0236832877218055,0.0659333742855501,-0.129095218735205,0.139674671651278,-0.174160695561446,0.221527271005057,0.0523276276358902,-0.384803669709933,0.489458924981714,999
"Tmax","Maximum temperature",-24,0.0272820558448132,0.0665522999771609,-0.124953812196082,0.140907144103088,-0.170711666857991,0.225275778547617,0.0602790151501868,-0.377183127671181,0.497741157971555,999
"Tmax","Maximum temperature",-23,0.0307287325827805,0.0670009995513941,-0.120351730729169,0.148424013338367,-0.166801424669906,0.228258889835467,0.0678943605804407,-0.368543546056172,0.504332267217054,999
"Tmax","Maximum temperature",-22,0.0340005906916634,0.0672887124140816,-0.115958641799075,0.149656952630057,-0.162484702866314,0.230485884249641,0.075123448653439,-0.359005857969983,0.509252755276861,999
"Tmax","Maximum temperature",-21,0.0370749029274178,0.0674355267326522,-0.110994856666838,0.153843656644525,-0.157853525684716,0.232003331539551,0.0819160640959689,-0.348773388647263,0.512605516839201,999
"Tmax","Maximum temperature",-20,0.0399289420459995,0.0674746098732364,-0.107336065908383,0.159214906599452,-0.153046742479716,0.232904626571715,0.0882219916348174,-0.338152922239379,0.514596905509014,999
"Tmax","Maximum temperature",-19,0.0425399808033641,0.0674547856903081,-0.103202920694828,0.160303983201426,-0.148261618924884,0.233341580531612,0.0939910159967711,-0.327580312282932,0.515562344276474,999
"Tmax","Maximum temperature",-18,0.0448852919554676,0.0674432879873194,-0.0973851783131996,0.161590776994977,-0.143766946397617,0.233537530308552,0.099172921908617,-0.317649446555385,0.515995290372619,999
"Tmax","Maximum temperature",-17,0.046942148258266,0.0675283084659601,-0.0924245792117772,0.161504915484592,-0.139915963000227,0.233800259516758,0.103717494097143,-0.30914079574568,0.516575783939965,999
"Tmax","Maximum temperature",-16,0.0486878224677149,0.0678206579240696,-0.0897741317242161,0.165814629949193,-0.137155452134885,0.234531097070315,0.107574517289135,-0.303041516526375,0.518190551104644,999
"Tmax","Maximum temperature",-15,0.0500995873397703,0.0684535318035357,-0.0864562011168697,0.176305721893489,-0.136024958018705,0.236224132698246,0.11069377621138,-0.300543718253986,0.521931270676746,999
"Tmax","Maximum temperature",-14,0.051154715630388,0.069579197141912,-0.0863525450463303,0.181238038094318,-0.137138488256942,0.239447919517718,0.113025055590666,-0.303004035265383,0.529054146446714,999
"Tmax","Maximum temperature",-13,0.0518304800955238,0.0713617085695713,-0.0885344823678042,0.190919699649344,-0.141143154632095,0.244804114823143,0.114518140153779,-0.311852244743159,0.540888525050716,999
"Tmax","Maximum temperature",-12,0.0521041534911335,0.0739657953816539,-0.0891242467724566,0.198537683020589,-0.148657548351836,0.252865855334103,0.115122814627506,-0.328455108378264,0.558700737633275,999
"Tmax","Maximum temperature",-11,0.0519530085731731,0.0775437119013204,-0.0932406922754771,0.207971633837097,-0.160205293696082,0.264111310842429,0.114788863738635,-0.353969560827002,0.583547288304271,999
"Tmax","Maximum temperature",-10,0.0513543180975983,0.0822232850180458,-0.0980418398610861,0.218868261732083,-0.176167028929038,0.278875665124234,0.113466072213952,-0.3892366127458,0.616168757173703,999
"Tmax","Maximum temperature",-9,0.050285354820365,0.0881004869810001,-0.109909831583699,0.235240138657953,-0.196767752846514,0.297338462487244,0.111104224780244,-0.434753393306252,0.656961842866741,999
"Tmax","Maximum temperature",-8,0.0487233914974289,0.0952382208874955,-0.124076406093269,0.254581551037673,-0.222098903819167,0.319545686814025,0.107653106164298,-0.490721933284977,0.706028145613574,999
"Tmax","Maximum temperature",-7,0.0466457008847461,0.103670599802217,-0.13879943809423,0.273940957001914,-0.252159737653504,0.345451139422996,0.103062501092903,-0.557140588405198,0.763265590591003,999
"Tmax","Maximum temperature",-6,0.0440295557382722,0.113410341803239,-0.16215520285165,0.290137815905344,-0.286900137768375,0.374959249244919,0.0972821942928426,-0.633898627343307,0.828463015928993,999
"Tmax","Maximum temperature",-5,0.0408522288139632,0.124456705119697,-0.183599350379111,0.308494123925634,-0.326253933130633,0.40795839075856,0.0902619704909062,-0.720849846868427,0.901373787850239,999
"Tmax","Maximum temperature",-4,0.0370909928677748,0.136802229680089,-0.205778505336588,0.333470299100508,-0.370159964197514,0.444341949933064,0.0819516144138799,-0.817859116511435,0.981762345339195,999
"Tmax","Maximum temperature",-3,0.032723120655663,0.150437607243836,-0.230974383177355,0.364039904936528,-0.418572925332761,0.484019166644087,0.0723009107885507,-0.924826334610277,1.06942815618738,999
"Tmax","Maximum temperature",-2,0.0277258849335835,0.165354745371047,-0.264415429881507,0.395537200397381,-0.471467373355144,0.526919143222311,0.0612596443417059,-1.04169528509695,1.16421457378036,999
"Tmax","Maximum temperature",-1,0.0220765584574923,0.181548424687138,-0.300616501813266,0.432904681970637,-0.528837849005446,0.572990965920431,0.0487775998001324,-1.16845390587572,1.26600910547598,999
"RH","Relative humidity",-80,-0.0321867680949383,0.0413555259793373,-0.120502398736148,0.0472249947706208,-0.151195524123201,0.0868219879333244,-0.186668796223508,-0.876866120860974,0.503528528413958,999
"RH","Relative humidity",-79,-0.02768142087355,0.036423595348941,-0.106142107967544,0.0419953401744565,-0.132709070281348,0.0773462285342482,-0.160539806201744,-0.769652992940784,0.448573380537296,999
"RH","Relative humidity",-78,-0.0233575197303179,0.0318791743834048,-0.0934071583224837,0.0367851855737204,-0.11548600052908,0.0687709610684442,-0.135463121925278,-0.669766925211138,0.398840681360581,999
"RH","Relative humidity",-77,-0.0192120729096529,0.0277341877038714,-0.0810293199574575,0.0319511000210686,-0.0995465708646713,0.0611224250453655,-0.111421392555631,-0.577325393362764,0.354482608251502,999
"RH","Relative humidity",-76,-0.0152420886559659,0.0240084605647443,-0.0711659665345416,0.027691874684308,-0.084929361159325,0.0544451838473931,-0.0883972672543221,-0.492552143318046,0.315757608809402,999
"RH","Relative humidity",-75,-0.0114445752136678,0.0207323691704982,-0.0617673774770862,0.023680403373764,-0.0716976202117327,0.0488084697843971,-0.0663733951828711,-0.415813989697186,0.283067199331444,999
"RH","Relative humidity",-74,-0.0078165408271694,0.0179488947215675,-0.0531168993001815,0.0215542410616539,-0.059945090622689,0.0443120089683502,-0.0453324255027977,-0.347654597474363,0.256989746468768,999
"RH","Relative humidity",-73,-0.00435499374088164,0.0157120899087656,-0.0458663773557955,0.0189759993075325,-0.0497957893903909,0.0410858019086276,-0.0252570073756219,-0.288793209529023,0.23827919477778,999
"RH","Relative humidity",-72,-0.00105694219921536,0.0140761136878178,-0.0395057437020765,0.0187937220860111,-0.0413856489873512,0.0392717645889205,-0.00612978996286323,-0.240018173139054,0.227758593213328,999
"RH","Relative humidity",-71,0.00208060555341854,0.0130697429150266,-0.0322573135429913,0.0202103302146237,-0.0348109726607731,0.0389721837676102,0.0120665775739585,-0.201888003877527,0.226021159025444,999
"RH","Relative humidity",-70,0.00506064127260921,0.0126645013015459,-0.0273316467304408,0.0233517666096461,-0.0300487386655258,0.0401700212107442,0.0293494460733236,-0.174269185964359,0.232968078111006,999
"RH","Relative humidity",-69,0.00788615671394575,0.012763429951589,-0.0229671287817526,0.0279182195696603,-0.0269015435165232,0.0426738569444147,0.0457361663737122,-0.156016867862338,0.247489200609762,999
"RH","Relative humidity",-68,0.0105601436330173,0.0132269876370955,-0.0195273375689709,0.0322327167808504,-0.0250291915098636,0.0461494787758982,0.0612440893136047,-0.1451580673093,0.26764624593651,999
"RH","Relative humidity",-67,0.013085593785413,0.0139145534778741,-0.0157268718054457,0.0366934847748854,-0.0240487694045237,0.0502199569753497,0.0758905657314812,-0.139472059517064,0.291253190980026,999
"RH","Relative humidity",-66,0.0154654989267219,0.0147113337586033,-0.0142786195123943,0.0407436491128908,-0.0236234618947932,0.054554459748237,0.0896929464658221,-0.137005467014454,0.316391359946098,999
"RH","Relative humidity",-65,0.0177028508125332,0.01553466502011,-0.0121310407566445,0.0444252121005644,-0.023498570631962,0.0589042722570285,0.102668582355108,-0.136281153792861,0.341618318503076,999
"RH","Relative humidity",-64,0.019800641198436,0.0163292833203413,-0.0109270153346161,0.0481711323595917,-0.0234982700918436,0.0630995524887157,0.114834824237818,-0.136279410795181,0.365949059270817,999
"RH","Relative humidity",-63,0.0217618618400195,0.0170600734160448,-0.0113539442148246,0.0522405875064697,-0.023508151032043,0.067031874712082,0.126209022952434,-0.136336715809687,0.388754761714554,999
"RH","Relative humidity",-62,0.0235895044928727,0.0177058616318867,-0.0113029537839,0.0553702148486696,-0.0234575572591737,0.0706365662449192,0.136808529337435,-0.136043294654445,0.409660353329315,999
"RH","Relative humidity",-61,0.0252865609125848,0.0182549444742324,-0.0110150041874158,0.0580682561475548,-0.023305986844228,0.0738791086693976,0.146650694231302,-0.135164254335219,0.428465642797822,999
"RH","Relative humidity",-60,0.0268560228547449,0.0187020772271529,-0.00983012111086096,0.0610176102944708,-0.0230336377343645,0.0767456834438542,0.155752868472514,-0.133584751840877,0.445090488785905,999
"RH","Relative humidity",-59,0.0283008820749421,0.0190464950850913,-0.00875689672614935,0.0643103872083216,-0.0226350917827512,0.0792368559326354,0.164132402899553,-0.131273364353697,0.459538170152803,999
"RH","Relative humidity",-58,0.0296241303287656,0.0192906195489469,-0.00864829708895409,0.0661598781061018,-0.0221151422101073,0.0813634028676384,0.171806648350899,-0.128257890400671,0.471871187102468,999
"RH","Relative humidity",-57,0.0308287593718044,0.0194392098627133,-0.00860152116399551,0.0682335161157195,-0.0214860244643836,0.0831435432079925,0.17879295566503,-0.124609290083588,0.482195201413649,999
"RH","Relative humidity",-56,0.0319177609596477,0.0194988024225146,-0.00765288880921744,0.0697939092572786,-0.020765547792004,0.0846010697112995,0.185108675680429,-0.120430849031552,0.490648200392411,999
"RH","Relative humidity",-55,0.0328941268478847,0.0194773368473375,-0.006555126266074,0.071694431544999,-0.0199757944508156,0.085764048146585,0.190771159235576,-0.115850634420434,0.497392952891585,999
"RH","Relative humidity",-54,0.0337608487921044,0.0193839025531028,-0.00527136864174523,0.0726117919901186,-0.0191421636994208,0.0866638612836296,0.195797757168949,-0.111015950540438,0.502611464878336,999
"RH","Relative humidity",-53,0.034520918547896,0.0192285610202452,-0.00369368213404084,0.073128722139327,-0.0182926064204593,0.0873344435162514,0.200205820319031,-0.106088899954965,0.506500540593026,999
"RH","Relative humidity",-52,0.0351773278708487,0.0190222113729378,-0.0017677750819617,0.0742371196355958,-0.0174569388085976,0.087811594550295,0.2040126995243,-0.101242403199246,0.509267802247846,999
"RH","Relative humidity",-51,0.0357330685165514,0.0187764736033921,0.000441489151574301,0.0753897699366052,-0.0166661513214169,0.0881322883545197,0.207235745623238,-0.0966561910059236,0.511127682252399,999
"RH","Relative humidity",-50,0.0361911322405934,0.0185035669236574,0.00160763421608111,0.0768280695848055,-0.0159516504232759,0.0883339149044626,0.209892309454324,-0.0925124067600744,0.512297025668722,999
"RH","Relative humidity",-49,0.0365545107985637,0.0182161619503948,0.00206915176304008,0.0775876412140186,-0.0153443918795435,0.088453413476671,0.211999741856039,-0.0889905799950945,0.512990063707173,999
"RH","Relative humidity",-48,0.0368261959460516,0.0179271862871862,0.00285999394860458,0.0777913654992323,-0.0148738899578393,0.0885262818499424,0.213575393666863,-0.0862618802049719,0.513412667538698,999
"RH","Relative humidity",-47,0.0370091794386461,0.0176495653152709,0.00360136106345173,0.0785924372208369,-0.0145671188488077,0.0885854777260998,0.214636615725277,-0.0844827455782777,0.513755977028831,999
"RH","Relative humidity",-46,0.0371064530319363,0.0173958855927407,0.00412587636422645,0.0787745911487838,-0.0144473593109003,0.0886602653747729,0.215200758869759,-0.0837881940560029,0.514189711795522,999
"RH","Relative humidity",-45,0.0371210084815114,0.0171779789636737,0.00399157425929695,0.0788212386150252,-0.0145330789906379,0.0887750959536607,0.215285173938792,-0.0842853296920529,0.514855677569638,999
"RH","Relative humidity",-44,0.0370558375429605,0.0170064419767201,0.00475231811957078,0.0786460872694076,-0.0148369594942119,0.0889486345801329,0.214907211770855,-0.0860477001055919,0.515862123647302,999
"RH","Relative humidity",-43,0.0369139319718727,0.0168901258766878,0.00459719911120488,0.0787904163329091,-0.0153651869877329,0.0891930509314783,0.214084223204428,-0.089111182281152,0.517279628690009,999
"RH","Relative humidity",-42,0.0366982835238372,0.0168356524504112,0.00382835098041441,0.0785960477336955,-0.0161171000623227,0.0895136671099971,0.212833559077992,-0.0934719403443533,0.519139058500338,999
"RH","Relative humidity",-41,0.036411883954443,0.0168470229859451,0.00273721592851959,0.0784492210004993,-0.0170852414632518,0.0899090093721378,0.211172570230027,-0.0990867255676633,0.521431866027717,999
"RH","Relative humidity",-40,0.0360577250192794,0.0169253843649746,0.00263550388980073,0.0793817043778578,-0.0182558007799323,0.090371250818491,0.209118607499013,-0.105875443773494,0.52411265877152,999
"RH","Relative humidity",-39,0.0356387984739353,0.0170689950802486,0.00202891814734688,0.0799709742483715,-0.0196093799748302,0.0908869769227008,0.20668902172343,-0.113725595058006,0.527103638504866,999
"RH","Relative humidity",-38,0.035158096074,0.017273399332235,0.000986596269289799,0.0802493874035543,-0.0211219773101614,0.0914381694581615,0.203901163741759,-0.122497980123954,0.530300307607472,999
"RH","Relative humidity",-37,0.0346186095750626,0.0175317802205857,-0.000488541629842996,0.0804062702874422,-0.0227660746946486,0.0920032938447738,0.20077238439248,-0.132033006403424,0.533577775188383,999
"RH","Relative humidity",-36,0.0340233307327122,0.0178354355470667,-0.00247307860838188,0.0805186833629174,-0.0245117264729119,0.0925583879383362,0.197320034514072,-0.142157002547202,0.536797071575347,999
"RH","Relative humidity",-35,0.0333752513025379,0.0181743093324746,-0.00437104866398557,0.0804365307918785,-0.0263275757324261,0.0930780783375018,0.193561464945018,-0.152688112548587,0.539811042438623,999
"RH","Relative humidity",-34,0.0326773630401288,0.0185375187767678,-0.00656611155951844,0.0804936469221763,-0.0281817572662579,0.0935364833465156,0.189514026523796,-0.163441532521644,0.542469585569235,999
"RH","Relative humidity",-33,0.0319326577010742,0.018913834155648,-0.0082042859060943,0.080487849862342,-0.0300426765587331,0.0939079919608814,0.185195070088887,-0.17423402846814,0.544624168645914,999
"RH","Relative humidity",-32,0.0311441270409629,0.0192920903436742,-0.00932483712217982,0.0802610687156263,-0.0318796774576158,0.0941679315395417,0.180621946478771,-0.184887808476263,0.546131701433805,999
"RH","Relative humidity",-31,0.0303147628153844,0.019661527301038,-0.0106864082093881,0.0785583080664549,-0.0336636268587381,0.0942931524895068,0.175812006531929,-0.195233913628818,0.546857926692675,999
"RH","Relative humidity",-30,0.0294475567799275,0.0200120701140516,-0.0115193845571193,0.0782093184622401,-0.0353674542038247,0.0942625677636797,0.17078260108684,-0.205115346848267,0.546680549021947,999
"RH","Relative humidity",-29,0.0285455006901816,0.0203345668981276,-0.0132466634473779,0.0770268001357289,-0.036966689204637,0.0940576905850002,0.165551080981985,-0.214390191455206,0.545492353419177,999
"RH","Relative humidity",-28,0.0276115863017356,0.0206210064100897,-0.0144160963293104,0.076571728175835,-0.0384400452880015,0.0936632178914727,0.160134797055845,-0.222934994887442,0.543204588999132,999
"RH","Relative humidity",-27,0.0266488053701788,0.0208647383129176,-0.0160139100979709,0.0764994859209566,-0.0397701006976439,0.0930677114380014,0.154551100146899,-0.230648718784672,0.53975091907847,999
"RH","Relative humidity",-26,0.0256601496511002,0.0210607191480439,-0.0166675415830858,0.0760404796549793,-0.0409441352476251,0.0922644345498255,0.148817341093628,-0.237457591782526,0.535092273969782,999
"RH","Relative humidity",-25,0.0246486109000889,0.0212058070939919,-0.017761666476502,0.0749684640380932,-0.0419551888522397,0.0912524106524175,0.142950870734512,-0.243321248510475,0.529222989979499,999
"RH","Relative humidity",-24,0.0236171808727342,0.0212991287639644,-0.0184044087449989,0.0738565271323234,-0.0428034174066355,0.0900377791521038,0.136969039908031,-0.248240593090349,0.522178672906411,999
"RH","Relative humidity",-23,0.022568851324625,0.0213425410919073,-0.018766099062391,0.071924535513698,-0.0434978294689231,0.0886355321181731,0.130889199452666,-0.252267871112422,0.514046270017753,999
"RH","Relative humidity",-22,0.0215066140113506,0.0213412092167033,-0.0195727262727866,0.0701629651075755,-0.0440584866100958,0.0870717146327971,0.124728700206896,-0.25551943067653,0.504976831090323,999
"RH","Relative humidity",-21,0.0204334606885001,0.0213043140988432,-0.019863875567451,0.0684474590984943,-0.0445192271932056,0.0853861485702058,0.118504893009203,-0.258191519087729,0.495201305106134,999
"RH","Relative humidity",-20,0.0193523831116626,0.0212458860688983,-0.020980235789831,0.0663833483087267,-0.0449309020604333,0.0836356682837585,0.112235128698066,-0.260579048387788,0.485049305783919,999
"RH","Relative humidity",-19,0.0182663730364272,0.02118572462678,-0.0223522687139433,0.0642140696806896,-0.0453649502763779,0.0818976963492322,0.105936758111965,-0.263096333059996,0.474969849283927,999
"RH","Relative humidity",-18,0.017178422218383,0.0211503010557793,-0.0237259883219966,0.0607254988065491,-0.0459168423501314,0.0802736867868973,0.0996271320893817,-0.266297059170459,0.465551323349222,999
"RH","Relative humidity",-17,0.0160915224131192,0.0211734431507435,-0.0248614369379552,0.0599065524434831,-0.0467084463631406,0.0788914911893789,0.0933236014687952,-0.270888006846792,0.457535209784382,999
"RH","Relative humidity",-16,0.0150086653762248,0.021296482366346,-0.0262545712209112,0.0597026407143424,-0.0478878019909109,0.0779051327433606,0.0870435170886859,-0.277727739705523,0.451814773882895,999
"RH","Relative humidity",-15,0.0139328428632891,0.0215674537676646,-0.028770153677951,0.0590317177051581,-0.049624429282753,0.0774901150093312,0.0808042297875344,-0.287799397881978,0.449407857457047,999
"RH","Relative humidity",-14,0.0128670466299012,0.0220389817273731,-0.0310449109137712,0.0592627202534858,-0.0520987623406596,0.0778328556004619,0.0746230904038208,-0.302149418114301,0.451395598921943,999
"RH","Relative humidity",-13,0.01181426843165,0.0227647784259597,-0.0336240813931388,0.057832049945829,-0.0554861654582637,0.0791147023215637,0.0685174497760252,-0.321794834529575,0.458829734081625,999
"RH","Relative humidity",-12,0.0107775000241249,0.0237952376841476,-0.0399870236942169,0.0561390504131167,-0.0599389413849608,0.0814939414332106,0.062504658742628,-0.347618934657859,0.472628252143115,999
"RH","Relative humidity",-11,0.00975973316291491,0.0251731824124253,-0.0465132718116806,0.0571134462243482,-0.06557192695805,0.0850913932838798,0.0566020681421096,-0.380287720569245,0.493491856853464,999
"RH","Relative humidity",-10,0.00876395960360914,0.0269309920943681,-0.0526507153688299,0.0586637034460324,-0.0724564760773854,0.0899843952846037,0.0508270288129501,-0.420215012829758,0.521869070455658,999
"RH","Relative humidity",-9,0.00779317110179673,0.0290898559730448,-0.0604058595446059,0.0631476641512664,-0.080623849533384,0.0962101917369774,0.0451968915936297,-0.467582109981051,0.55797589316831,999
"RH","Relative humidity",-8,0.00685035941306681,0.03166103443597,-0.0674400304207592,0.0671914294569159,-0.0900750277080747,0.103775746534208,0.0397290073226288,-0.522394697798492,0.60185271244375,999
"RH","Relative humidity",-7,0.0059385162930085,0.0346483360029154,-0.0775235232925161,0.0703517286843297,-0.100792426496573,0.11266945908259,0.0344407268384276,-0.584550796372765,0.65343225004962,999
"RH","Relative humidity",-6,0.00506063349721092,0.0380508714570894,-0.0866227030109706,0.0783640044638146,-0.112750061920199,0.12287132891462,0.0293494009795063,-0.653899710299876,0.712598512258889,999
"RH","Relative humidity",-5,0.00421970278126321,0.0418654237899891,-0.0967209728112809,0.0845298246561165,-0.125920708757919,0.134360114320446,0.0244723805843453,-0.730283545527774,0.779228306696464,999
"RH","Relative humidity",-4,0.00341871590075448,0.0460881621185031,-0.106513188193949,0.0927055407124843,-0.140280118036055,0.147117549837564,0.0198270164914247,-0.81356166890207,0.85321570188492,999
"RH","Relative humidity",-3,0.00266066461127388,0.0507157118208122,-0.121933563434607,0.10189067503846,-0.15580902571471,0.161130354937258,0.015430659539225,-0.903622357645049,0.934483676723498,999
"RH","Relative humidity",-2,0.00194854066841049,0.0557457232537533,-0.135555535351928,0.112306388555053,-0.172493757828689,0.17639083916551,0.0113006605662261,-1.00038630890109,1.02298763003354,999
"RH","Relative humidity",-1,0.00128533582775347,0.061177102849487,-0.149547191870359,0.12371939455519,-0.190326059948893,0.1928967316044,0.00745437041090863,-1.10380565068943,1.11871439151124,999
