"interval","estimate","conf_low","conf_high","process","process_label"
"-80:-71",1.86454645384811,-3.98361629980884,7.70568473544278,"Tmin","Minimum temperature"
"-70:-61",5.38389542626096,2.43034774534315,8.77799866636895,"Tmin","Minimum temperature"
"-60:-51",4.75346904437153,1.75721342849769,7.91186836656377,"Tmin","Minimum temperature"
"-50:-41",1.73209626775633,-1.20640442273461,4.59750817678527,"Tmin","Minimum temperature"
"-40:-31",-1.92139394400815,-5.68931184924854,1.02499532035332,"Tmin","Minimum temperature"
"-30:-21",-4.4481726313454,-8.6396417756193,-1.15354210103276,"Tmin","Minimum temperature"
"-20:-11",-4.08941083467893,-7.27951831564633,-1.81382721095104,"Tmin","Minimum temperature"
"-10:-1",0.913720405567756,-5.72803447412554,8.16222551299494,"Tmin","Minimum temperature"
"-80:-71",-1.446488126012,-5.41647943117393,2.28366105362924,"LogRain","Log rainfall amount"
"-70:-61",2.14549130098915,-0.0524423389385322,4.44729250345017,"LogRain","Log rainfall amount"
"-60:-51",4.21015231248531,1.83530281982262,6.98287041833628,"LogRain","Log rainfall amount"
"-50:-41",4.95646260302725,1.92871962983248,8.58656246875309,"LogRain","Log rainfall amount"
"-40:-31",4.5933898671657,0.77381229607903,8.9700604495091,"LogRain","Log rainfall amount"
"-30:-21",3.32990179945144,-1.03305939684247,7.80934951599644,"LogRain","Log rainfall amount"
"-20:-11",1.37496609443522,-2.69791914361811,5.52571318794702,"LogRain","Log rainfall amount"
"-10:-1",-1.06244955333221,-7.19871024514053,4.6600271986202,"LogRain","Log rainfall amount"
"-80:-71",1.65564354175203,-0.123996633660742,3.33477166300599,"Tmax","Maximum temperature"
"-70:-61",0.23957566772788,-0.596696763725371,1.33296728005851,"Tmax","Maximum temperature"
"-60:-51",-0.385402963503886,-1.52717413114347,0.89329290951758,"Tmax","Maximum temperature"
"-50:-41",-0.446564792384872,-1.59810960000703,0.54160353229164,"Tmax","Maximum temperature"
"-40:-31",-0.171182259356684,-1.42252576943857,0.830407339431638,"Tmax","Maximum temperature"
"-30:-21",0.213472195139075,-1.27275381415216,1.34073601879313,"Tmax","Maximum temperature"
"-20:-11",0.480126130660801,-0.876417870137512,1.69830970565055,"Tmax","Maximum temperature"
"-10:-1",0.401507106766887,-1.78872837143787,3.00038838897666,"Tmax","Maximum temperature"
"-80:-71",-0.140272316691941,-0.685084264192716,0.27168378488436,"RH","Relative humidity"
"-70:-61",0.160199453588153,-0.129487646547474,0.413507444957535,"RH","Relative humidity"
"-60:-51",0.31961384616519,-0.0689255832199162,0.698607106321874,"RH","Relative humidity"
"-50:-41",0.367888416930416,0.0397176331230854,0.780547104528989,"RH","Relative humidity"
"-40:-31",0.334940721775078,-0.0302362446170526,0.795029900032852,"RH","Relative humidity"
"-30:-21",0.250688316590423,-0.161331887636638,0.744833068519259,"RH","Relative humidity"
"-20:-11",0.145048757267697,-0.267995653257633,0.590257024938131,"RH","Relative humidity"
"-10:-1",0.0479395996981476,-0.93034072393417,0.832839874761299,"RH","Relative humidity"
