"interval","estimate","conf_low","conf_high","process","process_label","estimate_per_process_sd","conf_low_per_process_sd","conf_high_per_process_sd"
"-80:-71",-0.730590405430325,-5.1292797681188,2.17715981439432,"LogRain","Log rainfall amount",-0.708525884903272,-4.97437067282895,2.11140753095572
"-70:-61",1.88732940494623,-0.958096346510795,3.79230867777842,"LogRain","Log rainfall amount",1.83033027371316,-0.929160931608883,3.67777737262601
"-60:-51",3.58960595440666,1.06532602184639,5.55066569933177,"LogRain","Log rainfall amount",3.4811964630195,1.03315216943563,5.38303035078161
"-50:-41",4.40940980578855,1.67676464139855,6.70794331276193,"LogRain","Log rainfall amount",4.27624146351515,1.62612476497233,6.50535708685664
"-40:-31",4.37991152192953,1.55967822053448,7.16701465448265,"LogRain","Log rainfall amount",4.2476340556995,1.51257446464501,6.95056404031344
"-30:-21",3.53428166566718,0.41973094199674,7.2569999986798,"LogRain","Log rainfall amount",3.42754302007195,0.40705467097444,7.03783174209507
"-20:-11",1.90569079983912,-1.87043946436213,6.81004135339251,"LogRain","Log rainfall amount",1.8481371371319,-1.81395042529281,6.60437167019498
"-10:-1",-0.472690512717059,-5.4545354709521,6.58599010649466,"LogRain","Log rainfall amount",-0.458414812621264,-5.28980334612564,6.38708698264358
"-80:-71",-0.00669969700670984,-0.45142323433707,0.222266178084536,"RH","Relative humidity",-0.0388552330453283,-2.61805197379464,1.28904398794749
"-70:-61",0.0977434330635344,-0.154348544024406,0.312328883731516,"RH","Relative humidity",0.56686800410981,-0.895152219909209,1.81136722332687
"-60:-51",0.177691729800727,-0.0118994691550419,0.487709370410934,"RH","Relative humidity",1.03053221134031,-0.0690115756983922,2.82849526280493
"-50:-41",0.233688889712582,0.084895225959664,0.533106277337711,"RH","Relative humidity",1.35529058415517,0.492354174494001,3.09177693008189
"-40:-31",0.26627860930681,0.118801826150732,0.509698854183375,"RH","Relative humidity",1.54429631806335,0.688997224303458,2.9560243907146
"-30:-21",0.276004585091126,0.0411338145281985,0.514067483747124,"RH","Relative humidity",1.60070260857385,0.238557646403379,2.98136047973745
"-20:-11",0.263410513573241,-0.208705110028499,0.607827232516554,"RH","Relative humidity",1.52766265119565,-1.21039588503579,3.52512490446577
"-10:-1",0.229040091260868,-0.583875844840282,0.743063469639045,"RH","Relative humidity",1.32832964143773,-3.38621761522739,4.30943432984801
"-80:-71",0.846352230370745,-0.119862995212463,2.36534112830497,"Tmax","Maximum temperature",1.86999393326921,-0.264834268555773,5.22616163970509
"-70:-61",0.411506196485471,-0.547936383672708,1.31761423901648,"Tmax","Maximum temperature",0.909212575234111,-1.21065163712819,2.91123547021389
"-60:-51",0.0997899441455091,-1.12702973165408,0.944536620651203,"Tmax","Maximum temperature",0.220483367866393,-2.49014380204793,2.08692987031491
"-50:-41",-0.0936824204711736,-1.24807734665565,0.75939135203552,"Tmax","Maximum temperature",-0.206988948157353,-2.75759545818699,1.67785606314462
"-40:-31",-0.173796791186609,-1.09167121416079,0.684362201426551,"Tmax","Maximum temperature",-0.383999632160535,-2.41202004833267,1.51208104486925
"-30:-21",-0.145439061822829,-0.867331563065725,1.045065149426,"Tmax","Maximum temperature",-0.321343943466564,-1.91634724038635,2.30904512231466
"-20:-11",-0.0134951262018672,-0.93333266517037,1.32071882839237,"Tmax","Maximum temperature",-0.0298171413988471,-2.06217501290926,2.91809498223487
"-10:-1",0.217149121854246,-1.26111149910019,1.96827282635756,"Tmax","Maximum temperature",0.479785514719206,-2.78639408968101,4.34884922876019
"-80:-71",4.44569006728063,-1.75130303988635,9.28091570344741,"Tmin","Minimum temperature",3.65468074897406,-1.4396985414252,7.62958808214627
"-70:-61",3.32154242301312,1.4091935847193,6.9838707040845,"Tmin","Minimum temperature",2.730549580959,1.15845967391102,5.74124993629035
"-60:-51",2.19739192288744,0.819842188493883,6.8111356628651,"Tmin","Minimum temperature",1.8064160652207,0.673969939006148,5.59924916244785
"-50:-41",1.07323950489583,-0.924043449862897,3.68058245755802,"Tmin","Minimum temperature",0.882280972857041,-0.759630958596092,3.02570661676309
"-40:-31",-0.0509138929694837,-3.53356251135492,0.987125916971134,"Tmin","Minimum temperature",-0.0418549250341055,-2.9048455223161,0.811489337081592
"-30:-21",-1.17506733271626,-5.24563107503707,0.0875577546964086,"Tmin","Minimum temperature",-0.96599085735486,-4.31229046920151,0.071978845954076
"-20:-11",-2.29921987635225,-5.45328287559819,-0.318076617116895,"Tmin","Minimum temperature",-1.89012605300734,-4.4829953601218,-0.261482125762982
"-10:-1",-3.42337058588523,-6.61365978046725,1.67372188421229,"Tmin","Minimum temperature",-2.81425974089368,-5.43690961676118,1.37592118586641
