"relative_path","bytes","modified_utc","sha256"
".Rhistory",0,"2026-09-25 13:45:02 UTC","e3b0c44298fc1c149afbf4c8996fb92427ae41e4649b934ca495991b7852b855"
".gitignore",103,"2026-09-24 21:01:11 UTC","132f7fe2a193ec2ffbbda950694c5179d8423904c53f128d90fcb1f386d21740"
"Proj_PodAndGrainRot.Rproj",267,"2026-09-25 11:18:42 UTC","405f12a55fa8981724a33a60c4701e94ac2c75270055dd982b9ca161f4149cdd"
"WORKFLOW.md",4319,"2026-09-28 17:11:11 UTC","dc7bb9af9fb06a92173c0fbefea2a62ff402be8a2157f66f923e7b878f830a48"
"analysis/R/consolidated_analysis_utils.R",8076,"2026-09-28 14:53:51 UTC","7f28a12d165faf163e60f0c6868d40e79244ab3b46360b77db46dacedaa28f44"
"analysis/R/panel_labels.R",2120,"2026-09-24 22:09:04 UTC","cd2044727da301fe0ff3b68832ab8d4d5633192e7f9301c4824bcc94ab4be8b3"
"analysis/R/v4_utils.R",14565,"2026-09-28 14:53:50 UTC","5f926b986bcba3173290eca188f796d5ac473728daea7dc018bae1504595b02d"
"analysis/README.md",2267,"2026-09-25 12:48:03 UTC","3d3959da223ca14adb9714f66dfd57363a7fec01c055348e346da44304eae74d"
"analysis/config/consolidated_analysis_specification.csv",750,"2026-09-28 17:12:17 UTC","61c35059b20f8f881a66908efc0dbbd0f1435e7c7809e09b6de81a196ff65f63"
"analysis/config/frozen_duplicate_rule.csv",190,"2026-09-28 17:12:08 UTC","9e7be23d4ce29457524a6424df8dc2d7feb8d5603c7681998022caf41bbfcbfc"
"analysis/config/frozen_primary_specification.csv",1509,"2026-09-28 17:12:08 UTC","79823df8ad09fadcf87b108cbeca4eb094ff571c79a339245daa1f017f2cf4a8"
"analysis/config/process_registry.csv",497,"2026-09-25 13:39:24 UTC","e4f067a7422725e8581aae9ad35fcecd1f499401709773a83a41e13eaca9de08"
"analysis/data/processed/trial_cohort_v4.csv",17230,"2026-09-28 17:12:08 UTC","d7900c55dcfbefeac414a696aeb90cd0ae140c410953efb22973b57837403631"
"analysis/data/processed/trial_cohort_v4.rds",4206,"2026-09-28 17:12:08 UTC","6a14a5823e3346c23e92f55267254ecbc8865a2b7aecadfb95cf2f8e5088a6f1"
"analysis/data/processed/trial_cohort_v4_with_outcome_flags.csv",17684,"2026-09-28 17:12:16 UTC","dda4c08d5c89f5be98794e002640a2469fb7baf725042cf0cd5951a62db34b7a"
"analysis/data/processed/trial_cohort_v4_with_outcome_flags.rds",4242,"2026-09-28 17:12:16 UTC","9901f6e1c55d282e84ffd950f320e58aa1a7b2dfe27579cd0281f9f382320005"
"analysis/data/processed/weather_era5_absolute_days.csv",1148132,"2026-09-28 17:12:00 UTC","1e587ee7fe318cedf8025873b65f54c6f6921b9155e59f11f8fbdacbbc4ffb31"
"analysis/data/processed/weather_era5_absolute_days.rds",99798,"2026-09-28 17:12:00 UTC","42eb1b4a6ea92a1b2a104c8e387196391040d68b8970a4a6009b4bb448fb38a6"
"analysis/data/spatial/brazil_states_all_2020.rds",1484937,"2026-09-14 16:36:13 UTC","db4a62d2082ee665e43330966ac5b39b421e4387e774cd213a7ce97e124c7e63"
"analysis/data/weather_cache_era5/T001_era5_100back.rds",2166,"2026-09-22 18:14:44 UTC","9ea80da8580b3be9a15339b5dc6e0782f0f45480a02067001925eef83558936e"
"analysis/data/weather_cache_era5/T002_era5_100back.rds",2181,"2026-09-22 18:14:44 UTC","0224f1e0f20a6458c92474acc9664fd765318f5dc88b008f616267ebceadad66"
"analysis/data/weather_cache_era5/T003_era5_100back.rds",2152,"2026-09-22 18:14:45 UTC","7050c8025a558de826140d828d7168bb7452af8c3884ddec26bc348cf0374788"
"analysis/data/weather_cache_era5/T004_era5_100back.rds",2178,"2026-09-22 18:14:45 UTC","031d17b0dfecbec1f868597d6e55a77d227f5e18750e8e53844b0ad74ec07005"
"analysis/data/weather_cache_era5/T005_era5_100back.rds",2168,"2026-09-22 18:14:45 UTC","7c7e03166b96fbfaf61ff645ca28fe9f4fd15a47cf43ca2d28dc3723ee1261f7"
"analysis/data/weather_cache_era5/T006_era5_100back.rds",2165,"2026-09-22 18:14:45 UTC","64d67e6e62b35a6a47db2fbe588754567ba2d3aad280ff68d256aabb02680643"
"analysis/data/weather_cache_era5/T007_era5_100back.rds",2167,"2026-09-22 18:14:46 UTC","da99df8c115e427afbe6936dbc356506b356dc8ce510f76d3c08a80249618698"
"analysis/data/weather_cache_era5/T008_era5_100back.rds",2184,"2026-09-22 18:14:46 UTC","cfd4c4f887fbef687cc52fd8595816bc07c9644b985375dfc6c850cce63290de"
"analysis/data/weather_cache_era5/T009_era5_100back.rds",2171,"2026-09-22 18:14:46 UTC","66a62de023feeae3726010734af6240424a7f8711c79c82d6ac4928e5cd3976e"
"analysis/data/weather_cache_era5/T010_era5_100back.rds",2177,"2026-09-22 18:14:46 UTC","c0e80946a89068246cf935663a146c5abce6604c91a25429284ba9680bf0afa2"
"analysis/data/weather_cache_era5/T011_era5_100back.rds",2159,"2026-09-22 18:14:47 UTC","80aed9e898b5ac429f9a51cf49a57378050a714cbfddce791d1e0bf0f5b21103"
"analysis/data/weather_cache_era5/T012_era5_100back.rds",2161,"2026-09-22 18:14:47 UTC","efe9bb5b6ff3f3f44472eb4aaabab80ff84ae33cdebe00f09a4de3e8eefbf310"
"analysis/data/weather_cache_era5/T013_era5_100back.rds",2150,"2026-09-22 18:14:47 UTC","37226dae3dcb15ca2030ce0324a4a4e4763d9a0be5d6181523354f5faf03b25e"
"analysis/data/weather_cache_era5/T014_era5_100back.rds",2157,"2026-09-22 18:14:48 UTC","d2423eb568d7d80cb6c5ec6c5d29b4acef28149c53dcb4318b21df131ecc0278"
"analysis/data/weather_cache_era5/T015_era5_100back.rds",2148,"2026-09-22 18:14:48 UTC","24913b504ee54aca43a393a0131ffdb15593995eeb8def744196d2833e9620f5"
"analysis/data/weather_cache_era5/T016_era5_100back.rds",2166,"2026-09-22 18:14:48 UTC","b6033a34ab959e32093a2e26bf5a8fd81f69b83210b18e116775d1e765c680cc"
"analysis/data/weather_cache_era5/T017_era5_100back.rds",2153,"2026-09-22 18:14:48 UTC","86f5f022a8f3000fabdf6a04398fb931fecfb9f8e70f05db6d55ad02f182a6bb"
"analysis/data/weather_cache_era5/T018_era5_100back.rds",2145,"2026-09-22 18:14:49 UTC","da13daa7df80a175467e3b23c9c668e31d1d1fe84540887fa5b767e1c7569434"
"analysis/data/weather_cache_era5/T019_era5_100back.rds",2144,"2026-09-22 18:14:49 UTC","781fb61390fe365f5bfe26f8bf096769437e872f1cb78ca7693f37e6f137d021"
"analysis/data/weather_cache_era5/T020_era5_100back.rds",2162,"2026-09-22 18:14:49 UTC","cd609a8efb62afb3877825302f28a528d67dd3de5430611db3f903b449fef6df"
"analysis/data/weather_cache_era5/T021_era5_100back.rds",2125,"2026-09-22 18:14:49 UTC","7d3a61bfeec94b4c4f46c4b85f269dd337de8a17f043ffab47f137a6858f1eaf"
"analysis/data/weather_cache_era5/T022_era5_100back.rds",2153,"2026-09-22 18:14:50 UTC","16f2a3df9844659d97e45733d3b776f28c0a8102199ca63f8b2a6abb4e37b201"
"analysis/data/weather_cache_era5/T023_era5_100back.rds",2146,"2026-09-22 18:14:50 UTC","126d872695789afa6c1b262ef2e980765e8f26f7ebf7c658c1b52c91bca9428b"
"analysis/data/weather_cache_era5/T024_era5_100back.rds",2134,"2026-09-22 18:14:50 UTC","7445badd81444d0dc2397c41db118b9d6f5e3cc7f6de7365c68cd16837593b5c"
"analysis/data/weather_cache_era5/T025_era5_100back.rds",2143,"2026-09-22 18:14:50 UTC","260e138775a66684ba3be55756782102b561a7c5762827a9edc0208621b67a0c"
"analysis/data/weather_cache_era5/T026_era5_100back.rds",2147,"2026-09-22 18:14:51 UTC","701d3b15270df0cddf42a8a5f0de2f1e70150edf3cfa8c1a4c886dcfe9cdfad7"
"analysis/data/weather_cache_era5/T027_era5_100back.rds",2134,"2026-09-22 18:14:51 UTC","dfdf0e2839aa5888bb5bf5be379247c478a05cbeddd9def2976457cfff5d962b"
"analysis/data/weather_cache_era5/T028_era5_100back.rds",2169,"2026-09-22 18:14:51 UTC","3f937975ff69f30e0f3239c212f57fc572dcb756f25604e53a7d09b61bcfd022"
"analysis/data/weather_cache_era5/T029_era5_100back.rds",2150,"2026-09-22 18:14:52 UTC","40b7c831f73559ac543bb9009556616b70ce9f1d9b1364eb27014bf8bac4aa17"
"analysis/data/weather_cache_era5/T030_era5_100back.rds",2190,"2026-09-22 18:14:52 UTC","20fb2d1c4dab2b4ef7dcb35e9166286619247b95ca80201ecd3ea79403fec429"
"analysis/data/weather_cache_era5/T031_era5_100back.rds",2147,"2026-09-22 18:14:52 UTC","4cbc01a354cabdd0cb02d5750c87509a099c5f7bafc702cb07fb9045eee1542c"
"analysis/data/weather_cache_era5/T032_era5_100back.rds",2162,"2026-09-22 18:14:52 UTC","699b4cb7328e137b9974e0b265d81f4d207cdd4cea4464299a92a1bb9573fdf9"
"analysis/data/weather_cache_era5/T033_era5_100back.rds",2136,"2026-09-22 18:14:53 UTC","9c217660c28bb3d6f05de36822aad18e193c648036ec07f9c888a1ea41e5e302"
"analysis/data/weather_cache_era5/T034_era5_100back.rds",2162,"2026-09-22 18:14:53 UTC","0771615fff935a418da16b20f851349b04dfe57b495a80f10d9fccfde4e76af1"
"analysis/data/weather_cache_era5/T035_era5_100back.rds",2155,"2026-09-22 18:14:53 UTC","51c5409365719fb99a9edd53c88ba03f9e0c797aac2a1901a4695b1faa4280c8"
"analysis/data/weather_cache_era5/T037_era5_100back.rds",2185,"2026-09-22 18:14:53 UTC","75363d28564018f90d18e3e75bf39c8d86424650be3bbac44c2bda6a95bc45b1"
"analysis/data/weather_cache_era5/T038_era5_100back.rds",2163,"2026-09-22 18:14:54 UTC","ad1b3f64cd3863e1643b18eaceb9955096138bae4065037f63a9e7046ebeb246"
"analysis/data/weather_cache_era5/T039_era5_100back.rds",2138,"2026-09-22 18:14:54 UTC","68d5ee692975dc8a436ddee901c075db4b6dceafd1f189d79558df21f0614e19"
"analysis/data/weather_cache_era5/T040_era5_100back.rds",2129,"2026-09-22 18:14:54 UTC","386d6c0484e91e88b75f01799c05f80d97d4ec9e8814fbbf559106ed3b60f85d"
"analysis/data/weather_cache_era5/V001_era5_100back.rds",2185,"2026-09-22 18:14:54 UTC","e088d720a2f1d2e197b417fb02f95bdb381fccef795668fead8fe02ad38a5a41"
"analysis/data/weather_cache_era5/V002_era5_100back.rds",2175,"2026-09-22 18:14:55 UTC","5f28dbbf5cf8b1facac5330b85d5adafb8778e0c5773519858d7e82a8f427439"
"analysis/data/weather_cache_era5/V003_era5_100back.rds",2161,"2026-09-22 18:14:55 UTC","ab5bdd3b97e81755d59f3850d63de9e486cf32ca1cf5a322dfb18a57bb12de2e"
"analysis/data/weather_cache_era5/V004_era5_100back.rds",2158,"2026-09-22 18:14:55 UTC","8d87b73a7deccb8fd88a5c0d7ab8b8c966635f2ad62376435473277418a99009"
"analysis/data/weather_cache_era5/V005_era5_100back.rds",2140,"2026-09-22 18:14:55 UTC","130ecec0a67735f53dec8ada3dc2f618bbf04f268f0f298aad74e3e5cb5dc96e"
"analysis/data/weather_cache_era5/V006_era5_100back.rds",2146,"2026-09-22 18:14:56 UTC","62c6d91e09f40d20620cbb5b9299d56b754502e4be07557ff1e83eb127ddf69b"
"analysis/data/weather_cache_era5/V007_era5_100back.rds",2185,"2026-09-22 18:14:56 UTC","3fef94788eca2eb08d9d1ea5bfd48b5eb78c965b81330804821674159fb405b4"
"analysis/data/weather_cache_era5/V008_era5_100back.rds",2157,"2026-09-22 18:14:56 UTC","37c12f383ccc09e5e7fa209c7ae12c762210383232bda65d2bef961d9f5c840c"
"analysis/data/weather_cache_era5/V009_era5_100back.rds",2154,"2026-09-22 18:14:56 UTC","310b5403ce701f6f8020315cf7a715055736ea9eded27bc7e5efaf50e0b1b42d"
"analysis/data/weather_cache_era5/V010_era5_100back.rds",2160,"2026-09-22 18:14:57 UTC","dd6a786ca56ad4e767c960004917c4723e886432702ebd1b396e280860b338f6"
"analysis/data/weather_cache_era5/V011_era5_100back.rds",2154,"2026-09-22 18:14:57 UTC","31a6486183b9356f57d2a94aeb74f976cefabb41024f142237c88903896247e7"
"analysis/data/weather_cache_era5/V012_era5_100back.rds",2132,"2026-09-22 18:14:57 UTC","53332a9daaf5f17d70be1bec16367df1d2fa4998d8305951718ff848d83ec412"
"analysis/data/weather_cache_era5/V013_era5_100back.rds",2163,"2026-09-22 18:14:58 UTC","27bbfaa66f8f5e5ad6229999882b6c59920c1ac7955379710f00377d74bdc171"
"analysis/data/weather_cache_era5/V014_era5_100back.rds",2136,"2026-09-22 18:14:58 UTC","e1f456dbf30f0c92cebc91e35b570261ae1f698780d3058c608ae647a907cf94"
"analysis/data/weather_cache_era5/V015_era5_100back.rds",2134,"2026-09-22 18:14:58 UTC","cc2c274928bf4e7f3df3270797420719d1b4ca219367822a9cdc39604f93594c"
"analysis/data/weather_cache_era5/V016_era5_100back.rds",2154,"2026-09-22 18:14:58 UTC","7d2766f45de20d20d65088035c440833b1db7e26088bd923ce15666d2ca75ff5"
"analysis/data/weather_cache_era5/V017_era5_100back.rds",2158,"2026-09-22 18:14:59 UTC","145c9dde4ee00ea7c0b65a2844ebf14bba7d7eb709ef6252911703ff4949a989"
"analysis/data/weather_cache_era5/V018_era5_100back.rds",2186,"2026-09-22 18:14:59 UTC","21d80651ba8934d6562051050129ba2d9824c146e4efaa97b934f61c771f0dc7"
"analysis/data/weather_cache_era5/V019_era5_100back.rds",2113,"2026-09-22 18:14:59 UTC","71f62e68c5f055f8e9299b964f3bf6101851528d490f15a6e3de42dd44f96754"
"analysis/data/weather_cache_era5/V020_era5_100back.rds",2104,"2026-09-22 18:14:59 UTC","fa67d30a54577f9461e147dd6712da1086335c8fe82f3670348347b89f1a23aa"
"analysis/data/weather_cache_era5/V021_era5_100back.rds",2128,"2026-09-22 18:15:00 UTC","0c6dab8eaab0019f1d12e4909c45ba76c9458bccc598db7a731e53c6d22fdc11"
"analysis/data/weather_cache_era5/V022_era5_100back.rds",2137,"2026-09-22 18:15:00 UTC","053323358e8f6f260022abbd456f6e64ca8f91c460992c1919e93d289e9a1242"
"analysis/data/weather_cache_era5/V023_era5_100back.rds",2134,"2026-09-22 18:15:00 UTC","e334a3b6d777ba0d2c8cc6d7519c09c3a3088995a5fed2b04a4b41f72a94e514"
"analysis/data/weather_cache_era5/V024_era5_100back.rds",2135,"2026-09-22 18:15:00 UTC","66dfbf2d0c8b9e7efb92a42769fdf776c1dadcdf61736f1d12c8b3cd4ff79656"
"analysis/data/weather_cache_era5/V025_era5_100back.rds",2134,"2026-09-22 18:15:01 UTC","6c367702db6c2ddacc3e04ac3c2c52dc1f750c66ea84c2b75a15f98d955fcbaa"
"analysis/data/weather_cache_era5/V026_era5_100back.rds",2137,"2026-09-22 18:15:01 UTC","587f36b5d914e63a9e0c9e2c5b21823a9cdc32b1d4dedc94ebfe457c6bcd1d21"
"analysis/data/weather_cache_era5/V027_era5_100back.rds",2144,"2026-09-22 18:15:01 UTC","5849b960d10153186140910d8cf745754d1d2fe2ac714f3c54b3a9b4a9d68202"
"analysis/data/weather_cache_era5/V028_era5_100back.rds",2167,"2026-09-22 18:15:01 UTC","36fe5781a58e6a9c2ecef71c4977de3ab413e89948c36bd38bf9692c1e0a33be"
"analysis/data/weather_cache_era5/V029_era5_100back.rds",2183,"2026-09-22 18:15:02 UTC","0f0f9af3b6bad48b54a744eea025d46312507e351106e7023577c6051af1ea21"
"analysis/data/weather_cache_era5/V030_era5_100back.rds",2169,"2026-09-22 18:15:02 UTC","c9b3017a67cf441a8ec8a168383165f10b15493d700c84d959247e465186308e"
"analysis/data/weather_cache_era5/V031_era5_100back.rds",2166,"2026-09-22 18:15:02 UTC","61a013e39ea298bfe93b9f3217f0d5dbba6ec7a8b20101aac4ea307e73f47a74"
"analysis/data/weather_cache_era5/V032_era5_100back.rds",2154,"2026-09-22 18:15:03 UTC","bbfd466bc0fa95ab24183b9122f7b560b5366ee96b90307dc9cf4e00a8e155bb"
"analysis/data/weather_cache_era5/V033_era5_100back.rds",2161,"2026-09-22 18:15:03 UTC","34af9b9bcb07abad33973ab234cf879ded0a25672f6e7d0f37a9885f5d8218cb"
"analysis/freeze/final/consolidated_results_manifest.csv",6063,"2026-09-28 17:13:44 UTC","aec478423f0c99ccb359e2fbf6c0e4874901c232d6c2a0dc71b872d5c1d285c8"
"analysis/freeze/final/final_figure_manifest.csv",4457,"2026-09-28 17:14:31 UTC","ed2f064230cae285b6594d29258ce8d939bd1e9c99190f50d39b44cd4c889de1"
"analysis/freeze/preanalysis_freeze.csv",678,"2026-09-28 17:12:08 UTC","cd8101f66e0d0cb67a31a5ce2b3097c74e26f6ee74f6a09b7fc5556ec54edff8"
"analysis/models/final/consolidated_models.rds",11814886,"2026-09-28 17:13:43 UTC","6c0ae12693aa5359485946fe1afef927e2694eab13b50eea17fd818061601eef"
"analysis/outputs/diagnostics/final/consolidated_verification.csv",1346,"2026-09-28 17:14:32 UTC","cc9984f453a4c3997b4cdd8caeb3e2df3c84c334660313bf42e7350dcf78335a"
"analysis/outputs/diagnostics/final/primary_model_adequacy.csv",1297,"2026-09-28 17:13:43 UTC","4752f4a4a04b338e672076a41eee3f1f08be0c2f8954f707bdf2d7dc96982243"
"analysis/outputs/diagnostics/final/primary_model_residuals.csv",72416,"2026-09-28 17:13:43 UTC","83e9364b47efd39dc13a167e4feb5ef3c56e19f155d4672fcd4379c0019ad929"
"analysis/outputs/spatial/trial_field_locations.gpkg",139264,"2026-09-14 17:10:27 UTC","d24f5f90469ae5200707b93f24abda7f2a90427f83634008a62830c5f54cda32"
"analysis/outputs/tables/cohort_exclusions.csv",422,"2026-09-28 17:11:58 UTC","da3c80c171547b6f397128c2a9569c371ab4a2787ba9f1f3ab120670ace9f08c"
"analysis/outputs/tables/final/analysis_completeness_audit.csv",1370,"2026-09-28 17:13:43 UTC","891d1add894917d960a0ff008543ebfbb172342bca818ceac38bc4fcbf5edd82"
"analysis/outputs/tables/final/loso_broad_coefficients.csv",57819,"2026-09-28 17:13:42 UTC","b53db869a07c693dd49d1fdad0930f0e5a43f78fb478560a9e6badde924bc53e"
"analysis/outputs/tables/final/loso_broad_global_tests.csv",5344,"2026-09-28 17:13:42 UTC","b6c69c8953df8acabd4aad1806c3c7b99a5217b5570a4514e179b3511a64ea56"
"analysis/outputs/tables/final/loso_functional_contrasts.csv",21569,"2026-09-28 17:13:42 UTC","e9b798072e8e08a1bf4d2a433b3d23f1dfaf4b2ec1197709903ea81de7dabd7e"
"analysis/outputs/tables/final/loso_functional_curves.csv",189182,"2026-09-28 17:13:42 UTC","3766b4393d789d56b565a8fabc296874cd158a826089de682b5cbe2bff78787c"
"analysis/outputs/tables/final/loso_functional_global_tests.csv",5403,"2026-09-28 17:13:42 UTC","865ee5bfa4baa52822936920fd0771aa3660639357d5b3ee7e8c67437578c8ab"
"analysis/outputs/tables/final/primary_broad_coefficients.csv",14519,"2026-09-28 17:13:41 UTC","2244f0db839db47fc97ea303497ba213d3681af5bb6297c2128c4c5ccb178705"
"analysis/outputs/tables/final/primary_broad_global_tests.csv",1531,"2026-09-28 17:13:42 UTC","ed7bc2361f1304eb39bf495d36635acc578a211a250155e8545eecc1469c897b"
"analysis/outputs/tables/final/primary_functional_contrasts.csv",8595,"2026-09-28 17:13:42 UTC","49f7b65606f0605776a499cbe84727b6d205a5f4a163b922cb3b1dd5b6042b40"
"analysis/outputs/tables/final/primary_functional_curves.csv",90834,"2026-09-28 17:13:42 UTC","92e66b74ca686b29eccbc475e9fc23835cbd27c69d126bb97e435de1f99a2ecb"
"analysis/outputs/tables/final/primary_functional_global_tests.csv",1558,"2026-09-28 17:13:42 UTC","69521d09780088e93129ccb1107d378c9a99c531ec3846c045c257efcb393e88"
"analysis/outputs/tables/final/process_registry.csv",576,"2026-09-28 17:12:17 UTC","ad2b963725e772b55f64db041dc0f090ee736565a43a8224878b021155531c95"
"analysis/outputs/tables/final/process_support_summary.csv",594,"2026-09-28 17:13:43 UTC","f6fca340a6b30e63debd1a0ee617d7a77ccd83ab971a2ab8017bde9ad0876f8c"
"analysis/outputs/tables/final/sensitivity_broad_coefficients.csv",60074,"2026-09-28 17:13:42 UTC","8bc94af1e426dcc4c22f44d7976ffe5ac4ccd174cace78d926c5a163fb596ccd"
"analysis/outputs/tables/final/sensitivity_broad_global_tests.csv",5582,"2026-09-28 17:13:42 UTC","306e210cf37c2d8fc7e539bbe7bef0d85a9b55351c4a9732728651d5a59cb594"
"analysis/outputs/tables/final/sensitivity_functional_contrasts.csv",35518,"2026-09-28 17:13:42 UTC","e7c185725fb13714554f9ef8acc3cf5980de6b8cb1291d90206357e470b366e4"
"analysis/outputs/tables/final/sensitivity_functional_curves.csv",380800,"2026-09-28 17:13:42 UTC","fdc05894da52ce27e1da2a825d11a18d9cb190b4147774f19715c589d6a9b73b"
"analysis/outputs/tables/final/sensitivity_functional_global_tests.csv",5637,"2026-09-28 17:13:42 UTC","a5b1c7ff09dd6487eefa1a3e695ed8c8c70540f519765e62dcab2c683607764f"
"analysis/outputs/tables/meteorological_similarity_pairs.csv",181861,"2026-09-28 17:12:08 UTC","bb6f584ee63f3dd334da4f6520ead731ff8a4b80bc7ced685f8801eff6f3b3ec"
"analysis/outputs/tables/meteorological_unit_map.csv",4660,"2026-09-28 17:12:08 UTC","6e47722e07b57c4bc4410129813811fc02002f88ac93e1ff971404525b61c0a4"
"analysis/outputs/tables/pre_sowing_exposure_audit.csv",296,"2026-09-28 17:12:08 UTC","48ca009f24d9ec64be460e98c98dcaec625483b51a513652ed89c501eac3b7f7"
"analysis/outputs/tables/temporal_anchor_conclusion.csv",339,"2026-09-28 17:11:59 UTC","4dd7a47b30df8023333d758b5123211664158278aba563c29c474e49332e9941"
"analysis/outputs/tables/temporal_anchor_document_audit.csv",22,"2026-09-28 17:11:58 UTC","0acd6508f1c297122bc317c7b8dbc201aa9c2ef2d398b4d595097787cccd2bac"
"analysis/outputs/tables/trial_counts_by_era5_location.csv",665,"2026-09-28 17:14:03 UTC","afdc59d98533741a2e203f67986052766d9db4356bba8342fcef254da5ac15ad"
"analysis/outputs/tables/trial_counts_by_field_coordinate.csv",1672,"2026-09-28 17:14:03 UTC","748a9c9f7f50e03f74553a9cd02874c1c6d9eea9b065ae73add7b87d58af4ca7"
"analysis/outputs/tables/weather_cell_season_cluster_map.csv",4697,"2026-09-28 17:12:00 UTC","4fc56c606609b6f71b710f3b19be92fb7ca4026b1961a4f9033889e84313d026"
"analysis/outputs/tables/weather_quality_audit.csv",2911,"2026-09-28 17:12:00 UTC","6722a565c22f4ca2bedab08020a989cd4b551b99fe6f8a507ed6195613bd3c9c"
"analysis/provenance/era5_retrieval_manifest.csv",23851,"2026-09-28 17:12:00 UTC","896673e65425839dea27d2eec8d9bf523fc7c5472043af8f83afdecd3f1d3198"
"analysis/provenance/input_manifest.csv",458,"2026-09-28 17:11:56 UTC","671bff8e94c6cd1c755cc26771ee2950cc57474469466ee4dee97d5d9c7d40ef"
"analysis/provenance/sessionInfo_consolidated_analysis.txt",601,"2026-09-28 17:13:44 UTC","746c258490a494d383f8bb748341a3ed50c08d53b0b7865ff4c895b08e89e8a7"
"analysis/provenance/sessionInfo_final_figures.txt",1404,"2026-09-28 17:14:31 UTC","871543f617f7d97c8e1a39d6971b590c7e1c2f67bed03e814b3be297a5880ffb"
"analysis/provenance/sessionInfo_prepare.txt",677,"2026-09-28 17:12:08 UTC","0b436325d4b6c24edaf2d03bd3bbc288ea4ede6e8f58ba2e40365bc0e526679e"
"analysis/provenance/sessionInfo_trial_location_map.txt",1252,"2026-09-28 17:14:08 UTC","6f7b9856c032d79edf2c3fb7635c01632c884c0b497460d5e67c403c61e8f38f"
"analysis/provenance/trial_location_map_provenance.csv",821,"2026-09-28 17:14:08 UTC","2e00a83ac2eeb37717538fae790acaa352023cf78481ad6d504f2c8a015dfbf5"
"analysis/refund_sensitivity/README.md",1257,"2026-09-28 14:56:43 UTC","0b021cf968f67c200819a225a77ed70e0c23397e3b0af26dcf570b4599ef6274"
"analysis/refund_sensitivity/config/frozen_refund_specification.csv",583,"2026-09-28 15:04:59 UTC","5fa67d013c04deaa3e9a45b364260de479a7bc02ba141c1084b42c440a9ec168"
"analysis/refund_sensitivity/config/matched_refund_specification.csv",440,"2026-09-25 12:06:31 UTC","4d54213f57fd7fb012dedb356a064c6570ee2d7467da95905d46b8f745c4fc02"
"analysis/refund_sensitivity/models/matched_refund_models.rds",3885104,"2026-09-25 12:06:31 UTC","df6843cd36a98a095abe04b7769e101babb85de4098b104e0e1939b866a140d6"
"analysis/refund_sensitivity/models/refund_sensitivity_models.rds",3900947,"2026-09-28 15:04:58 UTC","04c41973af1a0a69e546ab836b367a077c8cb69275e098ea5a2f0aba93048694"
"analysis/refund_sensitivity/outputs/figures/figure0_parameterization_matched_curves.png",255928,"2026-09-25 12:08:06 UTC","2d73e7ae7d8f9a15f1045a9f8d0d4de247d6ababc75fa8d95767345c5b2edc6b"
"analysis/refund_sensitivity/outputs/figures/figure1_curve_method_comparison.png",282227,"2026-09-25 12:08:07 UTC","43d6a63581eec16099a5bbac286fb8f1fdd22202aadde6c9230577a27624afb4"
"analysis/refund_sensitivity/outputs/figures/figure2_interval_contrast_comparison.png",188934,"2026-09-25 12:08:07 UTC","709f62670acbd3118720ea7f89beb5e104d76aece8c5df04b574765e3571fa6b"
"analysis/refund_sensitivity/outputs/figures/figure3_refund_loso_stability.png",420377,"2026-09-25 12:08:08 UTC","fd1deeeecb652aa60de8c3aec54d4f73f78941d9bf6b5d1dcf63165c055887a3"
"analysis/refund_sensitivity/outputs/figures/matched_only/figure1_matched_coefficient_curves.png",237034,"2026-09-25 12:16:35 UTC","d019af65aa9e82c4adedede1756fad5e5c7c1cbac781d03450ee722d4aaf6085"
"analysis/refund_sensitivity/outputs/figures/matched_only/figure2_matched_interval_contrasts.png",187640,"2026-09-25 12:16:36 UTC","47327d70767226e9db254f49a47d97e81ce6f14a723a30dc06e46c3c37d308fa"
"analysis/refund_sensitivity/outputs/figures/penalized_comparison/figure1_penalized_curve_comparison.png",108678,"2026-09-25 13:43:32 UTC","9bdb6dd342e7c13be234da3c9abd2b7e591cfc04bafd0365616b33f4a8a3de9f"
"analysis/refund_sensitivity/outputs/figures/penalized_comparison/figure2_penalized_interval_comparison.png",91541,"2026-09-25 13:43:33 UTC","3e2f544136f11cda541cf210dd5b1f8a388f42e3e66b38af025e7c3ac6e2cf4b"
"analysis/refund_sensitivity/outputs/figures/penalized_comparison/figure3_penalized_loso.png",111736,"2026-09-25 13:43:33 UTC","0f6b32d51b657dcd81d91f28e0c896f4c14f25f95a80dcaf3f4c170c63ca28b9"
"analysis/refund_sensitivity/outputs/tables/global_and_curve_comparison.csv",838,"2026-09-28 15:04:58 UTC","caed0510f088563ade966bd6d93221876eea334dc9513b749d6fa684d4bd6c8d"
"analysis/refund_sensitivity/outputs/tables/interval_contrast_comparison.csv",4314,"2026-09-28 15:04:58 UTC","128e6233672a88fdc8df3ac6a80c0c8e0c24ff4aef306dfdf0063816c3f47478"
"analysis/refund_sensitivity/outputs/tables/matched_refund_comparison.csv",967,"2026-09-25 12:06:30 UTC","24d0c7cfdeb105d6a24617fef667745ae76edc85c8617bcd7847550692baf621"
"analysis/refund_sensitivity/outputs/tables/matched_refund_functional_curves.csv",65728,"2026-09-25 12:06:30 UTC","1dd49835aae356a679583904cbe1880e43e587a6b9e4fb87c1e98d22e35e7422"
"analysis/refund_sensitivity/outputs/tables/matched_refund_global_tests.csv",819,"2026-09-25 12:06:30 UTC","5b23ef8ffab7f589f54f3ed07a74065a6e501e2feb6446d14f016dc7255c3228"
"analysis/refund_sensitivity/outputs/tables/matched_refund_interval_contrasts.csv",3040,"2026-09-25 12:06:30 UTC","0587270c21ead736bd0b0cac3dcdfe112330eb132e1cb2461406054fb7053f21"
"analysis/refund_sensitivity/outputs/tables/matched_refund_loso_comparison.csv",362,"2026-09-25 12:16:36 UTC","e3b6f1a89a6dcd831195e39dd4e7817460a631c79e08d76f2c7a7946093e83d4"
"analysis/refund_sensitivity/outputs/tables/matched_refund_loso_curves.csv",106410,"2026-09-25 12:06:30 UTC","7cb37891d62566b7004e4b48dc29c390850bd255a088ff08b07c5cad16aa540b"
"analysis/refund_sensitivity/outputs/tables/matched_refund_loso_global_tests.csv",1529,"2026-09-25 12:06:30 UTC","f83614771b71750aad13572d99edf97261dff440f3cad9b624b72ffead061dec"
"analysis/refund_sensitivity/outputs/tables/penalized_association_survival.csv",346,"2026-09-25 13:43:34 UTC","5ea8eb2f93d7d1a09cb056229804e60d870f7c8997a38cd92898c0410f8dcd1a"
"analysis/refund_sensitivity/outputs/tables/refund_functional_curves.csv",65924,"2026-09-28 15:04:58 UTC","902234c8adc5fa286f697f8dfd8d42c46fd30358ffc336a7d555bcfdfdd561ef"
"analysis/refund_sensitivity/outputs/tables/refund_global_tests.csv",1005,"2026-09-28 15:04:58 UTC","fb037635aed0763f9dcf724f56af8e62db65022698fc4271303aad9c4dd85df2"
"analysis/refund_sensitivity/outputs/tables/refund_interval_contrasts.csv",4817,"2026-09-28 15:04:58 UTC","9ffb29d72a505fe2101050228b7a368251ee44c92d9266723731671b56a92fda"
"analysis/refund_sensitivity/outputs/tables/refund_loso_curves.csv",106540,"2026-09-28 15:04:58 UTC","5343bb73badb4c09aadcb9da6d09064857304f4cc9b8b011a4c15300d84bee8f"
"analysis/refund_sensitivity/outputs/tables/refund_loso_global_tests.csv",1724,"2026-09-28 15:04:58 UTC","d071155b6e8e1fface6f531a21f7343d30b74629159317a189b8aa6e5ab26b26"
"analysis/refund_sensitivity/provenance/manifest.csv",4907,"2026-09-28 15:04:59 UTC","e7876103cec3b5a17638c451b2d1a48d89d49aa30d272018a8c1d6a7464f0c2d"
"analysis/refund_sensitivity/provenance/sessionInfo.txt",1626,"2026-09-28 15:04:59 UTC","e67a66fcf09f7057811f0aa6dd7f53e1494d5508f310be60e9bea8aa07e27822"
"analysis/refund_sensitivity/provenance/verification_audit.csv",502,"2026-09-25 12:38:14 UTC","cd140e74a7d94a9b4f0e8ef915f28bb80be0e79a779ba19a4753dd08bac6d98d"
"analysis/refund_sensitivity/report/refund_comparison_report.html",3102640,"2026-09-25 12:38:13 UTC","82a1c7a3195368b61f60d0fde42402e9e751f2abf130e4cc987583922a7ff81d"
"analysis/refund_sensitivity/report/refund_comparison_report.qmd",6148,"2026-09-28 14:56:46 UTC","b05f9eb2cac3653923c2528a51e25f772977b22315061aa081aa3429138998a9"
"analysis/refund_sensitivity/run_all.R",592,"2026-09-25 12:35:37 UTC","dc2db439f4d3f3f48944723d2bdfadb29666f6933ffed1c333391822847a79f0"
"analysis/refund_sensitivity/scripts/01_fit_refund_sensitivity.R",12999,"2026-09-28 14:56:41 UTC","ec90ed66027877bc158fd334130c805ca254502e74ff35bd2cbb55fba4f284c1"
"analysis/refund_sensitivity/scripts/01b_fit_parameterization_matched.R",10448,"2026-09-28 14:56:42 UTC","7ded6a4f5053e25c3cc57e631dbc27831461dc0a3251a6b6a4ddeee6424bdd06"
"analysis/refund_sensitivity/scripts/02_build_comparison_report.R",14300,"2026-09-28 14:56:44 UTC","96c981d00ecae3cd246d7d56a778a63c48b66f77e0bbe9af4e14a40ca8b8473d"
"analysis/refund_sensitivity/scripts/03_verify_refund_sensitivity.R",3754,"2026-09-25 12:37:30 UTC","c7d7737bbd2e988a64dc6767a4beb7a26ff01f9fe99da14e30b7943f69dbe2da"
"analysis/run_all.R",126,"2026-09-19 13:11:02 UTC","717cdcf88f877b4677695744daf93fcd48562fd1ef7059fb7c351ebaedb585f7"
"analysis/scripts/01_prepare_data_weather.R",21402,"2026-09-28 17:11:32 UTC","fb20bed39939372ab1d133f8c6baf73e6f221f2d340c746f71527e2044bf4b76"
"analysis/scripts/02_fit_consolidated_analysis.R",10931,"2026-09-28 17:11:31 UTC","4571449a7d6d1842cf84431ba33a5348345a3a265288d8aa07346d43f75af98d"
"analysis/scripts/03_render_figures.R",28739,"2026-09-28 17:11:10 UTC","d26c61aa823c6aef644d37e2a384b91740ac0d2f22783fc6246c5d0b0bbd6439"
"analysis/scripts/04_verify_analysis.R",7209,"2026-09-28 17:11:11 UTC","57e8bca392a01b0519ae53c7173440c7a92baa10439e3cff827262e25d8bfccc"
"analysis/scripts/10_trial_location_map.R",11408,"2026-09-24 22:03:33 UTC","427c4e98196bbd365127970f3bc73d19ef6ce41eb8c11131b7e46f515164dc2d"
"audit_dependencies.R",1316,"2026-09-28 15:07:29 UTC","3f2cd9a437238ec98d76dae2044729cade3fb2a2056b6eb721cb27757326e1bb"
"data/raw/ValidationTrials.xlsx",8422,"2026-09-05 14:37:25 UTC","152bb15dad367ad0b3cfc79fc677d373aeb79d09123a28e02055f04aceb882e9"
"data/raw/trial_data_source.csv",4900,"2026-08-19 18:20:13 UTC","cdcc252c3e72a10546c99b241802e802358e62efd15f58cd0ff1bac049bff055"
"figures/figure1_trial_locations_map.png",139094,"2026-09-28 17:14:08 UTC","e70ac5b0e45a00fbf17bb0c0ed74ef2a74e7ecf7bda7df998fc482aaa8eebc00"
"figures/figure2_all_process_broad_intervals.png",80550,"2026-09-28 17:14:09 UTC","79fc2f8631c4f18e540bd7aae473d8bd54c6e47a925b344fdf7d7ce58c1ab6d8"
"figures/figure3_all_process_functional_curves.png",113115,"2026-09-28 17:14:10 UTC","636d0bb5f063e1ac58ce827e341cca1fc21c51123da27799a0816b304bdaffde"
"figures/figure3b_functional_pointwise_bootstrap.png",109796,"2026-09-28 17:14:11 UTC","5cae299270a06345eec7cf7ef939271d4cf70538567f618eef0e2b687fe06e5b"
"figures/figure4_all_process_shared_sensitivities.png",109976,"2026-09-28 17:14:16 UTC","0ea957a7deb187b5731861bed0cfce14e2e62f2d5f01f280a0f85485bacdfacb"
"figures/figure4b_functional_shared_sensitivities.png",172173,"2026-09-28 17:14:20 UTC","6b1bd13c3ab07574d548713c4139902eca5f9430ad21b2431907b3f308600ead"
"figures/figure5_all_process_loso_stability.png",93020,"2026-09-28 17:14:19 UTC","69f155959d27fcdee893ae1709b0a107cf420ce7e36f9c552ec5677f4b1177e2"
"figures/figure5b_functional_loso_stability.png",151394,"2026-09-28 17:14:21 UTC","26c0698b9129e01b9fdc560c734d4aacde66f819ecea962878fac61336e987db"
"figures/figure6_days_after_sowing.png",60288,"2026-09-28 17:14:22 UTC","e32cd94297b271b3ccb67ae0984c362f8a10a0a6338b5924898ad8ba612fa5c4"
"figures/figure8_ga_distributions.png",85846,"2026-09-28 17:14:12 UTC","6a8b53c7b1b5f0bcbabc7f3287bd1e9a85fa52012b8ef8b016b9b145c65f00aa"
"figures/figureS1_process_correlations.png",48967,"2026-09-28 17:14:22 UTC","fe6b2629792e51cf811c397b309880f67328f66c6a25e4d9104d085ef32fa253"
"figures/figureS2_fit_and_stability.png",99168,"2026-09-28 17:14:23 UTC","76170ad3628a73aa58fa94625784e563209d2aeabc99f678da5331b160f78d3f"
"figures/figureS3_functional_coefficient_heatmap.png",37176,"2026-09-28 17:14:24 UTC","9a3301cb91d099e437d34678dfe341beea66d34f002d2ab760d81bb39175ad27"
"figures/figureS4_broad_residual_vs_fitted.png",83666,"2026-09-28 17:14:26 UTC","dc6ce5ec3cf5a0a1b6bfb0b203d4927ab7b0741a087b459ca6c81168b4191aea"
"figures/figureS5_broad_normal_qq.png",73435,"2026-09-28 17:14:26 UTC","53beb4eae470851d447d99072df53856ac352f50e5a092cd0091120835eabe56"
"figures/figureS6_functional_residual_vs_fitted.png",76712,"2026-09-28 17:14:27 UTC","e25efe4431726d17102ac9c1646a73f4163187c5c9e196ce3136547179ed33de"
"figures/figureS7_functional_normal_qq.png",74024,"2026-09-28 17:14:28 UTC","72e24f982924c450d635faef7f5ea292f52d75df4f4d8961289cf997b9c35af8"
"figures/figureS8_refund_penalized_curves.png",121342,"2026-09-28 17:14:30 UTC","143b6eb12645faa92632630afe6c881236113f037d30cd681f40cb6f93b6cd4f"
"figures/figureS9_refund_penalized_contrasts.png",74751,"2026-09-28 17:14:31 UTC","944b215e9e8031fdd6875a9ad704289b11fa34cf53ea25d2c946a6f0aa3b70dd"
"install_dependencies.R",997,"2026-09-28 14:58:34 UTC","31c075a66e37c6d6bed02c01afcabfb461a3a7f5520232327d1877b7abea7188"
"make_project_manifest.R",1759,"2026-09-24 22:03:37 UTC","2619cfc5802e06d7aad3bd177c6a7adea7652c2be19a24368129bc9f5ba71e6f"
"required_package_manifest.csv",3899,"2026-09-28 15:14:29 UTC","2fbb408744da0493d3fb818a6507611f5385c762a3e4c6b01c6cef16ff216ec5"
"run_final_analysis.R",728,"2026-09-25 12:47:57 UTC","6ae0f3bba350be9a830df26dbcec4e39196e966bb18b9f51c6c885058aa4cf64"
