"Package","Version","role"
"DBI","1.3.0","dependency"
"FNN","1.1.4.1","dependency"
"Formula","1.2-6","dependency"
"KernSmooth","2.23-26","dependency"
"MASS","7.3-65","dependency"
"Matrix","1.7-3","dependency"
"R6","2.6.1","dependency"
"RColorBrewer","1.1-3","dependency"
"RCurl","1.98-1.20","dependency"
"RLRsim","3.1-9","dependency"
"Rcpp","1.1.2","dependency"
"RcppEigen","0.3.4.0.2","dependency"
"Rdpack","2.6.6","dependency"
"S7","0.2.2","dependency"
"abind","1.4-8","dependency"
"ash","1.0-15","dependency"
"bitops","1.1-0","dependency"
"boot","1.3-31","dependency"
"car","3.1-5","dependency"
"carData","3.0-6","dependency"
"cellranger","1.1.0","dependency"
"class","7.3-23","dependency"
"classInt","0.4-11","dependency"
"cli","3.6.6","dependency"
"cluster","2.1.8.1","dependency"
"colorspace","2.1-3","dependency"
"compiler","4.5.0","dependency"
"cpp11","0.5.5","dependency"
"deSolve","1.42","dependency"
"digest","0.6.39","direct"
"dplyr","1.2.1","dependency"
"e1071","1.7-17","dependency"
"farver","2.1.2","dependency"
"fda","6.3.0","dependency"
"fds","1.9","dependency"
"gamm4","0.3-0","dependency"
"generics","0.1.4","dependency"
"ggplot2","4.0.3","direct"
"ggrepel","0.9.8","direct"
"glue","1.8.1","dependency"
"grDevices","4.5.0","dependency"
"graphics","4.5.0","dependency"
"grid","4.5.0","dependency"
"grpreg","3.6.0","dependency"
"gtable","0.3.6","dependency"
"hdrcde","3.5.0","dependency"
"isoband","0.3.0","dependency"
"kernlab","0.9-33","dependency"
"ks","1.15.3","dependency"
"labeling","0.4.3","dependency"
"lattice","0.22-6","dependency"
"lifecycle","1.0.5","dependency"
"lme4","2.0-6","dependency"
"lmtest","0.9-40","direct"
"magic","1.6-1","dependency"
"magrittr","2.0.5","dependency"
"mclust","6.1.3","dependency"
"methods","4.5.0","dependency"
"mgcv","1.9-1","dependency"
"minqa","1.2.8","dependency"
"multicool","1.0.1","dependency"
"mvtnorm","1.4-2","dependency"
"nlme","3.1-168","dependency"
"nloptr","2.2.1","dependency"
"nnet","7.3-20","dependency"
"parallel","4.5.0","dependency"
"patchwork","1.3.2","direct"
"pbs","1.1","dependency"
"pcaPP","2.0-5","dependency"
"pillar","1.11.1","dependency"
"pkgconfig","2.0.3","dependency"
"pracma","2.4.6","dependency"
"proxy","0.4-29","dependency"
"r4pde","0.2.2","direct"
"rainbow","3.8","dependency"
"rbibutils","2.4.1","dependency"
"readxl","1.5.0.1","direct"
"reformulas","0.4.4","dependency"
"refund","0.1-40","direct"
"rlang","1.3.0","dependency"
"rnaturalearth","1.2.0","direct"
"s2","1.1.12","dependency"
"scales","1.4.0","dependency"
"sf","1.1-3","direct"
"splines","4.5.0","dependency"
"stats","4.5.0","dependency"
"survival","3.8-3","dependency"
"tibble","3.3.1","dependency"
"tidyselect","1.2.1","dependency"
"tools","4.5.0","dependency"
"units","1.0-1","dependency"
"utf8","1.2.6","dependency"
"utils","4.5.0","dependency"
"vctrs","0.7.3","dependency"
"viridisLite","0.4.3","dependency"
"withr","3.0.3","dependency"
"wk","0.9.5","dependency"
"zoo","1.9-0","dependency"
