"path","relative_path","bytes","modified_utc","sha256"
"D:/Igor_Masters/Proj_PodAndGrainRot/tmp/statistical_review_recommendations/README.md","README.md",1988,"2026-09-28 14:32:14 UTC","10b2256ca55f7a3e64aa50e59dbf5653646e2aa631d8f67f87103ae9d5e6ff7a"
"D:/Igor_Masters/Proj_PodAndGrainRot/tmp/statistical_review_recommendations/analysis/01_run_recommended_analyses.R","analysis/01_run_recommended_analyses.R",29705,"2026-09-28 14:23:46 UTC","757680b4d634ddfb688c83f26d36d329eb937841e97ba2ff5cafb900d2da6c85"
"D:/Igor_Masters/Proj_PodAndGrainRot/tmp/statistical_review_recommendations/analysis/02_render_recommendation_figures.R","analysis/02_render_recommendation_figures.R",9548,"2026-09-28 14:28:47 UTC","f5f4e40ba6d6c69a95bc6d02d9c349b7f6ed6991744ffd77eb8e0fcc41bfba67"
"D:/Igor_Masters/Proj_PodAndGrainRot/tmp/statistical_review_recommendations/analysis/03_verify_recommendations.R","analysis/03_verify_recommendations.R",4251,"2026-09-28 14:32:13 UTC","2987e2c262c70c46dc5f928f66c1d82beeb890840004905894ead32c68dcd8ca"
"D:/Igor_Masters/Proj_PodAndGrainRot/tmp/statistical_review_recommendations/analysis/extract_review.py","analysis/extract_review.py",2174,"2026-09-28 14:08:02 UTC","ac83ef422fa40649e33aa02e7d538143557d313ded2cdb14ad867e8031d7b1eb"
"D:/Igor_Masters/Proj_PodAndGrainRot/tmp/statistical_review_recommendations/outputs/figures/figure1_global_inference_comparison.png","outputs/figures/figure1_global_inference_comparison.png",59960,"2026-09-28 14:28:55 UTC","497f1a4b347d70929921f9ed9729a66d456199dd9722873b60c97455d4daaa45"
"D:/Igor_Masters/Proj_PodAndGrainRot/tmp/statistical_review_recommendations/outputs/figures/figure2_cluster_robust_broad_coefficients.png","outputs/figures/figure2_cluster_robust_broad_coefficients.png",95099,"2026-09-28 14:28:56 UTC","25ea753bf823495e2d964872f213c574bdf149cf74526ad369fb392d4daae4ef"
"D:/Igor_Masters/Proj_PodAndGrainRot/tmp/statistical_review_recommendations/outputs/figures/figure3_cell_season_bootstrap_functional_curves.png","outputs/figures/figure3_cell_season_bootstrap_functional_curves.png",114720,"2026-09-28 14:28:57 UTC","34b99d1b0b9ea38f03661ca3a77597b9c44623eb6392602ab933d3b43134fc2f"
"D:/Igor_Masters/Proj_PodAndGrainRot/tmp/statistical_review_recommendations/outputs/figures/figure4_covariate_adjustment_sensitivity.png","outputs/figures/figure4_covariate_adjustment_sensitivity.png",88497,"2026-09-28 14:28:57 UTC","30cdb9a34737d549725f8841aff91a9982b9eb53163f566aa12bc1dd6e816067"
"D:/Igor_Masters/Proj_PodAndGrainRot/tmp/statistical_review_recommendations/outputs/figures/figure5_loso_predictions.png","outputs/figures/figure5_loso_predictions.png",166563,"2026-09-28 14:28:58 UTC","81be01a0e280bc1ac62d8d65a86d69486eec2d4446f2682b52ea3c42ef586d63"
"D:/Igor_Masters/Proj_PodAndGrainRot/tmp/statistical_review_recommendations/outputs/figures/figure6_penalized_k10_curves.png","outputs/figures/figure6_penalized_k10_curves.png",109985,"2026-09-28 14:28:59 UTC","438d60d0373e8e132458393c85327a7cf868df29063b23bc7306f8b2f743b36b"
"D:/Igor_Masters/Proj_PodAndGrainRot/tmp/statistical_review_recommendations/outputs/figures/figure7_cross_process_correlations.png","outputs/figures/figure7_cross_process_correlations.png",191285,"2026-09-28 14:29:00 UTC","9a533103b90cdc1ac9bbefcff3ec2301814b370c394108830a0d3fb60c52ce5d"
"D:/Igor_Masters/Proj_PodAndGrainRot/tmp/statistical_review_recommendations/outputs/figures/figure8_lograin_influence.png","outputs/figures/figure8_lograin_influence.png",128720,"2026-09-28 14:29:00 UTC","1d58ac66ecb04e6f902718bbceff365d8bd5adcb91b217cb0fd1dc63d3d01dba"
"D:/Igor_Masters/Proj_PodAndGrainRot/tmp/statistical_review_recommendations/outputs/models/statistical_review_models.rds","outputs/models/statistical_review_models.rds",4395220,"2026-09-28 14:25:53 UTC","c96bce647d90956bf5a91bfd1045489e5a786eec140d5e0340c9eba95572bbae"
"D:/Igor_Masters/Proj_PodAndGrainRot/tmp/statistical_review_recommendations/outputs/provenance/sessionInfo.txt","outputs/provenance/sessionInfo.txt",1735,"2026-09-28 14:25:53 UTC","3922dbdf9a2bd3cb2ec3418fcad0eb5a0195b213581b765dda97066841f2ce78"
"D:/Igor_Masters/Proj_PodAndGrainRot/tmp/statistical_review_recommendations/outputs/review_all_xml_text.txt","outputs/review_all_xml_text.txt",14284,"2026-09-28 14:08:10 UTC","4cfb9c0255554936009e67efd79290821f738ba2d24ac374a23ce29d1aa426f7"
"D:/Igor_Masters/Proj_PodAndGrainRot/tmp/statistical_review_recommendations/outputs/review_text.txt","outputs/review_text.txt",15028,"2026-09-28 14:08:10 UTC","7311248bc809d3f9d24f70710e736e68f1124f2d3bccb8b82a16d70ab06bb0b4"
"D:/Igor_Masters/Proj_PodAndGrainRot/tmp/statistical_review_recommendations/outputs/tables/adjacent_interval_cluster_robust_contrasts.csv","outputs/tables/adjacent_interval_cluster_robust_contrasts.csv",2832,"2026-09-28 14:24:33 UTC","0212d75672a02126d1669c5414490a41ea08bddac15098ebe436b637b9e86612"
"D:/Igor_Masters/Proj_PodAndGrainRot/tmp/statistical_review_recommendations/outputs/tables/cell_season_bootstrap_functional_contrasts.csv","outputs/tables/cell_season_bootstrap_functional_contrasts.csv",2487,"2026-09-28 14:24:33 UTC","ccd51ced88f7c0fe314e4526af83f2614cc2b322bcf6ff7b026851639041228b"
"D:/Igor_Masters/Proj_PodAndGrainRot/tmp/statistical_review_recommendations/outputs/tables/cell_season_bootstrap_functional_curves.csv","outputs/tables/cell_season_bootstrap_functional_curves.csv",40516,"2026-09-28 14:24:33 UTC","c78e0398225889d70ca1803c6a77e390c01187524bd4125126c3c34a99f85b8b"
"D:/Igor_Masters/Proj_PodAndGrainRot/tmp/statistical_review_recommendations/outputs/tables/cell_season_cluster_counts.csv","outputs/tables/cell_season_cluster_counts.csv",2099,"2026-09-28 14:24:01 UTC","11b148fa01f44300a45b2c830123f0793f1ccb194f8949529da50adcdb6c1c35"
"D:/Igor_Masters/Proj_PodAndGrainRot/tmp/statistical_review_recommendations/outputs/tables/cluster_robust_broad_coefficients.csv","outputs/tables/cluster_robust_broad_coefficients.csv",17347,"2026-09-28 14:24:02 UTC","468d76ce931ae982af25e8ad08f3ee378eff75c87450cd22cd25a7ba8612408a"
"D:/Igor_Masters/Proj_PodAndGrainRot/tmp/statistical_review_recommendations/outputs/tables/cluster_robust_broad_global_tests.csv","outputs/tables/cluster_robust_broad_global_tests.csv",2678,"2026-09-28 14:24:02 UTC","71d87a816cdf90967ff520d7073b0d6635cfb32778ec2ffa00ad8d7db3c1b8e8"
"D:/Igor_Masters/Proj_PodAndGrainRot/tmp/statistical_review_recommendations/outputs/tables/cluster_robust_functional_curves_pointwise.csv","outputs/tables/cluster_robust_functional_curves_pointwise.csv",110332,"2026-09-28 14:24:02 UTC","e51c624471941eab1c1a9094807d431b7ae435c9080f563bfd791bd2d8b1eacb"
"D:/Igor_Masters/Proj_PodAndGrainRot/tmp/statistical_review_recommendations/outputs/tables/cluster_robust_functional_global_tests.csv","outputs/tables/cluster_robust_functional_global_tests.csv",2821,"2026-09-28 14:24:02 UTC","87592c3057d4ee3313640580fad8bc0687bec9126f4b357a094b9b398549981b"
"D:/Igor_Masters/Proj_PodAndGrainRot/tmp/statistical_review_recommendations/outputs/tables/cohort_summary.csv","outputs/tables/cohort_summary.csv",261,"2026-09-28 14:24:01 UTC","7bd5f0a57b6d2e026fdc39658bc29bdbfd8194489ed93e57f491f7dc256c4dee"
"D:/Igor_Masters/Proj_PodAndGrainRot/tmp/statistical_review_recommendations/outputs/tables/cross_process_correlations_by_interval.csv","outputs/tables/cross_process_correlations_by_interval.csv",5138,"2026-09-28 14:24:33 UTC","3b31f4f50e5b603a2fe9713a70a679acdb55228272451eb5d02b11fd952e0e1a"
"D:/Igor_Masters/Proj_PodAndGrainRot/tmp/statistical_review_recommendations/outputs/tables/cultivar_counts.csv","outputs/tables/cultivar_counts.csv",49,"2026-09-28 14:24:01 UTC","a7c04da5210d2aff61daccd9e870d4bf54d69633ae580a8b9e6a244926d320be"
"D:/Igor_Masters/Proj_PodAndGrainRot/tmp/statistical_review_recommendations/outputs/tables/descriptive_by_season.csv","outputs/tables/descriptive_by_season.csv",472,"2026-09-28 14:24:01 UTC","412af40cfd058f072053ee85331b2129e38b373acb6265349b4cbef1fbd07914"
"D:/Igor_Masters/Proj_PodAndGrainRot/tmp/statistical_review_recommendations/outputs/tables/incremental_r2_permutation_null.csv","outputs/tables/incremental_r2_permutation_null.csv",779,"2026-09-28 14:24:46 UTC","7e58aa9e047ba10e8b77a2793f20a4e041e2b0d9d1bc341f5214ab28286b9649"
"D:/Igor_Masters/Proj_PodAndGrainRot/tmp/statistical_review_recommendations/outputs/tables/influence_diagnostics.csv","outputs/tables/influence_diagnostics.csv",40886,"2026-09-28 14:24:46 UTC","cd674600412c303cc76e2f23f637846202db27a9743d8bbda2a50af0517a826d"
"D:/Igor_Masters/Proj_PodAndGrainRot/tmp/statistical_review_recommendations/outputs/tables/input_manifest.csv","outputs/tables/input_manifest.csv",746,"2026-09-28 14:25:53 UTC","6f7d0af893a887d7461b013ce3f8a560a118807793bbc36ce839c47df7e55558"
"D:/Igor_Masters/Proj_PodAndGrainRot/tmp/statistical_review_recommendations/outputs/tables/leave_one_season_out_prediction_metrics.csv","outputs/tables/leave_one_season_out_prediction_metrics.csv",885,"2026-09-28 14:24:46 UTC","c0d17772b96ba3f80fe54310d394d14f7e49cfef250b3aed95194b220c00e3c7"
"D:/Igor_Masters/Proj_PodAndGrainRot/tmp/statistical_review_recommendations/outputs/tables/leave_one_season_out_predictions.csv","outputs/tables/leave_one_season_out_predictions.csv",47058,"2026-09-28 14:24:46 UTC","21284fb00413a66e1ec8a42ee8ffab2173cd8bb4d073a9d41e554ab270031b09"
"D:/Igor_Masters/Proj_PodAndGrainRot/tmp/statistical_review_recommendations/outputs/tables/penalized_k10_functional_curves.csv","outputs/tables/penalized_k10_functional_curves.csv",29299,"2026-09-28 14:25:51 UTC","0811a524aea70060b707462c7ad9b26c1a4d161a8b989cf9279f6cedd27dd4ec"
"D:/Igor_Masters/Proj_PodAndGrainRot/tmp/statistical_review_recommendations/outputs/tables/penalized_k10_global_tests.csv","outputs/tables/penalized_k10_global_tests.csv",571,"2026-09-28 14:25:51 UTC","324fa2a1dcec6045fab068a70ae06054b4362f7a34d60148748cb5d6f33b0aa1"
"D:/Igor_Masters/Proj_PodAndGrainRot/tmp/statistical_review_recommendations/outputs/tables/penalized_k10_interval_contrasts.csv","outputs/tables/penalized_k10_interval_contrasts.csv",2494,"2026-09-28 14:25:51 UTC","1cc776496ac581c0c566c2e601db7bdbec135580cb471b7f821b4cfe587546da"
"D:/Igor_Masters/Proj_PodAndGrainRot/tmp/statistical_review_recommendations/outputs/tables/quasibinomial_logit_cluster_robust_coefficients.csv","outputs/tables/quasibinomial_logit_cluster_robust_coefficients.csv",3544,"2026-09-28 14:24:46 UTC","5679418f8c2c1453e7391d5a7cb232b4d6e532c9efe904babc6bc6b639972d94"
"D:/Igor_Masters/Proj_PodAndGrainRot/tmp/statistical_review_recommendations/outputs/tables/quasibinomial_logit_cluster_robust_global_tests.csv","outputs/tables/quasibinomial_logit_cluster_robust_global_tests.csv",302,"2026-09-28 14:24:46 UTC","6b98d0393fc84f29f6385c5fc56a1d65c5ab45eaff4fb1f9db4c112d4b8cc404"
"D:/Igor_Masters/Proj_PodAndGrainRot/tmp/statistical_review_recommendations/outputs/tables/recommendation_feasibility.csv","outputs/tables/recommendation_feasibility.csv",1003,"2026-09-28 14:25:51 UTC","e342fc49e02e246c68f1426617ba82b378c536840163a379fe732c910ae28d7e"
"D:/Igor_Masters/Proj_PodAndGrainRot/tmp/statistical_review_recommendations/outputs/tables/robust_regression_comparison.csv","outputs/tables/robust_regression_comparison.csv",1960,"2026-09-28 14:24:46 UTC","b8b911f28703e5306023a4b99471cf0232e36732e907ae30936444b8ff68df1a"
"D:/Igor_Masters/Proj_PodAndGrainRot/tmp/statistical_review_recommendations/outputs/tables/two_process_cluster_robust_tests.csv","outputs/tables/two_process_cluster_robust_tests.csv",396,"2026-09-28 14:25:51 UTC","d30c2a6108015681b669d28553677c12b0ea7be659545e59fd0d79f5e6d5d005"
"D:/Igor_Masters/Proj_PodAndGrainRot/tmp/statistical_review_recommendations/outputs/tables/weather_interval_descriptives.csv","outputs/tables/weather_interval_descriptives.csv",2979,"2026-09-28 14:24:01 UTC","ec92f5f8d9b8d4053a86a207dbcbaad89fea1ae439f55151818a783dfcad3e6b"
"D:/Igor_Masters/Proj_PodAndGrainRot/tmp/statistical_review_recommendations/outputs/tables/within_process_interval_correlations.csv","outputs/tables/within_process_interval_correlations.csv",11343,"2026-09-28 14:24:33 UTC","a463e13a6a94a35eb1ef458fe4d1c68cc093f6a9e24aa31ac716b9545967bf22"
"D:/Igor_Masters/Proj_PodAndGrainRot/tmp/statistical_review_recommendations/outputs/tables/within_process_interval_vif.csv","outputs/tables/within_process_interval_vif.csv",1169,"2026-09-28 14:24:33 UTC","0d7e7a93743b08f8fb3e37136f26327d863cf63da7bd8414f729240f96e7c124"
"D:/Igor_Masters/Proj_PodAndGrainRot/tmp/statistical_review_recommendations/outputs/verification_checks.csv","outputs/verification_checks.csv",462,"2026-09-28 14:32:41 UTC","cfbef39757191cf3f527d3ab68760a4e83a7883fe77ebe77d813be84f52f27df"
"D:/Igor_Masters/Proj_PodAndGrainRot/tmp/statistical_review_recommendations/report/statistical_review_followup.html","report/statistical_review_followup.html",3205502,"2026-09-28 14:31:24 UTC","fb00c1634541274eff942305cb3acecc663aa8d73c4181e0ca6998966275381e"
"D:/Igor_Masters/Proj_PodAndGrainRot/tmp/statistical_review_recommendations/report/statistical_review_followup.qmd","report/statistical_review_followup.qmd",16145,"2026-09-28 14:30:49 UTC","ce21469307f9c925c2e3d4c402626eae7a17abaef6b46aeaa6b11807f5fc0e1a"
