"interval","estimate","conf_low","conf_high","estimate_per_day","conf_low_per_day","conf_high_per_day","estimate_per_process_sd","conf_low_per_process_sd","conf_high_per_process_sd","process","process_label","domain","role","response","n","days","scenario"
"-80:-71",0.168484726913607,,,0.0168484726913607,,,0.167797667490394,,,"LogRain","Log rainfall amount","Rainfall","Retained process","ga",48,"-80:-1","Omit 2022/2023"
"-70:-61",2.90069246776136,,,0.290069246776136,,,2.88886381046805,,,"LogRain","Log rainfall amount","Rainfall","Retained process","ga",48,"-80:-1","Omit 2022/2023"
"-60:-51",4.03838160704591,,,0.403838160704591,,,4.02191359722402,,,"LogRain","Log rainfall amount","Rainfall","Retained process","ga",48,"-80:-1","Omit 2022/2023"
"-50:-41",3.92527388609464,,,0.392527388609464,,,3.90926711526421,,,"LogRain","Log rainfall amount","Rainfall","Retained process","ga",48,"-80:-1","Omit 2022/2023"
"-40:-31",2.90509104623495,,,0.290509104623495,,,2.89324445209451,,,"LogRain","Log rainfall amount","Rainfall","Retained process","ga",48,"-80:-1","Omit 2022/2023"
"-30:-21",1.32155482879424,,,0.132155482879424,,,1.31616569522084,,,"LogRain","Log rainfall amount","Rainfall","Retained process","ga",48,"-80:-1","Omit 2022/2023"
"-20:-11",-0.481613024900082,,,-0.0481613024900082,,,-0.47964906785091,,,"LogRain","Log rainfall amount","Rainfall","Retained process","ga",48,"-80:-1","Omit 2022/2023"
"-10:-1",-2.16069077352063,,,-0.216069077352063,,,-2.15187974961483,,,"LogRain","Log rainfall amount","Rainfall","Retained process","ga",48,"-80:-1","Omit 2022/2023"
"-80:-71",0.0412825533516529,,,0.00412825533516529,,,0.245183889030331,,,"RH","Relative humidity","Atmospheric moisture","Retained process","ga",48,"-80:-1","Omit 2022/2023"
"-70:-61",0.283122835447122,,,0.0283122835447122,,,1.68151318734844,,,"RH","Relative humidity","Atmospheric moisture","Retained process","ga",48,"-80:-1","Omit 2022/2023"
"-60:-51",0.336068232763296,,,0.0336068232763296,,,1.99596462909086,,,"RH","Relative humidity","Atmospheric moisture","Retained process","ga",48,"-80:-1","Omit 2022/2023"
"-50:-41",0.263311220164799,,,0.0263311220164799,,,1.56384873860382,,,"RH","Relative humidity","Atmospheric moisture","Retained process","ga",48,"-80:-1","Omit 2022/2023"
"-40:-31",0.128044272516252,,,0.0128044272516252,,,0.760476040233527,,,"RH","Relative humidity","Atmospheric moisture","Retained process","ga",48,"-80:-1","Omit 2022/2023"
"-30:-21",-0.00654013531772075,,,-0.000654013531772075,,,-0.0388429416737904,,,"RH","Relative humidity","Atmospheric moisture","Retained process","ga",48,"-80:-1","Omit 2022/2023"
"-20:-11",-0.0772495284724978,,,-0.00772495284724978,,,-0.458797682771915,,,"RH","Relative humidity","Atmospheric moisture","Retained process","ga",48,"-80:-1","Omit 2022/2023"
"-10:-1",-0.0208914320834562,,,-0.00208914320834562,,,-0.124077658714628,,,"RH","Relative humidity","Atmospheric moisture","Retained process","ga",48,"-80:-1","Omit 2022/2023"
"-80:-71",-0.170453979590388,,,-0.0170453979590388,,,-0.375791869452135,,,"Tmax","Maximum temperature","Thermal","Retained process","ga",48,"-80:-1","Omit 2022/2023"
"-70:-61",-0.552779337105747,,,-0.0552779337105747,,,-1.21868659789973,,,"Tmax","Maximum temperature","Thermal","Retained process","ga",48,"-80:-1","Omit 2022/2023"
"-60:-51",-0.470091070358563,,,-0.0470091070358563,,,-1.03638766643827,,,"Tmax","Maximum temperature","Thermal","Retained process","ga",48,"-80:-1","Omit 2022/2023"
"-50:-41",-0.0906307482147516,,,-0.00906307482147516,,,-0.199809346682967,,,"Tmax","Maximum temperature","Thermal","Retained process","ga",48,"-80:-1","Omit 2022/2023"
"-40:-31",0.417360060459769,,,0.0417360060459769,,,0.920134089750971,,,"Tmax","Maximum temperature","Thermal","Retained process","ga",48,"-80:-1","Omit 2022/2023"
"-30:-21",0.885639786799083,,,0.0885639786799083,,,1.95252837124833,,,"Tmax","Maximum temperature","Thermal","Retained process","ga",48,"-80:-1","Omit 2022/2023"
"-20:-11",1.14596686193727,,,0.114596686193727,,,2.5264592261939,,,"Tmax","Maximum temperature","Thermal","Retained process","ga",48,"-80:-1","Omit 2022/2023"
"-10:-1",1.03009971700842,,,0.103009971700842,,,2.27101238297248,,,"Tmax","Maximum temperature","Thermal","Retained process","ga",48,"-80:-1","Omit 2022/2023"
"-80:-71",2.55837646911236,,,0.255837646911236,,,2.02502904121319,,,"Tmin","Minimum temperature","Thermal","Retained process","ga",48,"-80:-1","Omit 2022/2023"
"-70:-61",4.18894010605833,,,0.418894010605833,,,3.31566736525445,,,"Tmin","Minimum temperature","Thermal","Retained process","ga",48,"-80:-1","Omit 2022/2023"
"-60:-51",1.84045623192824,,,0.184045623192824,,,1.45677438943517,,,"Tmin","Minimum temperature","Thermal","Retained process","ga",48,"-80:-1","Omit 2022/2023"
"-50:-41",-2.21767815427745,,,-0.221767815427745,,,-1.7553564616837,,,"Tmin","Minimum temperature","Thermal","Retained process","ga",48,"-80:-1","Omit 2022/2023"
"-40:-31",-5.71606605355828,,,-0.571606605355828,,,-4.52443176354121,,,"Tmin","Minimum temperature","Thermal","Retained process","ga",48,"-80:-1","Omit 2022/2023"
"-30:-21",-6.38531046691378,,,-0.638531046691378,,,-5.05415809157642,,,"Tmin","Minimum temperature","Thermal","Retained process","ga",48,"-80:-1","Omit 2022/2023"
"-20:-11",-1.95601439534351,,,-0.195601439534351,,,-1.54824202122839,,,"Tmin","Minimum temperature","Thermal","Retained process","ga",48,"-80:-1","Omit 2022/2023"
"-10:-1",9.84121916015301,,,0.984121916015301,,,7.78960987206386,,,"Tmin","Minimum temperature","Thermal","Retained process","ga",48,"-80:-1","Omit 2022/2023"
"-80:-71",-2.37315801571157,,,-0.237315801571157,,,-2.21046936152271,,,"LogRain","Log rainfall amount","Rainfall","Retained process","ga",58,"-80:-1","Omit 2023/2024"
"-70:-61",1.89062047173074,,,0.189062047173074,,,1.76101152951475,,,"LogRain","Log rainfall amount","Rainfall","Retained process","ga",58,"-80:-1","Omit 2023/2024"
"-60:-51",3.79855149142744,,,0.379855149142744,,,3.5381469056746,,,"LogRain","Log rainfall amount","Rainfall","Retained process","ga",58,"-80:-1","Omit 2023/2024"
"-50:-41",3.95386569998787,,,0.395386569998787,,,3.68281375767477,,,"LogRain","Log rainfall amount","Rainfall","Retained process","ga",58,"-80:-1","Omit 2023/2024"
"-40:-31",2.95979375402136,,,0.295979375402136,,,2.7568890762332,,,"LogRain","Log rainfall amount","Rainfall","Retained process","ga",58,"-80:-1","Omit 2023/2024"
"-30:-21",1.41956631013725,,,0.141956631013725,,,1.32224985206785,,,"LogRain","Log rainfall amount","Rainfall","Retained process","ga",58,"-80:-1","Omit 2023/2024"
"-20:-11",-0.0635859750550978,,,-0.00635859750550978,,,-0.0592269241033648,,,"LogRain","Log rainfall amount","Rainfall","Retained process","ga",58,"-80:-1","Omit 2023/2024"
"-10:-1",-0.886432444946359,,,-0.0886432444946359,,,-0.825664261562488,,,"LogRain","Log rainfall amount","Rainfall","Retained process","ga",58,"-80:-1","Omit 2023/2024"
"-80:-71",-0.302160055525698,,,-0.0302160055525698,,,-1.59535315553249,,,"RH","Relative humidity","Atmospheric moisture","Retained process","ga",58,"-80:-1","Omit 2023/2024"
"-70:-61",0.160978315703805,,,0.0160978315703805,,,0.849937836699033,,,"RH","Relative humidity","Atmospheric moisture","Retained process","ga",58,"-80:-1","Omit 2023/2024"
"-60:-51",0.353840282858414,,,0.0353840282858414,,,1.86821587264592,,,"RH","Relative humidity","Atmospheric moisture","Retained process","ga",58,"-80:-1","Omit 2023/2024"
"-50:-41",0.356667108325791,,,0.0356667108325791,,,1.88314102521671,,,"RH","Relative humidity","Atmospheric moisture","Retained process","ga",58,"-80:-1","Omit 2023/2024"
"-40:-31",0.249700054493599,,,0.0249700054493599,,,1.31837336731995,,,"RH","Relative humidity","Atmospheric moisture","Retained process","ga",58,"-80:-1","Omit 2023/2024"
"-30:-21",0.113180383749498,,,0.0113180383749498,,,0.597572971864193,,,"RH","Relative humidity","Atmospheric moisture","Retained process","ga",58,"-80:-1","Omit 2023/2024"
"-20:-11",0.0273493584811535,,,0.00273493584811535,,,0.144399911757981,,,"RH","Relative humidity","Atmospheric moisture","Retained process","ga",58,"-80:-1","Omit 2023/2024"
"-10:-1",0.0724482410762259,,,0.00724482410762259,,,0.382514259909864,,,"RH","Relative humidity","Atmospheric moisture","Retained process","ga",58,"-80:-1","Omit 2023/2024"
"-80:-71",2.12220456419687,,,0.212220456419687,,,4.34244565327884,,,"Tmax","Maximum temperature","Thermal","Retained process","ga",58,"-80:-1","Omit 2023/2024"
"-70:-61",0.342742694403052,,,0.0342742694403052,,,0.701318595112371,,,"Tmax","Maximum temperature","Thermal","Retained process","ga",58,"-80:-1","Omit 2023/2024"
"-60:-51",-0.372794952641222,,,-0.0372794952641222,,,-0.762811393855334,,,"Tmax","Maximum temperature","Thermal","Retained process","ga",58,"-80:-1","Omit 2023/2024"
"-50:-41",-0.36310829447203,,,-0.036310829447203,,,-0.742990596477337,,,"Tmax","Maximum temperature","Thermal","Retained process","ga",58,"-80:-1","Omit 2023/2024"
"-40:-31",0.0331027513745532,,,0.00331027513745532,,,0.0677347043933056,,,"Tmax","Maximum temperature","Thermal","Retained process","ga",58,"-80:-1","Omit 2023/2024"
"-30:-21",0.477138267362452,,,0.0477138267362452,,,0.976318225903538,,,"Tmax","Maximum temperature","Thermal","Retained process","ga",58,"-80:-1","Omit 2023/2024"
"-20:-11",0.630298335955592,,,0.0630298335955592,,,1.2897136852003,,,"Tmax","Maximum temperature","Thermal","Retained process","ga",58,"-80:-1","Omit 2023/2024"
"-10:-1",0.153883039617897,,,0.0153883039617897,,,0.314874799430543,,,"Tmax","Maximum temperature","Thermal","Retained process","ga",58,"-80:-1","Omit 2023/2024"
"-80:-71",3.57864559950504,,,0.357864559950504,,,2.67037507974303,,,"Tmin","Minimum temperature","Thermal","Retained process","ga",58,"-80:-1","Omit 2023/2024"
"-70:-61",5.77396408765738,,,0.577396408765738,,,4.30851543755659,,,"Tmin","Minimum temperature","Thermal","Retained process","ga",58,"-80:-1","Omit 2023/2024"
"-60:-51",4.80704625384623,,,0.480704625384623,,,3.5870041239117,,,"Tmin","Minimum temperature","Thermal","Retained process","ga",58,"-80:-1","Omit 2023/2024"
"-50:-41",1.98221049974047,,,0.198221049974047,,,1.47911978823609,,,"Tmin","Minimum temperature","Thermal","Retained process","ga",58,"-80:-1","Omit 2023/2024"
"-40:-31",-1.39622477299104,,,-0.139622477299104,,,-1.04185892004249,,,"Tmin","Minimum temperature","Thermal","Retained process","ga",58,"-80:-1","Omit 2023/2024"
"-30:-21",-4.02394116267941,,,-0.402394116267941,,,-3.0026533514963,,,"Tmin","Minimum temperature","Thermal","Retained process","ga",58,"-80:-1","Omit 2023/2024"
"-20:-11",-4.59662026765579,,,-0.459662026765579,,,-3.42998485669758,,,"Tmin","Minimum temperature","Thermal","Retained process","ga",58,"-80:-1","Omit 2023/2024"
"-10:-1",-1.80994368625129,,,-0.180994368625129,,,-1.35057478621861,,,"Tmin","Minimum temperature","Thermal","Retained process","ga",58,"-80:-1","Omit 2023/2024"
"-80:-71",-1.72453952404926,,,-0.172453952404926,,,-1.69967413721658,,,"LogRain","Log rainfall amount","Rainfall","Retained process","ga",55,"-80:-1","Omit 2024/2025"
"-70:-61",1.84808547896156,,,0.184808547896156,,,1.82143873663214,,,"LogRain","Log rainfall amount","Rainfall","Retained process","ga",55,"-80:-1","Omit 2024/2025"
"-60:-51",4.1792284385884,,,0.417922843858839,,,4.11896995779485,,,"LogRain","Log rainfall amount","Rainfall","Retained process","ga",55,"-80:-1","Omit 2024/2025"
"-50:-41",5.27340981147521,,,0.527340981147521,,,5.19737480441333,,,"LogRain","Log rainfall amount","Rainfall","Retained process","ga",55,"-80:-1","Omit 2024/2025"
"-40:-31",5.13515005426595,,,0.513515005426595,,,5.06110855462937,,,"LogRain","Log rainfall amount","Rainfall","Retained process","ga",55,"-80:-1","Omit 2024/2025"
"-30:-21",3.76896962360458,,,0.376896962360458,,,3.71462648658474,,,"LogRain","Log rainfall amount","Rainfall","Retained process","ga",55,"-80:-1","Omit 2024/2025"
"-20:-11",1.17938897613506,,,0.117938897613506,,,1.16238387842124,,,"LogRain","Log rainfall amount","Rainfall","Retained process","ga",55,"-80:-1","Omit 2024/2025"
"-10:-1",-2.62907143149868,,,-0.262907143149868,,,-2.59116399171935,,,"LogRain","Log rainfall amount","Rainfall","Retained process","ga",55,"-80:-1","Omit 2024/2025"
"-80:-71",-0.0768493107487414,,,-0.00768493107487414,,,-0.464138276305393,,,"RH","Relative humidity","Atmospheric moisture","Retained process","ga",55,"-80:-1","Omit 2024/2025"
"-70:-61",0.114916986279737,,,0.0114916986279737,,,0.694051402809245,,,"RH","Relative humidity","Atmospheric moisture","Retained process","ga",55,"-80:-1","Omit 2024/2025"
"-60:-51",0.311688284215563,,,0.0311688284215563,,,1.88246923194124,,,"RH","Relative humidity","Atmospheric moisture","Retained process","ga",55,"-80:-1","Omit 2024/2025"
"-50:-41",0.466809034466327,,,0.0466809034466327,,,2.81933485817938,,,"RH","Relative humidity","Atmospheric moisture","Retained process","ga",55,"-80:-1","Omit 2024/2025"
"-40:-31",0.533623688439622,,,0.0533623688439622,,,3.22286792861247,,,"RH","Relative humidity","Atmospheric moisture","Retained process","ga",55,"-80:-1","Omit 2024/2025"
"-30:-21",0.465476697543039,,,0.0465476697543039,,,2.81128809032931,,,"RH","Relative humidity","Atmospheric moisture","Retained process","ga",55,"-80:-1","Omit 2024/2025"
"-20:-11",0.21571251318417,,,0.021571251318417,,,1.30281499041869,,,"RH","Relative humidity","Atmospheric moisture","Retained process","ga",55,"-80:-1","Omit 2024/2025"
"-10:-1",-0.262324413229395,,,-0.0262324413229395,,,-1.58433172403058,,,"RH","Relative humidity","Atmospheric moisture","Retained process","ga",55,"-80:-1","Omit 2024/2025"
"-80:-71",1.73164500125048,,,0.173164500125048,,,3.90786869716093,,,"Tmax","Maximum temperature","Thermal","Retained process","ga",55,"-80:-1","Omit 2024/2025"
"-70:-61",0.14546921065083,,,0.014546921065083,,,0.328285863610943,,,"Tmax","Maximum temperature","Thermal","Retained process","ga",55,"-80:-1","Omit 2024/2025"
"-60:-51",-0.660266301829834,,,-0.0660266301829834,,,-1.49004790869246,,,"Tmax","Maximum temperature","Thermal","Retained process","ga",55,"-80:-1","Omit 2024/2025"
"-50:-41",-0.856494981936722,,,-0.0856494981936722,,,-1.93288458475548,,,"Tmax","Maximum temperature","Thermal","Retained process","ga",55,"-80:-1","Omit 2024/2025"
"-40:-31",-0.614150275415044,,,-0.0614150275415044,,,-1.38597612958435,,,"Tmax","Maximum temperature","Thermal","Retained process","ga",55,"-80:-1","Omit 2024/2025"
"-30:-21",-0.104165628010011,,,-0.0104165628010011,,,-0.235074508185267,,,"Tmax","Maximum temperature","Thermal","Retained process","ga",55,"-80:-1","Omit 2024/2025"
"-20:-11",0.502525514533169,,,0.0502525514533169,,,1.13406831443554,,,"Tmax","Maximum temperature","Thermal","Retained process","ga",55,"-80:-1","Omit 2024/2025"
"-10:-1",1.03498970646928,,,0.103498970646928,,,2.33570037327186,,,"Tmax","Maximum temperature","Thermal","Retained process","ga",55,"-80:-1","Omit 2024/2025"
"-80:-71",1.29784141648814,,,0.129784141648814,,,1.09367202918753,,,"Tmin","Minimum temperature","Thermal","Retained process","ga",55,"-80:-1","Omit 2024/2025"
"-70:-61",5.83126245513821,,,0.583126245513821,,,4.91391980639133,,,"Tmin","Minimum temperature","Thermal","Retained process","ga",55,"-80:-1","Omit 2024/2025"
"-60:-51",5.4526170642606,,,0.54526170642606,,,4.59484085905415,,,"Tmin","Minimum temperature","Thermal","Retained process","ga",55,"-80:-1","Omit 2024/2025"
"-50:-41",2.21156480212452,,,0.221156480212452,,,1.86365339716475,,,"Tmin","Minimum temperature","Thermal","Retained process","ga",55,"-80:-1","Omit 2024/2025"
"-40:-31",-1.84223477300081,,,-0.184223477300081,,,-1.55242436928814,,,"Tmin","Minimum temperature","Thermal","Retained process","ga",55,"-80:-1","Omit 2024/2025"
"-30:-21",-4.65912210284617,,,-0.465912210284617,,,-3.92617423031576,,,"Tmin","Minimum temperature","Thermal","Retained process","ga",55,"-80:-1","Omit 2024/2025"
"-20:-11",-4.18943762914235,,,-0.418943762914235,,,-3.53037797592937,,,"Tmin","Minimum temperature","Thermal","Retained process","ga",55,"-80:-1","Omit 2024/2025"
"-10:-1",1.61647820637987,,,0.161647820637987,,,1.36218260385978,,,"Tmin","Minimum temperature","Thermal","Retained process","ga",55,"-80:-1","Omit 2024/2025"
"-80:-71",-0.489823189274185,,,-0.0489823189274185,,,-0.473449158431492,,,"LogRain","Log rainfall amount","Rainfall","Retained process","ga",55,"-80:-1","Omit 2025/2026"
"-70:-61",1.91755068881423,,,0.191755068881423,,,1.85344993815848,,,"LogRain","Log rainfall amount","Rainfall","Retained process","ga",55,"-80:-1","Omit 2025/2026"
"-60:-51",4.44186785228787,,,0.444186785228787,,,4.29338308716211,,,"LogRain","Log rainfall amount","Rainfall","Retained process","ga",55,"-80:-1","Omit 2025/2026"
"-50:-41",6.61670057850149,,,0.661670057850149,,,6.39551452254977,,,"LogRain","Log rainfall amount","Rainfall","Retained process","ga",55,"-80:-1","Omit 2025/2026"
"-40:-31",7.97562114480986,,,0.797562114480985,,,7.70900847829183,,,"LogRain","Log rainfall amount","Rainfall","Retained process","ga",55,"-80:-1","Omit 2025/2026"
"-30:-21",8.05220182856772,,,0.805220182856772,,,7.78302918835865,,,"LogRain","Log rainfall amount","Rainfall","Retained process","ga",55,"-80:-1","Omit 2025/2026"
"-20:-11",6.38001490712984,,,0.638001490712984,,,6.16674088672059,,,"LogRain","Log rainfall amount","Rainfall","Retained process","ga",55,"-80:-1","Omit 2025/2026"
"-10:-1",2.49263265785098,,,0.249263265785098,,,2.40930780734802,,,"LogRain","Log rainfall amount","Rainfall","Retained process","ga",55,"-80:-1","Omit 2025/2026"
"-80:-71",-0.00687816114975177,,,-0.000687816114975177,,,-0.0405466679385837,,,"RH","Relative humidity","Atmospheric moisture","Retained process","ga",55,"-80:-1","Omit 2025/2026"
"-70:-61",0.146095411215428,,,0.0146095411215428,,,0.86123049415854,,,"RH","Relative humidity","Atmospheric moisture","Retained process","ga",55,"-80:-1","Omit 2025/2026"
"-60:-51",0.257300013447033,,,0.0257300013447033,,,1.51678013624419,,,"RH","Relative humidity","Atmospheric moisture","Retained process","ga",55,"-80:-1","Omit 2025/2026"
"-50:-41",0.333494285232038,,,0.0333494285232038,,,1.96594434883323,,,"RH","Relative humidity","Atmospheric moisture","Retained process","ga",55,"-80:-1","Omit 2025/2026"
"-40:-31",0.381436866257416,,,0.0381436866257416,,,2.24856522244053,,,"RH","Relative humidity","Atmospheric moisture","Retained process","ga",55,"-80:-1","Omit 2025/2026"
"-30:-21",0.40788639621014,,,0.040788639621014,,,2.40448484758096,,,"RH","Relative humidity","Atmospheric moisture","Retained process","ga",55,"-80:-1","Omit 2025/2026"
"-20:-11",0.419601514777185,,,0.0419601514777185,,,2.47354531476938,,,"RH","Relative humidity","Atmospheric moisture","Retained process","ga",55,"-80:-1","Omit 2025/2026"
"-10:-1",0.423340861645524,,,0.0423340861645524,,,2.49558871452066,,,"RH","Relative humidity","Atmospheric moisture","Retained process","ga",55,"-80:-1","Omit 2025/2026"
"-80:-71",2.02187298812544,,,0.202187298812544,,,4.61237796801932,,,"Tmax","Maximum temperature","Thermal","Retained process","ga",55,"-80:-1","Omit 2025/2026"
"-70:-61",0.359284703033851,,,0.0359284703033851,,,0.81961471281938,,,"Tmax","Maximum temperature","Thermal","Retained process","ga",55,"-80:-1","Omit 2025/2026"
"-60:-51",-0.376142104364619,,,-0.0376142104364619,,,-0.858070494637892,,,"Tmax","Maximum temperature","Thermal","Retained process","ga",55,"-80:-1","Omit 2025/2026"
"-50:-41",-0.462062832724816,,,-0.0462062832724816,,,-1.0540763153854,,,"Tmax","Maximum temperature","Thermal","Retained process","ga",55,"-80:-1","Omit 2025/2026"
"-40:-31",-0.176132880701593,,,-0.0176132880701593,,,-0.401801410456055,,,"Tmax","Maximum temperature","Thermal","Retained process","ga",55,"-80:-1","Omit 2025/2026"
"-30:-21",0.203992353050201,,,0.0203992353050201,,,0.465355559117242,,,"Tmax","Maximum temperature","Thermal","Retained process","ga",55,"-80:-1","Omit 2025/2026"
"-20:-11",0.400657469875712,,,0.0400657469875712,,,0.913995932301582,,,"Tmax","Maximum temperature","Thermal","Retained process","ga",55,"-80:-1","Omit 2025/2026"
"-10:-1",0.136207071120092,,,0.0136207071120092,,,0.310721048064061,,,"Tmax","Maximum temperature","Thermal","Retained process","ga",55,"-80:-1","Omit 2025/2026"
"-80:-71",1.64239697406162,,,0.164239697406162,,,1.40289664110465,,,"Tmin","Minimum temperature","Thermal","Retained process","ga",55,"-80:-1","Omit 2025/2026"
"-70:-61",5.20563090780766,,,0.520563090780766,,,4.44652677198608,,,"Tmin","Minimum temperature","Thermal","Retained process","ga",55,"-80:-1","Omit 2025/2026"
"-60:-51",4.80581395510058,,,0.480581395510058,,,4.10501258944204,,,"Tmin","Minimum temperature","Thermal","Retained process","ga",55,"-80:-1","Omit 2025/2026"
"-50:-41",2.05878198755628,,,0.205878198755628,,,1.75856286922329,,,"Tmin","Minimum temperature","Thermal","Retained process","ga",55,"-80:-1","Omit 2025/2026"
"-40:-31",-1.41962912320936,,,-0.141962912320936,,,-1.2126136129194,,,"Tmin","Minimum temperature","Thermal","Retained process","ga",55,"-80:-1","Omit 2025/2026"
"-30:-21",-4.01358350558042,,,-0.401358350558042,,,-3.42830808123527,,,"Tmin","Minimum temperature","Thermal","Retained process","ga",55,"-80:-1","Omit 2025/2026"
"-20:-11",-4.10724528794101,,,-0.410724528794101,,,-3.50831175997355,,,"Tmin","Minimum temperature","Thermal","Retained process","ga",55,"-80:-1","Omit 2025/2026"
"-10:-1",-0.0847785986752434,,,-0.00847785986752434,,,-0.0724158733834808,,,"Tmin","Minimum temperature","Thermal","Retained process","ga",55,"-80:-1","Omit 2025/2026"
