"feature","interval","estimate","std_error","conf_low","conf_high","p_value","df","naive_std_error","naive_conf_low","naive_conf_high","naive_p_value","inference","raw_estimate","raw_conf_low","raw_conf_high","feature_sd","process","process_label","domain","role","raw_unit","response","n","days","covariates","scenario"
"LogRain_B1","-80:-71",-0.87140174594508,1.66597490805175,-4.84755578068927,3.10475228879911,0.617792447737748,6.69440884396643,1.70914561330355,-4.33445970584,2.59165621394984,0.613187011330728,"CR2 with Satterthwaite degrees of freedom",-1.55279103148035,-8.63808361170002,5.53250154873932,0.561184169845658,"LogRain","Log rainfall amount","Rainfall","Retained process","one-unit higher mean log1p rainfall","ga",48,"-80:-1","season","Omit 2022/2023"
"LogRain_B2","-70:-61",1.40937735881661,3.35497949386221,-7.57891892447771,10.3976736421109,0.69412413413037,4.40275429845255,1.53575569052841,-1.70235924638611,4.52111396401934,0.364714728381425,"CR2 with Satterthwaite degrees of freedom",2.19536627874549,-11.80556997887,16.196302536361,0.641978230449079,"LogRain","Log rainfall amount","Rainfall","Retained process","one-unit higher mean log1p rainfall","ga",48,"-80:-1","season","Omit 2022/2023"
"LogRain_B3","-60:-51",2.89209117464707,2.33304606811221,-2.50869591592522,8.29287826521936,0.250993180040051,7.82696653935376,1.49193201556502,-0.130850230642601,5.91503257993673,0.0602212544551571,"CR2 with Satterthwaite degrees of freedom",5.65025567009508,-4.90121938331723,16.2017307235074,0.511851382222215,"LogRain","Log rainfall amount","Rainfall","Retained process","one-unit higher mean log1p rainfall","ga",48,"-80:-1","season","Omit 2022/2023"
"LogRain_B4","-50:-41",3.01472510314883,1.23569562877935,-0.116492741774711,6.14594294807238,0.0563040046014335,5.25164346318289,1.13972663590048,0.705419583573764,5.3240306227239,0.0119146048684966,"CR2 with Satterthwaite degrees of freedom",7.20821287296584,-0.278534344637468,14.6949600905691,0.41823474920607,"LogRain","Log rainfall amount","Rainfall","Retained process","one-unit higher mean log1p rainfall","ga",48,"-80:-1","season","Omit 2022/2023"
"LogRain_B5","-40:-31",-2.2099625184667,2.37728278414067,-7.69941175497682,3.27948671804341,0.379969926613895,7.93830147305326,1.39368736619739,-5.03384135567475,0.613916318741348,0.121319353567911,"CR2 with Satterthwaite degrees of freedom",-5.8471063673692,-20.3710601973273,8.67684746258895,0.377958323248536,"LogRain","Log rainfall amount","Rainfall","Retained process","one-unit higher mean log1p rainfall","ga",48,"-80:-1","season","Omit 2022/2023"
"LogRain_B6","-30:-21",0.54000256487821,1.84972125228904,-3.59534692203386,4.67535205179029,0.776446941255121,9.75771414889283,1.3989883062936,-2.29461699719974,3.37462212695616,0.701710988416138,"CR2 with Satterthwaite degrees of freedom",1.34013425997743,-8.92263833563181,11.6029068555867,0.402946615876621,"LogRain","Log rainfall amount","Rainfall","Retained process","one-unit higher mean log1p rainfall","ga",48,"-80:-1","season","Omit 2022/2023"
"LogRain_B7","-20:-11",1.85315120169309,2.69397065375801,-4.29546338350678,8.00176578689296,0.509844688701631,8.50558301778473,1.55979874439917,-1.30730125805077,5.01360366143695,0.242376099984685,"CR2 with Satterthwaite degrees of freedom",5.11489938736713,-11.8559473229619,22.0857460976961,0.362304526706828,"LogRain","Log rainfall amount","Rainfall","Retained process","one-unit higher mean log1p rainfall","ga",48,"-80:-1","season","Omit 2022/2023"
"LogRain_B8","-10:-1",-0.615846313105853,1.31910027857544,-3.529128141187,2.2974355149753,0.649956055548315,10.7000220441165,1.27516092943117,-3.19956777746849,1.96787515125678,0.631972622056871,"CR2 with Satterthwaite degrees of freedom",-1.9047178497562,-10.915050105107,7.10561440559463,0.323326792566511,"LogRain","Log rainfall amount","Rainfall","Retained process","one-unit higher mean log1p rainfall","ga",48,"-80:-1","season","Omit 2022/2023"
"RH_B1","-80:-71",0.77549330493023,1.90314931249402,-3.82975815045578,5.38074476031624,0.697163075155864,6.29020454569666,1.8882238315771,-3.05041159112324,4.6013982009837,0.683661462055863,"CR2 with Satterthwaite degrees of freedom",0.158016777183477,-0.780362688470151,1.09639624283711,4.90766435534704,"RH","Relative humidity","Atmospheric moisture","Retained process","one percentage-point higher mean RH","ga",48,"-80:-1","season","Omit 2022/2023"
"RH_B2","-70:-61",0.856851989289897,3.505843734732,-7.8134492394408,9.52715321802059,0.815404394851219,5.74848178158923,1.86222471360093,-2.91637368987486,4.63007766845465,0.648120757879828,"CR2 with Satterthwaite degrees of freedom",0.163495428732187,-1.49087969596407,1.81787055342844,5.24083147727298,"RH","Relative humidity","Atmospheric moisture","Retained process","one percentage-point higher mean RH","ga",48,"-80:-1","season","Omit 2022/2023"
"RH_B3","-60:-51",0.777692434508702,2.30779779729157,-4.63142299986408,6.18680786888148,0.745585400593185,7.31978254133387,1.88771878876677,-3.04718914760896,4.60257401662637,0.682735025408638,"CR2 with Satterthwaite degrees of freedom",0.189860564855394,-1.13068424973438,1.51040537944517,4.09612409560156,"RH","Relative humidity","Atmospheric moisture","Retained process","one percentage-point higher mean RH","ga",48,"-80:-1","season","Omit 2022/2023"
"RH_B4","-50:-41",4.2152278107171,1.49248082241319,0.650138548089135,7.78031707334507,0.0269552756212044,6.66802137350724,1.46485794653817,1.24714368003316,7.18331194140105,0.00661812172760854,"CR2 with Satterthwaite degrees of freedom",1.10065873607343,0.169760853920494,2.03155661822636,3.82973184381819,"RH","Relative humidity","Atmospheric moisture","Retained process","one percentage-point higher mean RH","ga",48,"-80:-1","season","Omit 2022/2023"
"RH_B5","-40:-31",-5.03720106935728,1.92237183792599,-9.28871792756722,-0.785684211147344,0.0245070599483245,10.5834852008793,1.42375501272574,-7.92200274534208,-2.15239939337248,0.00110624137083597,"CR2 with Satterthwaite degrees of freedom",-1.75655841173153,-3.23913526285981,-0.273981560603252,2.86765360930517,"RH","Relative humidity","Atmospheric moisture","Retained process","one percentage-point higher mean RH","ga",48,"-80:-1","season","Omit 2022/2023"
"RH_B6","-30:-21",-0.365452177553759,1.81483161487581,-4.46161868399022,3.7307143288827,0.844821827021841,9.13556432493071,1.42709443732604,-3.25702017049454,2.52611581538702,0.799306512305584,"CR2 with Satterthwaite degrees of freedom",-0.115103225193603,-1.40523639385115,1.17502994346395,3.17499511363895,"RH","Relative humidity","Atmospheric moisture","Retained process","one percentage-point higher mean RH","ga",48,"-80:-1","season","Omit 2022/2023"
"RH_B7","-20:-11",3.99532392761031,1.69607430861311,0.0608977946792244,7.9297500605414,0.0473121255873567,7.73690494382995,1.39102146669374,1.17684671588376,6.81380113933687,0.00671001050435026,"CR2 with Satterthwaite degrees of freedom",1.3390590002415,0.0204102950211329,2.65770770546187,2.98368027614152,"RH","Relative humidity","Atmospheric moisture","Retained process","one percentage-point higher mean RH","ga",48,"-80:-1","season","Omit 2022/2023"
"RH_B8","-10:-1",-0.576977497922363,1.49576044023375,-4.04039122667763,2.8864362308329,0.709974318874407,7.81601528886335,1.44025025932422,-3.49520171824082,2.3412467223961,0.691011811309031,"CR2 with Satterthwaite degrees of freedom",-0.221718410932084,-1.55262402008387,1.1091871982197,2.60229854389051,"RH","Relative humidity","Atmospheric moisture","Retained process","one percentage-point higher mean RH","ga",48,"-80:-1","season","Omit 2022/2023"
"Tmax_B1","-80:-71",0.750452578299277,1.49121563678153,-3.05462545780574,4.5555306144043,0.635664615607846,5.12621148311949,2.13418220485532,-3.57381131990942,5.07471647650798,0.727106945960481,"CR2 with Satterthwaite degrees of freedom",0.483004503546941,-1.96601077194425,2.93201977903813,1.5537175591291,"Tmax","Maximum temperature","Thermal","Retained process","one degree-C higher mean Tmax","ga",48,"-80:-1","season","Omit 2022/2023"
"Tmax_B2","-70:-61",-2.77671631641193,3.02322688041992,-10.1853447597482,4.63191212692431,0.394009405962102,5.96327071134332,2.11700209513704,-7.06617000579543,1.51273737297157,0.197726926422856,"CR2 with Satterthwaite degrees of freedom",-1.71998606173046,-6.30912524882062,2.86915312535971,1.61438303378945,"Tmax","Maximum temperature","Thermal","Retained process","one degree-C higher mean Tmax","ga",48,"-80:-1","season","Omit 2022/2023"
"Tmax_B3","-60:-51",0.741227478884666,2.16752825078843,-4.12918555314489,5.61164051091422,0.739882810818099,9.41670103894688,2.14568632845362,-3.60634598785267,5.088800945622,0.731712410758478,"CR2 with Satterthwaite degrees of freedom",0.489333875458787,-2.72595178507351,3.70461953599108,1.51476837402632,"Tmax","Maximum temperature","Thermal","Retained process","one degree-C higher mean Tmax","ga",48,"-80:-1","season","Omit 2022/2023"
"Tmax_B4","-50:-41",-4.36003777776346,1.60362618639133,-7.90961907126881,-0.810456484258106,0.0207209552924168,10.5136298026257,1.43056705863106,-7.25864196981944,-1.46143358570748,0.00423950048770965,"CR2 with Satterthwaite degrees of freedom",-3.36906349268332,-6.11187567913848,-0.626251306228157,1.29413939132707,"Tmax","Maximum temperature","Thermal","Retained process","one degree-C higher mean Tmax","ga",48,"-80:-1","season","Omit 2022/2023"
"Tmax_B5","-40:-31",6.47733734881347,1.96149281913537,2.0463749451692,10.9082997524577,0.00908140917777342,9.0839445652406,1.72902524854022,2.97399942183426,9.98067527579269,0.000610703719594739,"CR2 with Satterthwaite degrees of freedom",4.67756785021805,1.47777661368363,7.87735908675247,1.38476609131635,"Tmax","Maximum temperature","Thermal","Retained process","one degree-C higher mean Tmax","ga",48,"-80:-1","season","Omit 2022/2023"
"Tmax_B6","-30:-21",0.996596382918795,1.09382870079536,-1.47555116686102,3.46874393269861,0.385852165133457,9.05441300664612,1.33927623146937,-1.71703502319847,3.71022778903606,0.461497471582888,"CR2 with Satterthwaite degrees of freedom",0.876375118310702,-1.29755270097023,3.05030293759163,1.13718014363513,"Tmax","Maximum temperature","Thermal","Retained process","one degree-C higher mean Tmax","ga",48,"-80:-1","season","Omit 2022/2023"
"Tmax_B7","-20:-11",-2.18194897527837,2.11097992382329,-6.88592816874874,2.522030218192,0.325679547780985,9.9933732507008,1.75121470464071,-5.73024701096713,1.36634906041039,0.220609815953272,"CR2 with Satterthwaite degrees of freedom",-2.02125527356165,-6.37880114619625,2.33629059907295,1.07950193318904,"Tmax","Maximum temperature","Thermal","Retained process","one degree-C higher mean Tmax","ga",48,"-80:-1","season","Omit 2022/2023"
"Tmax_B8","-10:-1",0.300409480053387,1.53358946588643,-3.12533174242885,3.72615070253563,0.848694519365485,9.81623136530872,2.02011098112313,-3.79272416438064,4.39354312448741,0.882590505187945,"CR2 with Satterthwaite degrees of freedom",0.303665193805741,-3.15920279581644,3.76653318342792,0.989278607430974,"Tmax","Maximum temperature","Thermal","Retained process","one degree-C higher mean Tmax","ga",48,"-80:-1","season","Omit 2022/2023"
"Tmin_B1","-80:-71",1.08064736558398,2.6411129533168,-5.27699401737719,7.43828874854515,0.695687585558397,6.43724314244814,2.30020912102496,-3.5800190188276,5.74131374999556,0.641252288006002,"CR2 with Satterthwaite degrees of freedom",2.00298506078973,-9.7809336507891,13.7869037723686,0.539518435128932,"Tmin","Minimum temperature","Thermal","Retained process","one degree-C higher mean Tmin","ga",48,"-80:-1","season","Omit 2022/2023"
"Tmin_B2","-70:-61",5.04505102789433,3.46895365655575,-3.32094471409128,13.4110467698799,0.19318593087571,6.38395716350092,2.83890326329662,-0.707113367466033,10.7972154232547,0.0837716442764997,"CR2 with Satterthwaite degrees of freedom",8.24101430027418,-5.42471279833346,21.9067413988818,0.612188117150391,"Tmin","Minimum temperature","Thermal","Retained process","one degree-C higher mean Tmin","ga",48,"-80:-1","season","Omit 2022/2023"
"Tmin_B3","-60:-51",-0.846081310910186,2.51364270949722,-6.87499521520921,5.18283259338884,0.746956855528008,6.54354290153818,2.52307546211065,-5.95831779589248,4.26615517407211,0.739264623523534,"CR2 with Satterthwaite degrees of freedom",-1.5658322567101,-12.7234689312834,9.59180441786318,0.540339686632728,"Tmin","Minimum temperature","Thermal","Retained process","one degree-C higher mean Tmin","ga",48,"-80:-1","season","Omit 2022/2023"
"Tmin_B4","-50:-41",-4.1793186056252,1.90270789647422,-8.51607508512264,0.157437873872231,0.0570946214910158,8.57754723829844,2.50406219365985,-9.25303054937492,0.894393338124513,0.103555781196086,"CR2 with Satterthwaite degrees of freedom",-6.9838198084928,-14.2307250253615,0.263085408375858,0.598428756787602,"Tmin","Minimum temperature","Thermal","Retained process","one degree-C higher mean Tmin","ga",48,"-80:-1","season","Omit 2022/2023"
"Tmin_B5","-40:-31",-4.45459254866317,2.6143175968258,-10.5054336560298,1.5962485587035,0.127593977330518,7.83468510925272,2.58974137840907,-9.70190701079024,0.792721913463895,0.0937710192021863,"CR2 with Satterthwaite degrees of freedom",-8.24983802578848,-19.4559042395352,2.95622818795824,0.539961213146026,"Tmin","Minimum temperature","Thermal","Retained process","one degree-C higher mean Tmin","ga",48,"-80:-1","season","Omit 2022/2023"
"Tmin_B6","-30:-21",-1.90450644536387,2.07598332194068,-6.64222931836501,2.83321642763727,0.384195071101217,8.51024217498459,2.44886018893599,-6.86636850319801,3.05735561247027,0.441683900846052,"CR2 with Satterthwaite degrees of freedom",-3.20235049063214,-11.1686397115202,4.76393873025596,0.594721424445963,"Tmin","Minimum temperature","Thermal","Retained process","one degree-C higher mean Tmin","ga",48,"-80:-1","season","Omit 2022/2023"
"Tmin_B7","-20:-11",-2.99905947028445,2.72308079555132,-9.26318029893956,3.26506135837066,0.302340752573349,8.11393299493357,2.37144545809175,-7.80406438395457,1.80594544338567,0.213903213963631,"CR2 with Satterthwaite degrees of freedom",-4.92053003433586,-15.1980170203458,5.35695695167405,0.609499271289251,"Tmin","Minimum temperature","Thermal","Retained process","one degree-C higher mean Tmin","ga",48,"-80:-1","season","Omit 2022/2023"
"Tmin_B8","-10:-1",9.44974251305705,5.06661790827057,-2.38854152688496,21.2880265529991,0.101928790231372,7.44071965480487,3.52668330331207,2.30400338439554,16.5954816417186,0.0109395544036311,"CR2 with Satterthwaite degrees of freedom",15.5639022896647,-3.9339724746638,35.0617770539932,0.607157661181933,"Tmin","Minimum temperature","Thermal","Retained process","one degree-C higher mean Tmin","ga",48,"-80:-1","season","Omit 2022/2023"
"LogRain_B1","-80:-71",-0.667049934191433,0.99540335815677,-2.93364081760046,1.59954094921759,0.520302325584934,8.62929827381985,1.19488819497058,-3.07085492539117,1.7367550570083,0.579321467858164,"CR2 with Satterthwaite degrees of freedom",-1.54582888899405,-6.79845165006415,3.70679387207606,0.431516022853938,"LogRain","Log rainfall amount","Rainfall","Retained process","one-unit higher mean log1p rainfall","ga",58,"-80:-1","season","Omit 2023/2024"
"LogRain_B2","-70:-61",-1.4552622448324,1.42501240145866,-4.64839513308807,1.73787064342326,0.332190737374893,9.6003593321423,1.45887017976683,-4.39013048974156,1.47960600007675,0.323617020892312,"CR2 with Satterthwaite degrees of freedom",-2.77718201900913,-8.8708680697949,3.31650403177664,0.524006793530814,"LogRain","Log rainfall amount","Rainfall","Retained process","one-unit higher mean log1p rainfall","ga",58,"-80:-1","season","Omit 2023/2024"
"LogRain_B3","-60:-51",1.80452444861379,0.890127438948547,-0.2797003615437,3.88874925877129,0.0802724290632816,7.35816314812323,1.16254780242606,-0.534220064674215,4.1432689619018,0.12731914559754,"CR2 with Satterthwaite degrees of freedom",4.15085182850071,-0.643379898808319,8.94508355580974,0.434735934495062,"LogRain","Log rainfall amount","Rainfall","Retained process","one-unit higher mean log1p rainfall","ga",58,"-80:-1","season","Omit 2023/2024"
"LogRain_B4","-50:-41",3.33867446872147,0.573276922855903,1.98400833461143,4.69334060283151,0.000639701217850179,7.023486176514,1.1519623347457,1.02122516962282,5.65612376782012,0.00568500928296716,"CR2 with Satterthwaite degrees of freedom",8.44012408317764,5.01554634423271,11.8647018221226,0.395571728071619,"LogRain","Log rainfall amount","Rainfall","Retained process","one-unit higher mean log1p rainfall","ga",58,"-80:-1","season","Omit 2023/2024"
"LogRain_B5","-40:-31",-1.60554061515436,1.39084318227015,-4.75940474354692,1.5483235132382,0.278533718545754,8.86066170359958,1.30256046218053,-4.2259542685055,1.01487303819678,0.22385398925978,"CR2 with Satterthwaite degrees of freedom",-4.92183906426754,-14.5901162314709,4.74643810293585,0.326207459079788,"LogRain","Log rainfall amount","Rainfall","Retained process","one-unit higher mean log1p rainfall","ga",58,"-80:-1","season","Omit 2023/2024"
"LogRain_B6","-30:-21",-0.748958471628052,1.45176388779931,-4.00002132723284,2.50210438397674,0.617548588368523,9.64247508912658,1.32540469138877,-3.41532878638234,1.91741184312624,0.57470750996278,"CR2 with Satterthwaite degrees of freedom",-2.27635025684885,-12.1574825849215,7.60478207122383,0.329017236857403,"LogRain","Log rainfall amount","Rainfall","Retained process","one-unit higher mean log1p rainfall","ga",58,"-80:-1","season","Omit 2023/2024"
"LogRain_B7","-20:-11",2.42278670588599,1.72027234070142,-1.41562345959529,6.26119687136728,0.18965014273521,9.89717868578273,1.42720335403651,-0.448376102760265,5.29394951453225,0.0962007758821658,"CR2 with Satterthwaite degrees of freedom",7.15930595247523,-4.18315051676741,18.5017624217179,0.338410835068216,"LogRain","Log rainfall amount","Rainfall","Retained process","one-unit higher mean log1p rainfall","ga",58,"-80:-1","season","Omit 2023/2024"
"LogRain_B8","-10:-1",0.821220059171607,1.30230977394859,-1.99526768597187,3.63770780431508,0.539351682737724,12.86435856544,1.2682978699575,-1.73026614929906,3.37270626764227,0.520460190368424,"CR2 with Satterthwaite degrees of freedom",2.47312745422734,-6.00880511575339,10.9550600242081,0.33205731381449,"LogRain","Log rainfall amount","Rainfall","Retained process","one-unit higher mean log1p rainfall","ga",58,"-80:-1","season","Omit 2023/2024"
"RH_B1","-80:-71",-0.467022466494705,1.41564186022222,-3.75649506054435,2.82245012755494,0.750308829685264,7.66506810932952,1.40340362846422,-3.29030640299153,2.35626147000212,0.740781370579434,"CR2 with Satterthwaite degrees of freedom",-0.110355926415029,-0.887647858981796,0.666936006151738,4.2319654382519,"RH","Relative humidity","Atmospheric moisture","Retained process","one percentage-point higher mean RH","ga",58,"-80:-1","season","Omit 2023/2024"
"RH_B2","-70:-61",-2.32387252032104,2.00269156977444,-6.97432994633058,2.32658490568851,0.280635417372449,7.693312831805,1.79887606374809,-5.94274437694179,1.29499933629972,0.202726679835474,"CR2 with Satterthwaite degrees of freedom",-0.645646000194724,-1.93769158786258,0.646399587473137,3.59929825263415,"RH","Relative humidity","Atmospheric moisture","Retained process","one percentage-point higher mean RH","ga",58,"-80:-1","season","Omit 2023/2024"
"RH_B3","-60:-51",2.12034892035103,1.02967397255813,-0.262636654497222,4.50333449519929,0.0741682417085315,7.83830269762901,1.31251941971001,-0.520099571336676,4.76079741203874,0.112900700418286,"CR2 with Satterthwaite degrees of freedom",0.706714581955787,-0.0875370801979868,1.50096624410956,3.00029032156537,"RH","Relative humidity","Atmospheric moisture","Retained process","one percentage-point higher mean RH","ga",58,"-80:-1","season","Omit 2023/2024"
"RH_B4","-50:-41",1.85446186163234,1.14205682991333,-0.714855844780333,4.42377956804501,0.13764381099897,9.33823852383014,1.45970047946657,-1.08207673082131,4.791000454086,0.210181011141862,"CR2 with Satterthwaite degrees of freedom",0.640841538040162,-0.247030865679156,1.52871394175948,2.893791602997,"RH","Relative humidity","Atmospheric moisture","Retained process","one percentage-point higher mean RH","ga",58,"-80:-1","season","Omit 2023/2024"
"RH_B5","-40:-31",-2.62395125497934,1.3203328864629,-5.56932625416658,0.321423744207902,0.0752015750616071,9.91333175461294,1.38407782293447,-5.4083566855315,0.160454175572815,0.0641428063256835,"CR2 with Satterthwaite degrees of freedom",-1.00731132398888,-2.13801433702959,0.123391689051833,2.60490594366466,"RH","Relative humidity","Atmospheric moisture","Retained process","one percentage-point higher mean RH","ga",58,"-80:-1","season","Omit 2023/2024"
"RH_B6","-30:-21",-0.624474803700013,0.938075866005247,-2.73992471341074,1.49097510601072,0.521963058496743,9.18871933288542,1.35476921359452,-3.34991891744193,2.10096931004191,0.646963657517677,"CR2 with Satterthwaite degrees of freedom",-0.214556624952865,-0.941381454706952,0.512268204801221,2.91053610596822,"RH","Relative humidity","Atmospheric moisture","Retained process","one percentage-point higher mean RH","ga",58,"-80:-1","season","Omit 2023/2024"
"RH_B7","-20:-11",3.86672589422768,1.20376798980615,1.16308305166121,6.57036873679414,0.00998686743120172,9.44589741103972,1.33615245461044,1.17873386876838,6.55471791968697,0.00575169268546116,"CR2 with Satterthwaite degrees of freedom",1.36591349832434,0.410856854969789,2.3209701416789,2.83087171989387,"RH","Relative humidity","Atmospheric moisture","Retained process","one percentage-point higher mean RH","ga",58,"-80:-1","season","Omit 2023/2024"
"RH_B8","-10:-1",0.393647641798992,1.20030291303927,-2.24298815641416,3.03028344001214,0.749003485029118,11.1811647487213,1.23704510758936,-2.09496611844971,2.8822614020477,0.751730736661308,"CR2 with Satterthwaite degrees of freedom",0.140700661118115,-0.801706610118261,1.08310793235449,2.79776682405593,"RH","Relative humidity","Atmospheric moisture","Retained process","one percentage-point higher mean RH","ga",58,"-80:-1","season","Omit 2023/2024"
"Tmax_B1","-80:-71",1.9379674070177,1.14764496091501,-0.834808682786233,4.71074349682164,0.139641648568841,6.33302384909394,1.36966339438745,-0.817439933644152,4.69337474767956,0.16368286810577,"CR2 with Satterthwaite degrees of freedom",1.65832288087886,-0.714347586449435,4.03099334820715,1.168630927887,"Tmax","Maximum temperature","Thermal","Retained process","one degree-C higher mean Tmax","ga",58,"-80:-1","season","Omit 2023/2024"
"Tmax_B2","-70:-61",2.30990487892334,1.59574264944503,-1.44347250382442,6.0632822616711,0.189910804545492,7.18838905215604,1.51628698771335,-0.740471084700873,5.36028084254755,0.134360590753541,"CR2 with Satterthwaite degrees of freedom",2.02380466251623,-1.26468687525396,5.31229620028642,1.14136750532603,"Tmax","Maximum temperature","Thermal","Retained process","one degree-C higher mean Tmax","ga",58,"-80:-1","season","Omit 2023/2024"
"Tmax_B3","-60:-51",-3.1427298966692,1.1644191218075,-5.79801124371715,-0.487448549621253,0.0255485452824113,8.55205715565053,1.38855426744723,-5.93614077200515,-0.349319021333256,0.0282757541686788,"CR2 with Satterthwaite degrees of freedom",-2.63423613022575,-4.85989289688826,-0.408579363563243,1.19303272041898,"Tmax","Maximum temperature","Thermal","Retained process","one degree-C higher mean Tmax","ga",58,"-80:-1","season","Omit 2023/2024"
"Tmax_B4","-50:-41",-1.62346534283186,1.13431447517192,-4.11124577157595,0.864315085912231,0.179365952484808,11.3294447911886,1.38441595478335,-4.4085510069234,1.16162032125969,0.246836929044976,"CR2 with Satterthwaite degrees of freedom",-1.41563382915788,-3.58493553306868,0.753667874752925,1.14681163263639,"Tmax","Maximum temperature","Thermal","Retained process","one degree-C higher mean Tmax","ga",58,"-80:-1","season","Omit 2023/2024"
"Tmax_B5","-40:-31",4.55640179355449,1.05173547677726,2.10816533625212,7.00463825085686,0.00283340156257488,7.59108315826764,1.50840762553352,1.52187706204979,7.59092652505919,0.00407071450540597,"CR2 with Satterthwaite degrees of freedom",3.82026767884839,1.76756929275731,5.87296606493947,1.19269176314054,"Tmax","Maximum temperature","Thermal","Retained process","one degree-C higher mean Tmax","ga",58,"-80:-1","season","Omit 2023/2024"
"Tmax_B6","-30:-21",0.881142903976745,0.864556605618558,-1.07034116683081,2.8326269747843,0.334357511645151,9.13131301394328,1.2092299840492,-1.55151404535183,3.31379985330532,0.469812258660495,"CR2 with Satterthwaite degrees of freedom",0.818945088044276,-0.994788288200613,2.63267846428916,1.07594870137264,"Tmax","Maximum temperature","Thermal","Retained process","one degree-C higher mean Tmax","ga",58,"-80:-1","season","Omit 2023/2024"
"Tmax_B7","-20:-11",-3.58702590232232,1.11132916069346,-6.09279982328576,-1.08125198135888,0.01007344286259,9.19804963209755,1.27689921523603,-6.15581578556238,-1.01823601908226,0.00721491712867012,"CR2 with Satterthwaite degrees of freedom",-3.47895882489899,-5.90924077237383,-1.04867687742415,1.03106305158023,"Tmax","Maximum temperature","Thermal","Retained process","one degree-C higher mean Tmax","ga",58,"-80:-1","season","Omit 2023/2024"
"Tmax_B8","-10:-1",-0.215840203502871,1.04554908476267,-2.59160146799373,2.15992106098799,0.841175604489654,8.74476909227889,1.24619040645091,-2.72285193198152,2.29117152497578,0.863237982364363,"CR2 with Satterthwaite degrees of freedom",-0.227641069976166,-2.73329491703225,2.27801277707992,0.948160204683104,"Tmax","Maximum temperature","Thermal","Retained process","one degree-C higher mean Tmax","ga",58,"-80:-1","season","Omit 2023/2024"
"Tmin_B1","-80:-71",2.02933431526406,2.8952839391837,-6.07274090369246,10.1314095342206,0.522710941911728,3.92195871663037,2.14200598609794,-2.27982590762085,6.33849453814897,0.348281342733283,"CR2 with Satterthwaite degrees of freedom",3.66035643465417,-10.9535408116308,18.2742536809391,0.554408935712241,"Tmin","Minimum temperature","Thermal","Retained process","one degree-C higher mean Tmin","ga",58,"-80:-1","season","Omit 2023/2024"
"Tmin_B2","-70:-61",4.69477117447766,2.23680225230242,-0.267047810714747,9.65659015967007,0.0612985231024297,10.3393980589564,3.05148921447341,-1.44403330548792,10.8335756544432,0.130627930389277,"CR2 with Satterthwaite degrees of freedom",8.71787300467282,-0.495889749213564,17.9316357585592,0.538522546951673,"Tmin","Minimum temperature","Thermal","Retained process","one degree-C higher mean Tmin","ga",58,"-80:-1","season","Omit 2023/2024"
"Tmin_B3","-60:-51",-0.236268502589266,2.44268236141462,-6.01973528597284,5.54719828079431,0.925672632908972,6.95584657878545,2.07592957444491,-4.41250013114987,3.93996312597134,0.909870545726187,"CR2 with Satterthwaite degrees of freedom",-0.463044439523815,-11.797615513821,10.8715266347734,0.510250166986607,"Tmin","Minimum temperature","Thermal","Retained process","one degree-C higher mean Tmin","ga",58,"-80:-1","season","Omit 2023/2024"
"Tmin_B4","-50:-41",1.80373303670492,2.34239480737078,-3.27284471025637,6.8803107836662,0.455466568627936,12.6056105581475,1.97509474727651,-2.16964508484608,5.77711115825591,0.365778073055295,"CR2 with Satterthwaite degrees of freedom",3.33529344282098,-6.05183654085851,12.7224234265005,0.540801901729922,"Tmin","Minimum temperature","Thermal","Retained process","one degree-C higher mean Tmin","ga",58,"-80:-1","season","Omit 2023/2024"
"Tmin_B5","-40:-31",-0.200024446329697,1.64723224330385,-3.80319275704704,3.40314386438764,0.905429941747316,11.5892863855595,1.97859223856333,-4.18043861279882,3.78038972013942,0.919905624971677,"CR2 with Satterthwaite degrees of freedom",-0.35224457149329,-6.6974513745493,5.99296223156272,0.567856718080012,"Tmin","Minimum temperature","Thermal","Retained process","one degree-C higher mean Tmin","ga",58,"-80:-1","season","Omit 2023/2024"
"Tmin_B6","-30:-21",-3.53144980973548,1.34283284159329,-6.55750526772205,-0.505394351748904,0.0268059347810327,9.23296129104653,1.64485396966913,-6.8404691796881,-0.222430439782847,0.0369861961419822,"CR2 with Satterthwaite degrees of freedom",-7.13802087851292,-13.2545022678563,-1.02153948916952,0.49473794905335,"Tmin","Minimum temperature","Thermal","Retained process","one degree-C higher mean Tmin","ga",58,"-80:-1","season","Omit 2023/2024"
"Tmin_B7","-20:-11",-1.81494748593058,1.45478376115376,-5.07607294515577,1.44617797329461,0.241840295103664,9.57382998772095,2.10817336865526,-6.05604526162052,2.42615028975936,0.393658384510094,"CR2 with Satterthwaite degrees of freedom",-3.45076413209651,-9.65115001224301,2.74962174805,0.5259552425068,"Tmin","Minimum temperature","Thermal","Retained process","one degree-C higher mean Tmin","ga",58,"-80:-1","season","Omit 2023/2024"
"Tmin_B8","-10:-1",-0.63894479221491,1.8571006694,-5.02378574613504,3.74589616170522,0.740836705124086,7.05158922760533,2.19216098494672,-5.04900385824998,3.77111427382016,0.771975958003934,"CR2 with Satterthwaite degrees of freedom",-1.36782075312113,-10.7546668922384,8.01902538599618,0.467126113386549,"Tmin","Minimum temperature","Thermal","Retained process","one degree-C higher mean Tmin","ga",58,"-80:-1","season","Omit 2023/2024"
"LogRain_B1","-80:-71",-2.06530446381395,1.63022835841407,-5.69835061860195,1.56774169097405,0.233946228228798,9.98639241501485,1.97954473257047,-6.05481472999742,1.92420580236953,0.302497321178246,"CR2 with Satterthwaite degrees of freedom",-3.51559952374135,-9.69983800057904,2.66863895309635,0.587468637956813,"LogRain","Log rainfall amount","Rainfall","Retained process","one-unit higher mean log1p rainfall","ga",55,"-80:-1","season","Omit 2024/2025"
"LogRain_B2","-70:-61",0.787568295227985,2.9957655030239,-6.65271992211999,8.22785651257596,0.801946774008264,5.65461413620138,1.89907489603956,-3.03976567169031,4.61490226214628,0.680368168805549,"CR2 with Satterthwaite degrees of freedom",1.32434042410707,-11.186923059892,13.8356039081062,0.594687197409234,"LogRain","Log rainfall amount","Rainfall","Retained process","one-unit higher mean log1p rainfall","ga",55,"-80:-1","season","Omit 2024/2025"
"LogRain_B3","-60:-51",1.65342252567641,1.5284108996704,-1.80320176294229,5.11004681429511,0.307431623816293,9.01507927729704,1.77342716783681,-1.92068508401953,5.22753013537236,0.356253059625928,"CR2 with Satterthwaite degrees of freedom",3.47842781700471,-3.79352952707866,10.7503851610881,0.4753361612374,"LogRain","Log rainfall amount","Rainfall","Retained process","one-unit higher mean log1p rainfall","ga",55,"-80:-1","season","Omit 2024/2025"
"LogRain_B4","-50:-41",4.0062715750051,1.31120246383084,0.874108662494902,7.1384344875153,0.0195863322495679,6.66709501622144,1.53349963735763,0.915706130453259,7.09683701955694,0.0122517442865617,"CR2 with Satterthwaite degrees of freedom",9.57643397757373,2.08943496188151,17.0634329932659,0.41834691121842,"LogRain","Log rainfall amount","Rainfall","Retained process","one-unit higher mean log1p rainfall","ga",55,"-80:-1","season","Omit 2024/2025"
"LogRain_B5","-40:-31",-1.19833175379248,1.69835410617403,-5.03210124934964,2.63543774176468,0.498057479531038,9.12764527697356,1.39128286940073,-4.0022781356618,1.60561462807684,0.393734641402689,"CR2 with Satterthwaite degrees of freedom",-3.72693355532465,-15.6503463591268,8.19647924847749,0.321532899903845,"LogRain","Log rainfall amount","Rainfall","Retained process","one-unit higher mean log1p rainfall","ga",55,"-80:-1","season","Omit 2024/2025"
"LogRain_B6","-30:-21",0.637134791374,1.57494279815123,-2.86524687268395,4.13951645543195,0.694209421932235,10.1454965828596,1.34511168990157,-2.07375969245889,3.34802927520689,0.638079404530899,"CR2 with Satterthwaite degrees of freedom",1.92315677886182,-8.64859213610267,12.4949056938263,0.331296334431494,"LogRain","Log rainfall amount","Rainfall","Retained process","one-unit higher mean log1p rainfall","ga",55,"-80:-1","season","Omit 2024/2025"
"LogRain_B7","-20:-11",2.52836848651495,2.1542249263162,-2.28086831537133,7.33760528840122,0.268097127670816,9.85895084625587,1.72868969217388,-0.955576665367468,6.01231363839736,0.15068567441738,"CR2 with Satterthwaite degrees of freedom",7.06999855600825,-6.37792148657368,20.5179185985902,0.357619378064269,"LogRain","Log rainfall amount","Rainfall","Retained process","one-unit higher mean log1p rainfall","ga",55,"-80:-1","season","Omit 2024/2025"
"LogRain_B8","-10:-1",0.227935754224682,1.8233926057208,-3.76100262038101,4.21687412883038,0.902662618116584,11.5783134719754,1.60348205031702,-3.00366997618684,3.4595414846362,0.887610056581255,"CR2 with Satterthwaite degrees of freedom",0.683423646206814,-11.2766780839499,12.6435253763635,0.333520438588554,"LogRain","Log rainfall amount","Rainfall","Retained process","one-unit higher mean log1p rainfall","ga",55,"-80:-1","season","Omit 2024/2025"
"RH_B1","-80:-71",-0.272462609173426,2.56111504133649,-6.30208995509927,5.75716473675241,0.918198994585784,7.15471948172031,2.10651077847388,-4.51785612732596,3.97293090897911,0.897675644647142,"CR2 with Satterthwaite degrees of freedom",-0.0482063395078745,-1.1150179061435,1.01860522712775,5.65200784699454,"RH","Relative humidity","Atmospheric moisture","Retained process","one percentage-point higher mean RH","ga",55,"-80:-1","season","Omit 2024/2025"
"RH_B2","-70:-61",-1.97985730339371,5.31444638341392,-15.0701416420995,11.1104270353121,0.72263153416742,5.84097965273095,2.98837997461043,-8.00254140434065,4.04282679755323,0.511094558841847,"CR2 with Satterthwaite degrees of freedom",-0.357129526114531,-2.71837396255446,2.0041149103254,5.54380738253168,"RH","Relative humidity","Atmospheric moisture","Retained process","one percentage-point higher mean RH","ga",55,"-80:-1","season","Omit 2024/2025"
"RH_B3","-60:-51",2.78315166892052,3.09162680454989,-4.33271764341159,9.89902098125264,0.394016551271846,8.08770570625953,2.61621270955537,-2.48947859376502,8.05578193160607,0.293218631481382,"CR2 with Satterthwaite degrees of freedom",0.652624572654188,-1.01598415639213,2.3212333017005,4.26455237136057,"RH","Relative humidity","Atmospheric moisture","Retained process","one percentage-point higher mean RH","ga",55,"-80:-1","season","Omit 2024/2025"
"RH_B4","-50:-41",2.0930240143304,1.74359828874842,-1.8402995044485,6.02634753310931,0.260080425180616,9.16768165613207,2.14948319394006,-2.23897471654822,6.42502274520902,0.335511895384151,"CR2 with Satterthwaite degrees of freedom",0.538156413338495,-0.473176119338799,1.54948894601579,3.88924848325442,"RH","Relative humidity","Atmospheric moisture","Retained process","one percentage-point higher mean RH","ga",55,"-80:-1","season","Omit 2024/2025"
"RH_B5","-40:-31",-2.0716961894247,1.84838938251325,-6.16363832865077,2.02024594980137,0.287343581066356,10.5019335512401,1.62021607149369,-5.33702712350574,1.19363474465633,0.207722199914594,"CR2 with Satterthwaite degrees of freedom",-0.796183368419938,-2.36877702014218,0.776410283302299,2.60203399316932,"RH","Relative humidity","Atmospheric moisture","Retained process","one percentage-point higher mean RH","ga",55,"-80:-1","season","Omit 2024/2025"
"RH_B6","-30:-21",-0.0650463151546993,1.19486303334172,-2.79724439146818,2.66715176115878,0.957857214353243,8.40913246955306,1.4509187669898,-2.98918095129787,2.85908832098847,0.964444766738276,"CR2 with Satterthwaite degrees of freedom",-0.0239683791817722,-1.03073347167124,0.982796713307695,2.713838706462,"RH","Relative humidity","Atmospheric moisture","Retained process","one percentage-point higher mean RH","ga",55,"-80:-1","season","Omit 2024/2025"
"RH_B7","-20:-11",4.62765681842998,1.47176837939641,1.29270722075618,7.96260641610377,0.0120056658375925,8.90229881308207,1.72885305758184,1.14338242520157,8.11193121165838,0.0104067228563238,"CR2 with Satterthwaite degrees of freedom",1.62708064659729,0.454514883699754,2.79964640949482,2.84414717125903,"RH","Relative humidity","Atmospheric moisture","Retained process","one percentage-point higher mean RH","ga",55,"-80:-1","season","Omit 2024/2025"
"RH_B8","-10:-1",0.425645641339772,1.44172683784531,-2.78471428731719,3.63600556999673,0.773827164683978,10.0463470186765,1.68549025883159,-2.97123677335024,3.82252805602979,0.801803438177087,"CR2 with Satterthwaite degrees of freedom",0.151639924844362,-0.992078443263348,1.29535829295207,2.80694969861413,"RH","Relative humidity","Atmospheric moisture","Retained process","one percentage-point higher mean RH","ga",55,"-80:-1","season","Omit 2024/2025"
"Tmax_B1","-80:-71",3.26561420434686,1.96674486157858,-1.47546963926367,8.0066980479574,0.144823819716352,6.39633845841773,2.31471576284848,-1.39938888815183,7.93061729684556,0.165333384686241,"CR2 with Satterthwaite degrees of freedom",1.92838896479938,-0.871284601371191,4.72806253096994,1.69344165723672,"Tmax","Maximum temperature","Thermal","Retained process","one degree-C higher mean Tmax","ga",55,"-80:-1","season","Omit 2024/2025"
"Tmax_B2","-70:-61",0.795515398197383,3.64525914005981,-7.65947463727376,9.25050543366852,0.832889766084524,7.74201539244663,2.70369603481045,-4.65342592151177,6.24445671790654,0.769963849740105,"CR2 with Satterthwaite degrees of freedom",0.449391029045583,-4.32687940044018,5.22566145853135,1.77020756263632,"Tmax","Maximum temperature","Thermal","Retained process","one degree-C higher mean Tmax","ga",55,"-80:-1","season","Omit 2024/2025"
"Tmax_B3","-60:-51",-2.9356270064975,2.45153313064312,-8.5355360097771,2.6642819967821,0.263588564960931,8.46255232766492,2.40738606075447,-7.78739481250996,1.91614079951496,0.229179574647296,"CR2 with Satterthwaite degrees of freedom",-1.84155108176606,-5.35443553880247,1.67133337527035,1.59410566210426,"Tmax","Maximum temperature","Thermal","Retained process","one degree-C higher mean Tmax","ga",55,"-80:-1","season","Omit 2024/2025"
"Tmax_B4","-50:-41",-3.04586058017131,2.27816838741068,-8.05039468710972,1.9586735267671,0.207804377087786,11.1771813460301,2.15152983361086,-7.38198404227902,1.2902628819364,0.163911407758909,"CR2 with Satterthwaite degrees of freedom",-2.07271807622686,-5.4783198867885,1.33288373433477,1.4695006595957,"Tmax","Maximum temperature","Thermal","Retained process","one degree-C higher mean Tmax","ga",55,"-80:-1","season","Omit 2024/2025"
"Tmax_B5","-40:-31",4.27995784062283,2.35321098636819,-0.962751017025557,9.52266669827121,0.0989508230403306,10.0080550151951,2.07543615627172,0.0971911084446111,8.46272457280104,0.0451244248019819,"CR2 with Satterthwaite degrees of freedom",3.48460047797284,-0.783840116897297,7.75304107284299,1.22824922618179,"Tmax","Maximum temperature","Thermal","Retained process","one degree-C higher mean Tmax","ga",55,"-80:-1","season","Omit 2024/2025"
"Tmax_B6","-30:-21",0.531891466805464,1.1111718658007,-2.01909700996747,3.08287994357839,0.64465731504401,8.21028062323267,1.60584331640181,-2.70447308270798,3.76825601631891,0.742048780846618,"CR2 with Satterthwaite degrees of freedom",0.506428500959304,-1.92243782024197,2.93529482216058,1.05027948821588,"Tmax","Maximum temperature","Thermal","Retained process","one degree-C higher mean Tmax","ga",55,"-80:-1","season","Omit 2024/2025"
"Tmax_B7","-20:-11",-4.08657078620386,1.78276204965629,-8.16601417181068,-0.00712740059704409,0.0496831472790332,8.37241082401034,2.01422742479704,-8.14597942569519,-0.0271621467125396,0.0485512022123134,"CR2 with Satterthwaite degrees of freedom",-3.53188539298967,-7.05761081387354,-0.00615997210579966,1.15705079058204,"Tmax","Maximum temperature","Thermal","Retained process","one degree-C higher mean Tmax","ga",55,"-80:-1","season","Omit 2024/2025"
"Tmax_B8","-10:-1",0.0932561115023231,1.29713351323898,-2.81096076742193,2.99747299042658,0.944153550319705,9.65586759520667,1.74028040095872,-3.41404857902987,3.60056080203452,0.957506917414894,"CR2 with Satterthwaite degrees of freedom",0.0829719330289,-2.50097119410652,2.66691506016432,1.12394767842564,"Tmax","Maximum temperature","Thermal","Retained process","one degree-C higher mean Tmax","ga",55,"-80:-1","season","Omit 2024/2025"
"Tmin_B1","-80:-71",-0.830851845998111,2.2344922629341,-6.53487517095596,4.87317147895974,0.724915874899117,5.11897282233139,2.60937295044266,-6.0896974799509,4.42799378795468,0.751680045389973,"CR2 with Satterthwaite degrees of freedom",-1.1658514210909,-9.16973771123511,6.83803486905332,0.712656716771543,"Tmin","Minimum temperature","Thermal","Retained process","one degree-C higher mean Tmin","ga",55,"-80:-1","season","Omit 2024/2025"
"Tmin_B2","-70:-61",5.7013416046769,2.27687396571568,0.0474913792964324,11.3551918300574,0.0486505243788472,5.65845644297628,3.3043320131348,-0.95810198979146,12.3607851991453,0.0914708321634068,"CR2 with Satterthwaite degrees of freedom",9.09318716573144,0.0757449791299045,18.110629352333,0.626990460084551,"Tmin","Minimum temperature","Thermal","Retained process","one degree-C higher mean Tmin","ga",55,"-80:-1","season","Omit 2024/2025"
"Tmin_B3","-60:-51",0.682397877259124,2.69898358755799,-5.72244373536832,7.08723948988657,0.807783871709178,6.87935360332866,2.94934743342571,-5.26162130583598,6.62641706035423,0.818098046281462,"CR2 with Satterthwaite degrees of freedom",1.11402783349712,-9.34200091951302,11.5700565865073,0.612550114764207,"Tmin","Minimum temperature","Thermal","Retained process","one degree-C higher mean Tmin","ga",55,"-80:-1","season","Omit 2024/2025"
"Tmin_B4","-50:-41",2.65389730475166,2.39862354188119,-2.72890264906487,8.0366972585682,0.295770625492491,9.50050418059015,2.85455095374742,-3.0990721270284,8.40686673653173,0.357595400773017,"CR2 with Satterthwaite degrees of freedom",3.85484274177926,-3.96378961270258,11.6734750962611,0.688457994923736,"Tmin","Minimum temperature","Thermal","Retained process","one degree-C higher mean Tmin","ga",55,"-80:-1","season","Omit 2024/2025"
"Tmin_B5","-40:-31",-0.394039940478121,2.51062090375564,-5.88406428627868,5.09598440532243,0.877978609295276,11.6210119961219,2.68678138774358,-5.80889202895555,5.02081214799931,0.884071309471882,"CR2 with Satterthwaite degrees of freedom",-0.615076785354357,-9.18473224219514,7.95457867148643,0.640635364332683,"Tmin","Minimum temperature","Thermal","Retained process","one degree-C higher mean Tmin","ga",55,"-80:-1","season","Omit 2024/2025"
"Tmin_B6","-30:-21",-4.31337639597296,2.48212302896056,-9.80874082002921,1.18198802808329,0.111456861383466,10.4949371701701,2.73148874634863,-9.81833024532203,1.1915774533761,0.121469297312839,"CR2 with Satterthwaite degrees of freedom",-6.60310790035735,-15.0156554994292,1.80943969871447,0.653234274081678,"Tmin","Minimum temperature","Thermal","Retained process","one degree-C higher mean Tmin","ga",55,"-80:-1","season","Omit 2024/2025"
"Tmin_B7","-20:-11",-4.42284476696892,2.99477565387223,-11.2208428307571,2.37515329681921,0.174575861298368,8.80164270205563,2.47212155061459,-9.4050783801612,0.559388846223356,0.0804857713124133,"CR2 with Satterthwaite degrees of freedom",-7.41506284140254,-18.8121580356972,3.98203235289215,0.596467604060441,"Tmin","Minimum temperature","Thermal","Retained process","one degree-C higher mean Tmin","ga",55,"-80:-1","season","Omit 2024/2025"
"Tmin_B8","-10:-1",3.44839781673548,3.8260992294743,-5.70840788445555,12.6052035179265,0.399087911427877,6.60942023449045,3.073646909965,-2.74613050089726,9.64292613436821,0.267980220369809,"CR2 with Satterthwaite degrees of freedom",5.79219358604753,-9.58827991782436,21.1726670899194,0.595352652756987,"Tmin","Minimum temperature","Thermal","Retained process","one degree-C higher mean Tmin","ga",55,"-80:-1","season","Omit 2024/2025"
"LogRain_B1","-80:-71",-0.248824432667928,1.44389581978413,-3.52318502082178,3.02553615548592,0.867052505614219,8.85726563448806,1.78407746122393,-3.84439629831459,3.34674743297873,0.889715585348215,"CR2 with Satterthwaite degrees of freedom",-0.49606380186564,-7.0239266191249,6.03179901539362,0.501597640731148,"LogRain","Log rainfall amount","Rainfall","Retained process","one-unit higher mean log1p rainfall","ga",55,"-80:-1","season","Omit 2025/2026"
"LogRain_B2","-70:-61",-0.469840922519593,3.05012113744663,-8.07755867949832,7.13787683445914,0.883012563134014,5.56329521016527,1.53749820704554,-3.56846495476461,2.62878310972542,0.761359509742402,"CR2 with Satterthwaite degrees of freedom",-0.831099698840359,-14.2883607283409,12.6261613306602,0.565324380667161,"LogRain","Log rainfall amount","Rainfall","Retained process","one-unit higher mean log1p rainfall","ga",55,"-80:-1","season","Omit 2025/2026"
"LogRain_B3","-60:-51",3.30488797349512,1.21201343441733,0.488644562240716,6.12113138474952,0.0270285457035183,7.66604585980142,1.42979619985625,0.423323074241915,6.18645287274832,0.025552728850586,"CR2 with Satterthwaite degrees of freedom",6.33721913140868,0.936990207573043,11.7374480552443,0.521504449343617,"LogRain","Log rainfall amount","Rainfall","Retained process","one-unit higher mean log1p rainfall","ga",55,"-80:-1","season","Omit 2025/2026"
"LogRain_B4","-50:-41",3.74423618618135,0.957631939721251,1.40103476278881,6.08743760957388,0.00789231045447965,6.00041748303389,1.25208279869278,1.22082911317712,6.26764325918558,0.00454983553070958,"CR2 with Satterthwaite degrees of freedom",8.69409906607679,3.25319622401442,14.1350019081392,0.430664081203176,"LogRain","Log rainfall amount","Rainfall","Retained process","one-unit higher mean log1p rainfall","ga",55,"-80:-1","season","Omit 2025/2026"
"LogRain_B5","-40:-31",-0.134692804744092,1.48401448256753,-3.44755060503195,3.17816499554376,0.92949825647076,9.86232494388895,1.33029065589901,-2.81571745722849,2.54633184774031,0.919811475288976,"CR2 with Satterthwaite degrees of freedom",-0.395881967068007,-10.1328583785873,9.34109444445125,0.340234756691886,"LogRain","Log rainfall amount","Rainfall","Retained process","one-unit higher mean log1p rainfall","ga",55,"-80:-1","season","Omit 2025/2026"
"LogRain_B6","-30:-21",2.65974265435384,0.9889399741374,0.432619493246109,4.88686581546158,0.0241927564963915,9.27342104008916,1.39200992162547,-0.145669004994127,5.46515431370181,0.0625699647634616,"CR2 with Satterthwaite degrees of freedom",7.910524018861,1.2866834641872,14.5343645735348,0.3362283772873,"LogRain","Log rainfall amount","Rainfall","Retained process","one-unit higher mean log1p rainfall","ga",55,"-80:-1","season","Omit 2025/2026"
"LogRain_B7","-20:-11",3.45169252029285,1.38328444198686,0.32418923889633,6.57919580168937,0.0340373167148779,9.03227282667176,1.54434036611342,0.339279022523259,6.56410601806244,0.0305384750120548,"CR2 with Satterthwaite degrees of freedom",10.984752246839,1.03170790834666,20.9377965853314,0.314225796151761,"LogRain","Log rainfall amount","Rainfall","Retained process","one-unit higher mean log1p rainfall","ga",55,"-80:-1","season","Omit 2025/2026"
"LogRain_B8","-10:-1",1.56398117516532,1.34466918377255,-1.3938190667248,4.52178141705544,0.269281149667812,11.0550371101286,1.33647067414595,-1.12949848570343,4.25746083603407,0.248207057488191,"CR2 with Satterthwaite degrees of freedom",4.91423918833459,-4.37956695893291,14.2080453356021,0.318254996394537,"LogRain","Log rainfall amount","Rainfall","Retained process","one-unit higher mean log1p rainfall","ga",55,"-80:-1","season","Omit 2025/2026"
"RH_B1","-80:-71",0.0496465302281827,2.51664344827356,-5.94835523759278,6.04764829804915,0.984832262516203,6.73877010187098,2.01811830435488,-4.01760366176008,4.11689672221644,0.98048492730594,"CR2 with Satterthwaite degrees of freedom",0.00945388116395694,-1.1327084345804,1.15161619690831,5.25144428697792,"RH","Relative humidity","Atmospheric moisture","Retained process","one percentage-point higher mean RH","ga",55,"-80:-1","season","Omit 2025/2026"
"RH_B2","-70:-61",-1.7281522023773,5.05839820065439,-14.5410547701658,11.0847503654112,0.745853110585401,5.25878447990046,2.54319595446836,-6.8536268644694,3.3973224597148,0.500367925739516,"CR2 with Satterthwaite degrees of freedom",-0.348961693410696,-2.93624085285621,2.23831746603481,4.95226907425472,"RH","Relative humidity","Atmospheric moisture","Retained process","one percentage-point higher mean RH","ga",55,"-80:-1","season","Omit 2025/2026"
"RH_B3","-60:-51",2.52448699781355,2.28621950514111,-2.81467946761984,7.86365346324694,0.303836008338488,7.4602680932711,2.17814564112211,-1.86527709971997,6.91425109534707,0.252704707246896,"CR2 with Satterthwaite degrees of freedom",0.572398305976591,-0.638196101040719,1.7829927129939,4.41036769580664,"RH","Relative humidity","Atmospheric moisture","Retained process","one percentage-point higher mean RH","ga",55,"-80:-1","season","Omit 2025/2026"
"RH_B4","-50:-41",2.27924656092249,1.42061160342889,-1.09231329868599,5.65080642053098,0.15343045980957,6.8757277904057,1.89686377193966,-1.54363117818178,6.10212430002677,0.235951413889548,"CR2 with Satterthwaite degrees of freedom",0.573167467978841,-0.274686582128507,1.42102151808619,3.97658047299818,"RH","Relative humidity","Atmospheric moisture","Retained process","one percentage-point higher mean RH","ga",55,"-80:-1","season","Omit 2025/2026"
"RH_B5","-40:-31",-2.35963282155049,1.64485382231441,-5.96401436929791,1.24474872619693,0.178243300579471,11.4129355110938,1.51740471893891,-5.41776108940792,0.698495446306932,0.127099576729272,"CR2 with Satterthwaite degrees of freedom",-0.85152074920795,-2.15223399914166,0.449192500725761,2.77108082656277,"RH","Relative humidity","Atmospheric moisture","Retained process","one percentage-point higher mean RH","ga",55,"-80:-1","season","Omit 2025/2026"
"RH_B6","-30:-21",0.310408188045104,1.1049300515575,-2.10395410399694,2.72477048008715,0.783671134643047,11.6973513011984,1.35964300607562,-2.42977223921894,3.05058861530915,0.820469767761584,"CR2 with Satterthwaite degrees of freedom",0.107172881483957,-0.726420347528037,0.940766110495951,2.89633145761399,"RH","Relative humidity","Atmospheric moisture","Retained process","one percentage-point higher mean RH","ga",55,"-80:-1","season","Omit 2025/2026"
"RH_B7","-20:-11",4.12292409039741,0.943628314408083,2.0071223938314,6.23872578696342,0.00155942378009631,9.55759952665949,1.38262919479173,1.33641804373488,6.90943013705995,0.004655435918772,"CR2 with Satterthwaite degrees of freedom",1.49918525175416,0.72983354175886,2.26853696174946,2.75010982503551,"RH","Relative humidity","Atmospheric moisture","Retained process","one percentage-point higher mean RH","ga",55,"-80:-1","season","Omit 2025/2026"
"RH_B8","-10:-1",1.27607387602974,0.965274891996048,-0.898398550932401,3.45054630299188,0.217915962502954,9.25483447369121,1.36027929682365,-1.4653889109758,4.01753666303528,0.353315739928376,"CR2 with Satterthwaite degrees of freedom",0.54145270152918,-0.381200753020544,1.4641061560789,2.35675964387253,"RH","Relative humidity","Atmospheric moisture","Retained process","one percentage-point higher mean RH","ga",55,"-80:-1","season","Omit 2025/2026"
"Tmax_B1","-80:-71",2.68785550560902,3.45608478916268,-4.95187335295036,10.3275843641684,0.453706126062963,10.6244151763695,2.85828516731783,-3.0726397391169,8.44835075033495,0.352160253841441,"CR2 with Satterthwaite degrees of freedom",1.65371812127383,-3.04666775462267,6.35410399717033,1.62534078270763,"Tmax","Maximum temperature","Thermal","Retained process","one degree-C higher mean Tmax","ga",55,"-80:-1","season","Omit 2025/2026"
"Tmax_B2","-70:-61",1.77305802478727,6.66498691182208,-15.0663316834957,18.6124477330702,0.800248472485523,5.30660738638944,3.46149541121286,-5.20312758605701,8.74924363563155,0.61105654046737,"CR2 with Satterthwaite degrees of freedom",1.06127690120892,-9.01806346893389,11.1406172713517,1.67068370447672,"Tmax","Maximum temperature","Thermal","Retained process","one degree-C higher mean Tmax","ga",55,"-80:-1","season","Omit 2025/2026"
"Tmax_B3","-60:-51",-3.57063517578831,3.70079082167074,-12.3335014080176,5.19223105644093,0.366977310125831,6.95346344297699,2.7088220835711,-9.0299073679547,1.88863701637808,0.194274568345544,"CR2 with Satterthwaite degrees of freedom",-2.17117685523009,-7.49956561863217,3.157211908172,1.6445621033529,"Tmax","Maximum temperature","Thermal","Retained process","one degree-C higher mean Tmax","ga",55,"-80:-1","season","Omit 2025/2026"
"Tmax_B4","-50:-41",-2.05968284332009,2.3858366331988,-7.45774851264271,3.33838282600252,0.410414793129606,8.98985862315464,2.2245546818966,-6.54297821679157,2.42361253015138,0.359556224192157,"CR2 with Satterthwaite degrees of freedom",-1.35609418147699,-4.91017799061279,2.1979896276588,1.51883465872317,"Tmax","Maximum temperature","Thermal","Retained process","one degree-C higher mean Tmax","ga",55,"-80:-1","season","Omit 2025/2026"
"Tmax_B5","-40:-31",5.26873344582898,2.07255254404316,0.63184133493408,9.90562555672388,0.0298869327041483,9.70710019417434,2.02416272707564,1.18930152028308,9.34816537137488,0.0125514419425578,"CR2 with Satterthwaite degrees of freedom",3.7972334534903,0.455374916758025,7.13909199022258,1.38751896883931,"Tmax","Maximum temperature","Thermal","Retained process","one degree-C higher mean Tmax","ga",55,"-80:-1","season","Omit 2025/2026"
"Tmax_B6","-30:-21",0.339343942321768,0.974022636952746,-1.80208422468722,2.48077210933075,0.734061427128581,11.1011663130349,1.64016065089318,-2.96618265036693,3.64487053501047,0.837044990354081,"CR2 with Satterthwaite degrees of freedom",0.270321719702801,-1.43554207372421,1.97618551312982,1.25533361764214,"Tmax","Maximum temperature","Thermal","Retained process","one degree-C higher mean Tmax","ga",55,"-80:-1","season","Omit 2025/2026"
"Tmax_B7","-20:-11",-4.16609393270688,1.47849846151128,-7.56792625699522,-0.764261608418531,0.0222831277105394,8.10386550632332,1.82484888920508,-7.84383521227052,-0.488352653143235,0.0273184059995764,"CR2 with Satterthwaite degrees of freedom",-3.88942178408065,-7.06533691263906,-0.713506655522247,1.07113451921276,"Tmax","Maximum temperature","Thermal","Retained process","one degree-C higher mean Tmax","ga",55,"-80:-1","season","Omit 2025/2026"
"Tmax_B8","-10:-1",-0.702858805793361,1.2114334647355,-3.43890120818042,2.0331835965937,0.5758762665711,9.09617495300472,1.59364315265657,-3.91463554089174,2.50891792930502,0.661344356824508,"CR2 with Satterthwaite degrees of freedom",-0.679997961456221,-3.32704917678636,1.96705325387392,1.03361898951607,"Tmax","Maximum temperature","Thermal","Retained process","one degree-C higher mean Tmax","ga",55,"-80:-1","season","Omit 2025/2026"
"Tmin_B1","-80:-71",-1.69159237149786,2.48868336571605,-8.4767395780802,5.09355483508447,0.532354168528062,4.19450063659994,2.71497550307389,-7.16326596580214,3.78008122280641,0.536461488705019,"CR2 with Satterthwaite degrees of freedom",-2.26581383855377,-11.3542211264673,6.82259344935972,0.746571647994501,"Tmin","Minimum temperature","Thermal","Retained process","one degree-C higher mean Tmin","ga",55,"-80:-1","season","Omit 2025/2026"
"Tmin_B2","-70:-61",6.41702465203925,2.6567698291135,0.0466392701377991,12.7874100339407,0.048766367513375,6.55206468830901,3.5382751988587,-0.713900453199131,13.5479497572776,0.0765627916132431,"CR2 with Satterthwaite degrees of freedom",9.50281302465881,0.0690669411090266,18.9365591082086,0.675276324535456,"Tmin","Minimum temperature","Thermal","Retained process","one degree-C higher mean Tmin","ga",55,"-80:-1","season","Omit 2025/2026"
"Tmin_B3","-60:-51",-3.09369474271483,2.66239099429993,-9.36762034304261,3.18023085761296,0.282697207750783,7.12104525120873,3.21842732630119,-9.58000881684598,3.39261933141632,0.341682335891121,"CR2 with Satterthwaite degrees of freedom",-4.75520015143634,-14.3986118148165,4.8882115119438,0.650591908687644,"Tmin","Minimum temperature","Thermal","Retained process","one degree-C higher mean Tmin","ga",55,"-80:-1","season","Omit 2025/2026"
"Tmin_B4","-50:-41",3.15621656347071,2.4844255720435,-2.42593088133996,8.73836400828137,0.234419018576858,9.42054997652494,2.86256598060095,-2.61290609353827,8.92533922047969,0.276202688677686,"CR2 with Satterthwaite degrees of freedom",4.58448786838046,-3.52372863881771,12.6927043755786,0.688455647410331,"Tmin","Minimum temperature","Thermal","Retained process","one degree-C higher mean Tmin","ga",55,"-80:-1","season","Omit 2025/2026"
"Tmin_B5","-40:-31",1.77358384995786,2.52481437134566,-3.83126505426999,7.37843275418571,0.497987422885602,10.2812187120187,3.10946445244357,-4.49312998138244,8.04029768129817,0.571319773801795,"CR2 with Satterthwaite degrees of freedom",2.69232937328902,-5.81592319003844,11.2005819366165,0.658754410791589,"Tmin","Minimum temperature","Thermal","Retained process","one degree-C higher mean Tmin","ga",55,"-80:-1","season","Omit 2025/2026"
"Tmin_B6","-30:-21",-4.70276107246857,2.55031573138425,-10.4508664003684,1.04534425543128,0.0974890997853795,9.22209114411485,2.75742199232107,-10.2599799448506,0.854457799913435,0.0951539254024752,"CR2 with Satterthwaite degrees of freedom",-6.6964798943883,-14.8814740214363,1.48851423265971,0.702273604436487,"Tmin","Minimum temperature","Thermal","Retained process","one degree-C higher mean Tmin","ga",55,"-80:-1","season","Omit 2025/2026"
"Tmin_B7","-20:-11",-5.81043927128761,2.43272872140564,-11.2514050507685,-0.369473491806686,0.0387072801578528,9.72935083411593,2.37348755349113,-10.5938891249395,-1.02698941763574,0.0184205638760774,"CR2 with Satterthwaite degrees of freedom",-9.27642853868119,-17.9629886898601,-0.58986838750225,0.626365982021967,"Tmin","Minimum temperature","Thermal","Retained process","one degree-C higher mean Tmin","ga",55,"-80:-1","season","Omit 2025/2026"
"Tmin_B8","-10:-1",5.3272786408381,3.71135303501274,-2.89423193613406,13.5487892178103,0.180423807931889,10.4488562620916,3.44442694871499,-1.61450774414237,12.2690650258186,0.129113865701871,"CR2 with Satterthwaite degrees of freedom",8.74240748495847,-4.74962108190035,22.2344360518173,0.609360596609542,"Tmin","Minimum temperature","Thermal","Retained process","one degree-C higher mean Tmin","ga",55,"-80:-1","season","Omit 2025/2026"
