"feature","interval","estimate","std_error","conf_low","conf_high","p_value","raw_estimate","raw_conf_low","raw_conf_high","feature_sd","process","process_label","domain","role","raw_unit","response","n","days","covariates","scenario"
"Tmin_B1","-80:-71",-0.185864913919893,2.03944277624597,-4.26535785736742,3.89362802952763,0.927688787322106,-0.279872119513229,-6.42270086832074,5.86295662929428,0.664106572112963,"Tmin","Minimum temperature","Thermal","Retained process","one degree-C higher mean Tmin","ga",72,"-80:-1","season","Primary"
"Tmin_B2","-70:-61",6.26534029847514,2.72537493008612,0.813778761651601,11.7169018352987,0.0250093460728999,9.90692322952351,1.2867686882804,18.5270777707666,0.632420394639163,"Tmin","Minimum temperature","Thermal","Retained process","one degree-C higher mean Tmin","ga",72,"-80:-1","season","Primary"
"Tmin_B3","-60:-51",-0.248996651633467,2.33524399274752,-4.92018012419822,4.42218682093128,0.915441768975546,-0.415226078956756,-8.20487780590252,7.37442564798901,0.599665252864427,"Tmin","Minimum temperature","Thermal","Retained process","one degree-C higher mean Tmin","ga",72,"-80:-1","season","Primary"
"Tmin_B4","-50:-41",1.35934591976299,2.14307233566309,-2.92743700568291,5.64612884520889,0.528297626075112,2.08623109234435,-4.49282998046587,8.66529216515457,0.651579743371317,"Tmin","Minimum temperature","Thermal","Retained process","one degree-C higher mean Tmin","ga",72,"-80:-1","season","Primary"
"Tmin_B5","-40:-31",-0.343479125204743,2.16098568262732,-4.66609407956817,3.97913582915868,0.874245558408437,-0.550729908710498,-7.48155383516597,6.38009401774497,0.623679810687969,"Tmin","Minimum temperature","Thermal","Retained process","one degree-C higher mean Tmin","ga",72,"-80:-1","season","Primary"
"Tmin_B6","-30:-21",-3.6962442511847,2.03806958809518,-7.77299040936499,0.380501906995584,0.0747409867954067,-5.84849388028631,-12.2990483721752,0.60206061160261,0.631999336383638,"Tmin","Minimum temperature","Thermal","Retained process","one degree-C higher mean Tmin","ga",72,"-80:-1","season","Primary"
"Tmin_B7","-20:-11",-4.51407893809196,1.93483998372585,-8.38433514348488,-0.643822732699036,0.0230160983906086,-7.52846086062787,-13.9831712816244,-1.07375043963139,0.599601833848871,"Tmin","Minimum temperature","Thermal","Retained process","one degree-C higher mean Tmin","ga",72,"-80:-1","season","Primary"
"Tmin_B8","-10:-1",2.99411703771809,2.49458530741698,-1.99579651953686,7.98403059497305,0.234761232368728,5.15387295689671,-3.43543073965755,13.743176653451,0.580945060687133,"Tmin","Minimum temperature","Thermal","Retained process","one degree-C higher mean Tmin","ga",72,"-80:-1","season","Primary"
"LogRain_B1","-80:-71",-1.05425516554521,1.4293557581403,-3.91339237543678,1.80488204434637,0.463648401657512,-1.98768988105897,-7.3782995611374,3.40291979901945,0.530392178171947,"LogRain","Log rainfall amount","Rainfall","Retained process","one-unit higher mean log1p rainfall","ga",72,"-80:-1","season","Primary"
"LogRain_B2","-70:-61",-0.0172764725466408,1.36724260646749,-2.75216888042865,2.71761593533537,0.989960124530154,-0.0293582091242804,-4.67680826157275,4.61809184332419,0.588471608520281,"LogRain","Log rainfall amount","Rainfall","Retained process","one-unit higher mean log1p rainfall","ga",72,"-80:-1","season","Primary"
"LogRain_B3","-60:-51",2.46449856229003,1.21762538261091,0.0288851614241499,4.9001119631559,0.0474275224050852,5.04421224264235,0.0591207019212172,10.0293037833635,0.488579473610538,"LogRain","Log rainfall amount","Rainfall","Retained process","one-unit higher mean log1p rainfall","ga",72,"-80:-1","season","Primary"
"LogRain_B4","-50:-41",3.40404718894758,1.06206644201023,1.27959799816009,5.52849637973507,0.00216424539067656,8.16038528891896,3.06752876805567,13.2532418097822,0.417142949557781,"LogRain","Log rainfall amount","Rainfall","Retained process","one-unit higher mean log1p rainfall","ga",72,"-80:-1","season","Primary"
"LogRain_B5","-40:-31",-1.26052051850279,1.15565374787361,-3.57217219337698,1.05113115637141,0.279747257725886,-3.69386700081079,-10.4680001575873,3.08026615596567,0.341246860871305,"LogRain","Log rainfall amount","Rainfall","Retained process","one-unit higher mean log1p rainfall","ga",72,"-80:-1","season","Primary"
"LogRain_B6","-30:-21",0.638787867557576,1.16039299271752,-1.68234370845588,2.95991944357103,0.584025308886861,1.83301091969633,-4.82750932648872,8.49353116588138,0.348491032264774,"LogRain","Log rainfall amount","Rainfall","Retained process","one-unit higher mean log1p rainfall","ga",72,"-80:-1","season","Primary"
"LogRain_B7","-20:-11",2.57156688277275,1.35424290899439,-0.137322258566987,5.28045602411249,0.0623895052901714,7.43136813211428,-0.396836754657658,15.2595730188862,0.346042187260224,"LogRain","Log rainfall amount","Rainfall","Retained process","one-unit higher mean log1p rainfall","ga",72,"-80:-1","season","Primary"
"LogRain_B8","-10:-1",0.353449590946807,1.17288049630872,-1.99266071130253,2.69955989319615,0.764188225868624,1.08045503211735,-6.09133621307081,8.2522462773055,0.327130311248733,"LogRain","Log rainfall amount","Rainfall","Retained process","one-unit higher mean log1p rainfall","ga",72,"-80:-1","season","Primary"
"Tmax_B1","-80:-71",2.75267005045154,1.76908773459983,-0.786032292020652,6.29137239292373,0.124971617194785,1.77651737362835,-0.507289285462495,4.06032403271919,1.54947544635013,"Tmax","Maximum temperature","Thermal","Retained process","one degree-C higher mean Tmax","ga",72,"-80:-1","season","Primary"
"Tmax_B2","-70:-61",0.925542272467712,2.03410868348646,-3.14328089685054,4.99436544178597,0.650743344491816,0.579168908566581,-1.96694480684632,3.12528262397948,1.59805241403305,"Tmax","Maximum temperature","Thermal","Retained process","one degree-C higher mean Tmax","ga",72,"-80:-1","season","Primary"
"Tmax_B3","-60:-51",-2.54554337595126,1.79215957220776,-6.13039626494045,1.03930951303794,0.160673576744771,-1.66310182931887,-4.00522471508152,0.67902105644379,1.53059982923222,"Tmax","Maximum temperature","Thermal","Retained process","one degree-C higher mean Tmax","ga",72,"-80:-1","season","Primary"
"Tmax_B4","-50:-41",-2.63714463942657,1.54496299870791,-5.72753076083461,0.453241481981475,0.0930057682060065,-1.88218124917212,-4.08784972994257,0.323487231598341,1.40111088694913,"Tmax","Maximum temperature","Thermal","Retained process","one degree-C higher mean Tmax","ga",72,"-80:-1","season","Primary"
"Tmax_B5","-40:-31",5.15558951761196,1.61039921047827,1.93431148431879,8.37686755090512,0.00218795704738507,3.89997152762204,1.46321961603527,6.33672343920881,1.32195568123942,"Tmax","Maximum temperature","Thermal","Retained process","one degree-C higher mean Tmax","ga",72,"-80:-1","season","Primary"
"Tmax_B6","-30:-21",0.41625821168191,1.20679706303283,-1.99769532511587,2.83021174847969,0.731354659159869,0.365752642910739,-1.75531034436356,2.48681563018504,1.13808668166892,"Tmax","Maximum temperature","Thermal","Retained process","one degree-C higher mean Tmax","ga",72,"-80:-1","season","Primary"
"Tmax_B7","-20:-11",-3.93669811004706,1.43935304499623,-6.81583287106262,-1.0575633490315,0.0081888318809034,-3.5920801823377,-6.2191759433586,-0.964984421316805,1.09593826145748,"Tmax","Maximum temperature","Thermal","Retained process","one degree-C higher mean Tmax","ga",72,"-80:-1","season","Primary"
"Tmax_B8","-10:-1",-0.0752023088541726,1.32520001544566,-2.72599701348339,2.57559239577504,0.954934582078135,-0.0725821885247543,-2.63102067164191,2.4858562945924,1.03609866804361,"Tmax","Maximum temperature","Thermal","Retained process","one degree-C higher mean Tmax","ga",72,"-80:-1","season","Primary"
"RH_B1","-80:-71",-0.556629314320107,1.53666301544764,-3.63041299728989,2.51715436864968,0.718451036058189,-0.109191738614924,-0.712163547384318,0.493780070154469,5.09772370493252,"RH","Relative humidity","Atmospheric moisture","Retained process","one percentage-point higher mean RH","ga",72,"-80:-1","season","Primary"
"RH_B2","-70:-61",-1.19794807542086,1.96830530998456,-5.13514490004208,2.73924874920036,0.545074356445821,-0.242470256013186,-1.03937718514267,0.554436673116296,4.94059805568775,"RH","Relative humidity","Atmospheric moisture","Retained process","one percentage-point higher mean RH","ga",72,"-80:-1","season","Primary"
"RH_B3","-60:-51",2.0699491359528,1.6933193825429,-1.3171939369223,5.4570922088279,0.226328835740771,0.514711865096095,-0.3275323708157,1.35695610100789,4.02156871896933,"RH","Relative humidity","Atmospheric moisture","Retained process","one percentage-point higher mean RH","ga",72,"-80:-1","season","Primary"
"RH_B4","-50:-41",2.54862544347769,1.47737759495462,-0.406569742002694,5.50382062895807,0.0896571902190256,0.689438491117616,-0.109982747828932,1.48885973006416,3.69666834142991,"RH","Relative humidity","Atmospheric moisture","Retained process","one percentage-point higher mean RH","ga",72,"-80:-1","season","Primary"
"RH_B5","-40:-31",-2.80641022253813,1.27792430528121,-5.36263942709122,-0.250181017985043,0.0319635395279197,-1.03367558721544,-1.97520284607924,-0.0921483283516455,2.71498162213366,"RH","Relative humidity","Atmospheric moisture","Retained process","one percentage-point higher mean RH","ga",72,"-80:-1","season","Primary"
"RH_B6","-30:-21",-0.0117467726802289,1.15344320852117,-2.31897671050226,2.29548316514181,0.991908197003182,-0.00403064638377874,-0.795705794834233,0.787644502066676,2.91436448692115,"RH","Relative humidity","Atmospheric moisture","Retained process","one percentage-point higher mean RH","ga",72,"-80:-1","season","Primary"
"RH_B7","-20:-11",4.22425403590425,1.25352135521235,1.71683799922462,6.73167007258388,0.00131924460833415,1.47423745847352,0.599165406974844,2.34930950997221,2.86538237895421,"RH","Relative humidity","Atmospheric moisture","Retained process","one percentage-point higher mean RH","ga",72,"-80:-1","season","Primary"
"RH_B8","-10:-1",0.272698365277726,1.20998186378774,-2.14762572153364,2.6930224520891,0.822454274914521,0.102639722673597,-0.808335276379113,1.01361472172631,2.65685017627067,"RH","Relative humidity","Atmospheric moisture","Retained process","one percentage-point higher mean RH","ga",72,"-80:-1","season","Primary"
