"lag_day","beta","conf_low","conf_high","pointwise_conf_low","pointwise_conf_high","beta_per_process_sd","conf_low_per_process_sd","conf_high_per_process_sd","pointwise_conf_low_per_process_sd","pointwise_conf_high_per_process_sd","bootstrap_reps","process","process_label","domain","role","response","n","days","scenario"
-80,-0.3541342566468,-1.0884124978001,0.380143984506502,-0.81712207336779,0.15884279470758,-0.343439067499725,-1.05554141200277,0.368663277003316,-0.79244421471139,0.15404559222812,999,"LogRain","Log rainfall amount","Rainfall","Retained process","ga",72,"-80:-1","Primary"
-79,-0.302854321196839,-0.979300430931325,0.373591788537646,-0.755433994251946,0.15268680670918,-0.293707834551126,-0.949724632645678,0.362308963543425,-0.732619173869535,0.148075520883629,999,"LogRain","Log rainfall amount","Rainfall","Retained process","ga",72,"-80:-1","Primary"
-78,-0.253383810550027,-0.878746306754949,0.371978685654896,-0.685440827819824,0.144266039771945,-0.245731380067024,-0.852207338025889,0.36074457789184,-0.664739867195242,0.139909069064083,999,"LogRain","Log rainfall amount","Rainfall","Retained process","ga",72,"-80:-1","Primary"
-77,-0.205701827936908,-0.786558071482024,0.375154415608209,-0.61901870123736,0.153670711650543,-0.199489438380145,-0.762803274560331,0.363824397800041,-0.600323751593125,0.14902971096614,999,"LogRain","Log rainfall amount","Rainfall","Retained process","ga",72,"-80:-1","Primary"
-76,-0.159787476588027,-0.702463269583124,0.38288831640707,-0.56340753490893,0.165561904557003,-0.154961743823215,-0.681248215133992,0.371324727487563,-0.54639209503086,0.160561778611681,999,"LogRain","Log rainfall amount","Rainfall","Retained process","ga",72,"-80:-1","Primary"
-75,-0.115619859733929,-0.626090956164778,0.394851236696919,-0.509865954057269,0.18001926714182,-0.112128030728959,-0.607182417739662,0.382926356281743,-0.494467520508561,0.1745825151867,999,"LogRain","Log rainfall amount","Rainfall","Retained process","ga",72,"-80:-1","Primary"
-74,-0.07317808060516,-0.556961984487341,0.410605823277021,-0.461508796022759,0.195459258930457,-0.0709680334301059,-0.540141206321946,0.398205139461734,-0.447570794335942,0.189556204635167,999,"LogRain","Log rainfall amount","Rainfall","Retained process","ga",72,"-80:-1","Primary"
-73,-0.0324412424322638,-0.494492517122909,0.429610032258381,-0.412713547820985,0.21222420106848,-0.0314614862593804,-0.479558375894889,0.416635403376128,-0.400249208733031,0.205814829680616,999,"LogRain","Log rainfall amount","Rainfall","Retained process","ga",72,"-80:-1","Primary"
-72,0.00661155155421421,-0.438012886216683,0.451235989325112,-0.366720949335285,0.232510598423161,0.0064118764504908,-0.424784483205629,0.437608236106611,-0.355645630176744,0.225488558668008,999,"LogRain","Log rainfall amount","Rainfall","Retained process","ga",72,"-80:-1","Primary"
-71,0.0440011981237294,-0.386799680985864,0.474802077233323,-0.337595333267328,0.257059342577289,0.0426723203667815,-0.375117965160506,0.460462605894069,-0.327399635232768,0.249295907554313,999,"LogRain","Log rainfall amount","Rainfall","Retained process","ga",72,"-80:-1","Primary"
-70,0.0797485940457366,-0.340115078354128,0.499612266445601,-0.300972256036288,0.284767416954086,0.077340111156765,-0.329843281637218,0.484523503950748,-0.291882609536653,0.276167171905538,999,"LogRain","Log rainfall amount","Rainfall","Retained process","ga",72,"-80:-1","Primary"
-69,0.113874636089691,-0.297245842915241,0.524995115094623,-0.260447967187911,0.312066374790385,0.110435514487715,-0.288268737612686,0.509139766588116,-0.252582192500024,0.302641675422331,999,"LogRain","Log rainfall amount","Rainfall","Retained process","ga",72,"-80:-1","Primary"
-68,0.146400221025048,-0.257535632343638,0.550336074393733,-0.227347990879837,0.343125829528799,0.141978796026906,-0.249757812919706,0.533715404973518,-0.220481866750274,0.332763105281769,999,"LogRain","Log rainfall amount","Rainfall","Retained process","ga",72,"-80:-1","Primary"
-67,0.177346245621262,-0.220407217110124,0.575099708352647,-0.203546456926467,0.367933082571267,0.17199022144161,-0.213750710906251,0.557731153789472,-0.197399161610677,0.35682115584374,999,"LogRain","Log rainfall amount","Rainfall","Retained process","ga",72,"-80:-1","Primary"
-66,0.206733606647788,-0.185374331901615,0.59884154519719,-0.179586959294398,0.391028575158564,0.200490056399102,-0.179775851931127,0.580755964729332,-0.174163263444727,0.379219142733608,999,"LogRain","Log rainfall amount","Rainfall","Retained process","ga",72,"-80:-1","Primary"
-65,0.234583200874082,-0.152044988965708,0.621211390713872,-0.135299278713218,0.414723343344237,0.227498566566656,-0.147453086642418,0.602450219775729,-0.131213112661387,0.402198306532568,999,"LogRain","Log rainfall amount","Rainfall","Retained process","ga",72,"-80:-1","Primary"
-64,0.260915925069598,-0.120118934331842,0.641950784471038,-0.0899381343514669,0.439783671590577,0.253036017611544,-0.116491229023159,0.622563264246247,-0.0872219177178883,0.426501789188142,999,"LogRain","Log rainfall amount","Rainfall","Retained process","ga",72,"-80:-1","Primary"
-63,0.285752676003792,-0.0893818363016097,0.660887188309194,-0.0518866428919966,0.46181613968416,0.277122675201041,-0.0866824203947433,0.640927770796825,-0.0503196172526494,0.447868855928382,999,"LogRain","Log rainfall amount","Rainfall","Retained process","ga",72,"-80:-1","Primary"
-62,0.309114350446119,-0.0596982340675744,0.677926934959812,-0.0211064501227441,0.485573951212251,0.29977880500242,-0.0578952909941063,0.657452900998946,-0.0204690153870495,0.470909159101254,999,"LogRain","Log rainfall amount","Rainfall","Retained process","ga",72,"-80:-1","Primary"
-61,0.331021845166033,-0.0310046027358671,0.693048293067934,0.00921892809270474,0.505244367040133,0.321024672682955,-0.0300682344391938,0.672117579805104,0.00894050775399375,0.489985509785953,999,"LogRain","Log rainfall amount","Rainfall","Retained process","ga",72,"-80:-1","Primary"
-60,0.351496056932991,-0.00330329274679309,0.706295406612774,0.0367271475936084,0.523292229891069,0.34088054390992,-0.0032035301847929,0.684964618004632,0.0356179530354045,0.507488310126645,999,"LogRain","Log rainfall amount","Rainfall","Retained process","ga",72,"-80:-1","Primary"
-59,0.370557882516446,0.0233423758320465,0.717773389200845,0.0616586625518744,0.539444684720625,0.359366684350588,0.0226374140273633,0.696095954673812,0.0597965126859106,0.52315294555904,999,"LogRain","Log rainfall amount","Rainfall","Retained process","ga",72,"-80:-1","Primary"
-58,0.388228218685854,0.0488119672399359,0.727644470131772,0.0847576521925271,0.555527353570505,0.376503359672232,0.0473377997103239,0.705668919634141,0.0821978910148186,0.53874990261428,999,"LogRain","Log rainfall amount","Rainfall","Retained process","ga",72,"-80:-1","Primary"
-57,0.40452796221067,0.0729311783444474,0.736124746076893,0.107285798279493,0.573582721040907,0.392310835542128,0.0707285878509473,0.713893083233308,0.10404566580471,0.55625998092784,999,"LogRain","Log rainfall amount","Rainfall","Retained process","ga",72,"-80:-1","Primary"
-56,0.41947800986035,0.0954752776344407,0.743480742086259,0.132602687934497,0.588774173251309,0.406809377627547,0.0925918340420623,0.721026921213032,0.128597961472,0.570992636928161,999,"LogRain","Log rainfall amount","Rainfall","Retained process","ga",72,"-80:-1","Primary"
-55,0.433099258404347,0.116173901258598,0.750024615550097,0.165851729251872,0.602966314984893,0.420019251595764,0.112665339676109,0.72737316351542,0.16084285032693,0.584756162572243,999,"LogRain","Log rainfall amount","Rainfall","Retained process","ga",72,"-80:-1","Primary"
-54,0.445412604612119,0.134718705303014,0.756106503921223,0.185864111725149,0.617630871528997,0.431960723114053,0.130650073116713,0.733271373111393,0.180250839941232,0.598977835653216,999,"LogRain","Log rainfall amount","Rainfall","Retained process","ga",72,"-80:-1","Primary"
-53,0.456438945253118,0.150775503326806,0.76210238717943,0.214224415857944,0.627865317655652,0.442654057849687,0.146221940669257,0.739086175030117,0.207754636093578,0.608903191837044,999,"LogRain","Log rainfall amount","Rainfall","Retained process","ga",72,"-80:-1","Primary"
-52,0.466199177096801,0.164002163624816,0.768396190568785,0.234381512267132,0.64027181547279,0.45211952146994,0.159049143329334,0.745189899610545,0.227302969146197,0.620935001698085,999,"LogRain","Log rainfall amount","Rainfall","Retained process","ga",72,"-80:-1","Primary"
-51,0.474714196912622,0.174072399798556,0.775355994026688,0.248892150586174,0.656026324318614,0.460377379642085,0.168815248855975,0.751939510428195,0.241375372477931,0.636213709491447,999,"LogRain","Log rainfall amount","Rainfall","Retained process","ga",72,"-80:-1","Primary"
-50,0.482004901470037,0.180703596976737,0.783306205963337,0.265417577465943,0.667179049504551,0.467447898033397,0.175246177614027,0.759649618452766,0.257401715852227,0.647029611839349,999,"LogRain","Log rainfall amount","Rainfall","Retained process","ga",72,"-80:-1","Primary"
-49,0.488092187538501,0.183684486163923,0.792499888913078,0.272817848330057,0.67892838652197,0.473351342311148,0.17813704113133,0.768565643490966,0.264578491544254,0.658424107777727,999,"LogRain","Log rainfall amount","Rainfall","Retained process","ga",72,"-80:-1","Primary"
-48,0.492996951887468,0.182896970754367,0.803096933020569,0.275700999612742,0.687009845094327,0.478107978142612,0.177373309431209,0.778842646854015,0.267374568934116,0.666261498665601,999,"LogRain","Log rainfall amount","Rainfall","Retained process","ga",72,"-80:-1","Primary"
-47,0.496740091286394,0.178326950295049,0.81515323227774,0.272916136964147,0.694915095116501,0.481738071195064,0.172941307907651,0.790534834482478,0.264673811768728,0.673928002667995,999,"LogRain","Log rainfall amount","Rainfall","Retained process","ga",72,"-80:-1","Primary"
-46,0.499342502504735,0.170061827794356,0.828623177215113,0.271357545665919,0.705675817653136,0.484261887135777,0.164925799915607,0.803597974355946,0.26316229140031,0.684363741216981,999,"LogRain","Log rainfall amount","Rainfall","Retained process","ga",72,"-80:-1","Primary"
-45,0.500825082311944,0.158276278776364,0.843373885847523,0.264933771107711,0.721190029130929,0.485699691632024,0.153496185613288,0.817903197650759,0.256932520903128,0.699409408849867,999,"LogRain","Log rainfall amount","Rainfall","Retained process","ga",72,"-80:-1","Primary"
-44,0.501208727477477,0.14321083158707,0.859206623367884,0.249555514047036,0.730411553292575,0.486071750351079,0.138885729163382,0.833257771538775,0.24201870173551,0.708352434269067,999,"LogRain","Log rainfall amount","Rainfall","Retained process","ga",72,"-80:-1","Primary"
-43,0.500514334770789,0.125148621781294,0.875880047760285,0.241663943272364,0.744120224494448,0.485398328960215,0.121369015159442,0.849427642760989,0.234365463854418,0.721647090648292,999,"LogRain","Log rainfall amount","Rainfall","Retained process","ga",72,"-80:-1","Primary"
-42,0.498762800961336,0.104394540240801,0.893131061681871,0.226632452286791,0.759239754414704,0.483699693126707,0.101241726490531,0.866157659762883,0.219787938098799,0.736309996479585,999,"LogRain","Log rainfall amount","Rainfall","Retained process","ga",72,"-80:-1","Primary"
-41,0.495975022818572,0.0812590024679199,0.910691043169223,0.218057107530614,0.775802996001631,0.480996108517829,0.0788049038175206,0.883187313218136,0.211471576856494,0.752373012521154,999,"LogRain","Log rainfall amount","Rainfall","Retained process","ga",72,"-80:-1","Primary"
-40,0.492171897111952,0.0560467769985618,0.928297017225342,0.202754897848722,0.789266735742303,0.477307840800852,0.0543541113785807,0.900261570223124,0.196631508364968,0.765430134600725,999,"LogRain","Log rainfall amount","Rainfall","Retained process","ga",72,"-80:-1","Primary"
-39,0.487374320610932,0.0290502098851916,0.945698431336671,0.182972622055314,0.80227347696379,0.472655155643053,0.0281728660991759,0.917137445186929,0.17744667599139,0.778044059948176,999,"LogRain","Log rainfall amount","Rainfall","Retained process","ga",72,"-80:-1","Primary"
-38,0.481603190084966,0.000545752384687015,0.962660627785245,0.164948782070491,0.812325180142162,0.467058318711703,0.000529270147026746,0.933587367276379,0.159967173003557,0.78779219219342,999,"LogRain","Log rainfall amount","Rainfall","Retained process","ga",72,"-80:-1","Primary"
-37,0.47487940230351,-0.0292072956691331,0.978966100276152,0.147398640310346,0.826653182684308,0.460537595674077,-0.0283252077440231,0.949400399092177,0.142947062106453,0.801687475521279,999,"LogRain","Log rainfall amount","Rainfall","Retained process","ga",72,"-80:-1","Primary"
-36,0.467223854036018,-0.0599667109854247,0.994414419057461,0.130106527093326,0.843698187931316,0.453113252197448,-0.0581556596553727,0.964382164050269,0.126177187046678,0.818217705505212,999,"LogRain","Log rainfall amount","Rainfall","Retained process","ga",72,"-80:-1","Primary"
-35,0.458657442051946,-0.0915065782969474,1.00882146240084,0.113788885244634,0.861511607700492,0.44480555394909,-0.0887429931743038,0.978354101072485,0.110352353399199,0.835493143166721,999,"LogRain","Log rainfall amount","Rainfall","Retained process","ga",72,"-80:-1","Primary"
-34,0.449201063120749,-0.123616251233118,1.02201837747462,0.102787802601567,0.879205239127281,0.435634766596277,-0.11988292364965,0.991152456842204,0.099683513846095,0.852652410206964,999,"LogRain","Log rainfall amount","Rainfall","Retained process","ga",72,"-80:-1","Primary"
-33,0.438875614011882,-0.156099304997962,1.03385053302173,0.0850849653720492,0.894625526274993,0.425621155806283,-0.151384958499861,1.00262727011243,0.0825153190270641,0.867606990113279,999,"LogRain","Log rainfall amount","Rainfall","Retained process","ga",72,"-80:-1","Primary"
-32,0.4277019914948,-0.188772634468638,1.04417661745824,0.0696687481101182,0.900784817879667,0.41478498724638,-0.183071522549811,1.01264149704257,0.0675646860921338,0.873580265292014,999,"LogRain","Log rainfall amount","Rainfall","Retained process","ga",72,"-80:-1","Primary"
-31,0.415701092338958,-0.221465783280405,1.05286796795832,0.0541658210075343,0.902710516843134,0.403146526583843,-0.214777307378025,1.02107036054571,0.0525299620356642,0.875447806327328,999,"LogRain","Log rainfall amount","Rainfall","Retained process","ga",72,"-80:-1","Primary"
-30,0.402893813313811,-0.254020550375047,1.05980817700267,0.0315371781519782,0.908743525891318,0.390726039485945,-0.246348889747719,1.02780096871961,0.0305847255745456,0.881298612802095,999,"LogRain","Log rainfall amount","Rainfall","Retained process","ga",72,"-80:-1","Primary"
-29,0.389301051188814,-0.286290900787403,1.06489300316503,0.010404360379185,0.91604005046146,0.37754379161996,-0.277644645087656,1.03273222832758,0.0100901388653914,0.88837477543625,999,"LogRain","Log rainfall amount","Rainfall","Retained process","ga",72,"-80:-1","Primary"
-28,0.374943702733422,-0.318143200273431,1.06803060574028,-0.0087333271684954,0.912738746311229,0.363620048653161,-0.308534975034227,1.03577507234055,-0.0084695724365054,0.885173173790524,999,"LogRain","Log rainfall amount","Rainfall","Retained process","ga",72,"-80:-1","Primary"
-27,0.359842664717091,-0.349456794199059,1.06914212363324,-0.0268820058232202,0.915656292632501,0.348975076252823,-0.338902868837308,1.03685302134295,-0.0260701438484582,0.888002607456311,999,"LogRain","Log rainfall amount","Rainfall","Retained process","ga",72,"-80:-1","Primary"
-26,0.344018833909276,-0.380124957053653,1.0681626248722,-0.0458913729237919,0.917386045116937,0.333629140086219,-0.368644824197521,1.03590310436996,-0.0445054101019899,0.889680119781397,999,"LogRain","Log rainfall amount","Rainfall","Retained process","ga",72,"-80:-1","Primary"
-25,0.32749310707943,-0.410056248275747,1.06504246243461,-0.0683920410715622,0.924994177529672,0.317602505820622,-0.397672162144753,1.032877173786,-0.0663265368124121,0.897058479406883,999,"LogRain","Log rainfall amount","Rainfall","Retained process","ga",72,"-80:-1","Primary"
-24,0.310286380997011,-0.439176321668393,1.05974908366241,-0.0902811091235566,0.924097632066756,0.300915439123307,-0.42591278180745,1.02774366005406,-0.0875545343278083,0.896189010464028,999,"LogRain","Log rainfall amount","Rainfall","Retained process","ga",72,"-80:-1","Primary"
-23,0.292419552431472,-0.467430248668386,1.05226935353133,-0.108491119105495,0.922087179702402,0.283588205661546,-0.453313413516911,1.02048982484,-0.105214584802945,0.894239275660612,999,"LogRain","Log rainfall amount","Rainfall","Retained process","ga",72,"-80:-1","Primary"
-22,0.273913518152268,-0.494785429126957,1.04261246543149,-0.12435768489062,0.913989260683779,0.265641071102614,-0.479842441679663,1.01112458388489,-0.120601965310166,0.886385921447501,999,"LogRain","Log rainfall amount","Rainfall","Retained process","ga",72,"-80:-1","Primary"
-21,0.254789174928856,-0.521235175537728,1.03081352539544,-0.140228763825804,0.902797340016949,0.247094301113784,-0.50549338075834,0.999681982985908,-0.135993722666051,0.875532007359261,999,"LogRain","Log rainfall amount","Rainfall","Retained process","ga",72,"-80:-1","Primary"
-20,0.235067419530689,-0.546803065236737,1.01693790429812,-0.154462094197348,0.892030060060112,0.22796816136233,-0.530289096031153,0.986225418755813,-0.149797193012311,0.86508990943036,999,"LogRain","Log rainfall amount","Rainfall","Retained process","ga",72,"-80:-1","Primary"
-19,0.214769148727224,-0.571548155668552,1.001086453123,-0.172880610912141,0.876319978046331,0.208282917515525,-0.554286861352046,0.970852696383097,-0.167659453119967,0.849854286736737,999,"LogRain","Log rainfall amount","Rainfall","Retained process","ga",72,"-80:-1","Primary"
-18,0.193915259287914,-0.595571143342292,0.98340166191812,-0.198521549515045,0.853553226539921,0.188058835240644,-0.577584332100422,0.95370200258171,-0.192526011150758,0.82777511263651,999,"LogRain","Log rainfall amount","Rainfall","Retained process","ga",72,"-80:-1","Primary"
-17,0.172526647982216,-0.619021506759338,0.964074802723769,-0.222893843792777,0.830615313778038,0.167316180204959,-0.600326472385688,0.934958832795607,-0.216162239113651,0.805529946512442,999,"LogRain","Log rainfall amount","Rainfall","Retained process","ga",72,"-80:-1","Primary"
-16,0.150624211579583,-0.642105591658045,0.943354014817212,-0.248212879589722,0.820067696186521,0.146075218075745,-0.622713396109939,0.91486383226143,-0.240716616107367,0.795300876937885,999,"LogRain","Log rainfall amount","Rainfall","Retained process","ga",72,"-80:-1","Primary"
-15,0.128228846849472,-0.665095452417481,0.921553146116426,-0.266390717354272,0.811013201697331,0.124356214520275,-0.645008941352952,0.893721370393503,-0.258345465996478,0.786519836737219,999,"LogRain","Log rainfall amount","Rainfall","Retained process","ga",72,"-80:-1","Primary"
-14,0.105361450561338,-0.688338031973024,0.899060933095699,-0.290300483227136,0.785285725534175,0.102179435205823,-0.667549573045652,0.871908443457299,-0.281533134349339,0.761569354662257,999,"LogRain","Log rainfall amount","Rainfall","Retained process","ga",72,"-80:-1","Primary"
-13,0.0820429194846342,-0.712263922798969,0.876349761768237,-0.315635192206196,0.777451224214691,0.0795651457996625,-0.690752879362776,0.849883170962101,-0.306102711180262,0.753971462684886,999,"LogRain","Log rainfall amount","Rainfall","Retained process","ga",72,"-80:-1","Primary"
-12,0.0582941503888173,-0.737394500103783,0.853982800881418,-0.343761837399179,0.759523995124177,0.0565336119690668,-0.715124489488885,0.828191713427019,-0.333379905113545,0.736585652851073,999,"LogRain","Log rainfall amount","Rainfall","Retained process","ga",72,"-80:-1","Primary"
-11,0.0341360400433421,-0.764345696532828,0.832617776619512,-0.376081199183702,0.754105161407543,0.03310509938131,-0.741261734321499,0.807471933084119,-0.364723191635903,0.731330473032553,999,"LogRain","Log rainfall amount","Rainfall","Retained process","ga",72,"-80:-1","Primary"
-10,0.00958948521766345,-0.793826216955077,0.813005187390404,-0.403466957426273,0.736576243708347,0.00929987370366556,-0.769851915172943,0.788451662580274,-0.391281874104688,0.714330945209704,999,"LogRain","Log rainfall amount","Rainfall","Retained process","ga",72,"-80:-1","Primary"
-9,-0.0153246173187635,-0.826627803644234,0.795978569006707,-0.435791788376414,0.715469133311068,-0.0148617993965928,-0.801662862952194,0.771939264159009,-0.422630464618694,0.693861289489034,999,"LogRain","Log rainfall amount","Rainfall","Retained process","ga",72,"-80:-1","Primary"
-8,-0.0405853707964836,-0.863605581541224,0.782434839948257,-0.477238223170682,0.693527816815982,-0.0393596542521914,-0.837523877019016,0.758804568514634,-0.462825177922378,0.672582621482893,999,"LogRain","Log rainfall amount","Rainfall","Retained process","ga",72,"-80:-1","Primary"
-7,-0.0661718784460419,-0.905647844489629,0.773304087597545,-0.524899775658732,0.680032473953882,-0.0641734251958567,-0.878296423903627,0.749949573511913,-0.509047306493268,0.659494850726021,999,"LogRain","Log rainfall amount","Rainfall","Retained process","ga",72,"-80:-1","Primary"
-6,-0.0920632434979833,-0.953636933855953,0.769510446859987,-0.563381423031584,0.660475415477132,-0.0892828465603149,-0.924836197429601,0.746270504308971,-0.546366771756881,0.640528433893346,999,"LogRain","Log rainfall amount","Rainfall","Retained process","ga",72,"-80:-1","Primary"
-5,-0.118238569182853,-1.00840563909119,0.771928500725488,-0.619124560020012,0.642955460011504,-0.114667652678292,-0.977950836019671,0.748615530663086,-0.600426413340522,0.623537597636144,999,"LogRain","Log rainfall amount","Rainfall","Retained process","ga",72,"-80:-1","Primary"
-4,-0.144676958731195,-1.07069577970323,0.781341862240838,-0.671016079736218,0.644761585689273,-0.140307577882516,-1.03835975553169,0.757744599766656,-0.650750760132682,0.625289176611964,999,"LogRain","Log rainfall amount","Rainfall","Retained process","ga",72,"-80:-1","Primary"
-3,-0.171357515373555,-1.14112611831011,0.798411087562997,-0.729357609149591,0.644800488517071,-0.166182356505711,-1.10666303136801,0.774298318356585,-0.707330320234998,0.625326904537606,999,"LogRain","Log rainfall amount","Rainfall","Retained process","ga",72,"-80:-1","Primary"
-2,-0.198259342340478,-1.22017491765744,0.823656232976485,-0.799890359098776,0.641678157882026,-0.192271722880604,-1.18332448228745,0.798781036526238,-0.775732914494324,0.622298871237808,999,"LogRain","Log rainfall amount","Rainfall","Retained process","ga",72,"-80:-1","Primary"
-1,-0.225361542862508,-1.30817885692704,0.857455771202028,-0.870068858673509,0.642847681860741,-0.218555411339922,-1.26867061944243,0.831559796762584,-0.843791957075213,0.623433074487365,999,"LogRain","Log rainfall amount","Rainfall","Retained process","ga",72,"-80:-1","Primary"
-80,-0.0321867680949385,-0.158678563636497,0.0943050274466201,-0.106345547829536,0.0662396347171217,-0.186668796223509,-0.920264388556561,0.546926796109543,-0.616756405567504,0.384160125628596,999,"RH","Relative humidity","Atmospheric moisture","Retained process","ga",72,"-80:-1","Primary"
-79,-0.0276814208735501,-0.137745633065694,0.0823827913185941,-0.0932941690687003,0.0573376598120331,-0.160539806201745,-0.798862794598561,0.477783182195071,-0.541064271608724,0.332532670065387,999,"RH","Relative humidity","Atmospheric moisture","Retained process","ga",72,"-80:-1","Primary"
-78,-0.023357519730318,-0.118344573776089,0.0716295343154532,-0.0816563158115108,0.0478996500455995,-0.135463121925279,-0.686345365934419,0.415419122083861,-0.473569950596512,0.277796453100412,999,"RH","Relative humidity","Atmospheric moisture","Retained process","ga",72,"-80:-1","Primary"
-77,-0.019212072909653,-0.10052756974502,0.0621034239257143,-0.0706556596469689,0.0402135509390154,-0.111421392555632,-0.583014746190959,0.360171961079695,-0.409771086484192,0.233220530980842,999,"RH","Relative humidity","Atmospheric moisture","Retained process","ga",72,"-80:-1","Primary"
-76,-0.015242088655966,-0.084385362176336,0.0539011848644039,-0.0605179558992012,0.0334140314906274,-0.0883972672543226,-0.489397193588335,0.31260265907969,-0.350976958739382,0.193786372615357,999,"RH","Relative humidity","Atmospheric moisture","Retained process","ga",72,"-80:-1","Primary"
-75,-0.0114445752136679,-0.0700632513132934,0.0471741008859576,-0.0519075087418869,0.0280613660902652,-0.0663733951828715,-0.406335384266628,0.273588593900885,-0.301040233155097,0.162743317782214,999,"RH","Relative humidity","Atmospheric moisture","Retained process","ga",72,"-80:-1","Primary"
-74,-0.00781654082716948,-0.0577738529440681,0.0421407712897292,-0.0432153199905555,0.024882959177017,-0.0453324255027981,-0.335062394287395,0.244397543281799,-0.25062944304493,0.144309985468312,999,"RH","Relative humidity","Atmospheric moisture","Retained process","ga",72,"-80:-1","Primary"
-73,-0.00435499374088169,-0.0477829205070199,0.0390729330252566,-0.0368253755812535,0.0220485694981021,-0.0252570073756222,-0.277119474213122,0.226605459461877,-0.213570635919553,0.127871798576394,999,"RH","Relative humidity","Atmospheric moisture","Retained process","ga",72,"-80:-1","Primary"
-72,-0.00105694219921541,-0.0403220711031512,0.0382081867047204,-0.0314474055234826,0.0218746606906312,-0.00612978996286351,-0.233849899184119,0.221590319258392,-0.18238082544063,0.126863205615228,999,"RH","Relative humidity","Atmospheric moisture","Retained process","ga",72,"-80:-1","Primary"
-71,0.00208060555341851,-0.0354122438943026,0.0395734550011396,-0.0279422088664318,0.0237618900294238,0.0120665775739583,-0.20537510693291,0.229508262080827,-0.162052259411,0.137808288011541,999,"RH","Relative humidity","Atmospheric moisture","Retained process","ga",72,"-80:-1","Primary"
-70,0.00506064127260917,-0.032726243916393,0.0428475264616114,-0.0244794562856518,0.0266615763349145,0.0293494460733233,-0.189797513648184,0.248496405794831,-0.141969849957294,0.154625166005478,999,"RH","Relative humidity","Atmospheric moisture","Retained process","ga",72,"-80:-1","Primary"
-69,0.00788615671394572,-0.0316724950158424,0.0474448084437338,-0.0228667828286862,0.0302930359559874,0.045736166373712,-0.183686243383104,0.275158576130528,-0.1326170683414,0.175686000507422,999,"RH","Relative humidity","Atmospheric moisture","Retained process","ga",72,"-80:-1","Primary"
-68,0.0105601436330173,-0.0316275868277118,0.0527478740937463,-0.0220850139771557,0.0345144911517831,0.0612440893136046,-0.183425796065306,0.305913974692515,-0.128083160183558,0.200168544308848,999,"RH","Relative humidity","Atmospheric moisture","Retained process","ga",72,"-80:-1","Primary"
-67,0.013085593785413,-0.0320954416847013,0.0582666292555273,-0.0219460529670321,0.0391858016335767,0.0758905657314812,-0.18613914406918,0.337920275532142,-0.127277248747987,0.227260046688044,999,"RH","Relative humidity","Atmospheric moisture","Retained process","ga",72,"-80:-1","Primary"
-66,0.0154654989267219,-0.0327366242527793,0.0636676221062231,-0.0230472828154673,0.0440478829554691,0.0896929464658222,-0.189857714936238,0.369243607867882,-0.13366388718172,0.255457934242999,999,"RH","Relative humidity","Atmospheric moisture","Retained process","ga",72,"-80:-1","Primary"
-65,0.0177028508125332,-0.0333359838919576,0.0687416855170241,-0.0216761613714851,0.047319844981021,0.102668582355108,-0.193333731603099,0.398670896313314,-0.125711998732732,0.274433844182054,999,"RH","Relative humidity","Atmospheric moisture","Retained process","ga",72,"-80:-1","Primary"
-64,0.0198006411984361,-0.0337628390470922,0.0733641214439643,-0.0214620195295459,0.0511547602498829,0.114834824237818,-0.195809299753829,0.425478948229466,-0.124470072244867,0.296674630046174,999,"RH","Relative humidity","Atmospheric moisture","Retained process","ga",72,"-80:-1","Primary"
-63,0.0217618618400195,-0.033940930638106,0.0774646543181451,-0.0217143311500845,0.0537209036512542,0.126209022952434,-0.196842150980582,0.44926019688545,-0.125933366302233,0.311557109028156,999,"RH","Relative humidity","Atmospheric moisture","Retained process","ga",72,"-80:-1","Primary"
-62,0.0235895044928727,-0.0338288010633401,0.0810078100490856,-0.0214646103436108,0.0560537062038537,0.136808529337435,-0.196191849817046,0.469808908491916,-0.124485097802615,0.325086315907096,999,"RH","Relative humidity","Atmospheric moisture","Retained process","ga",72,"-80:-1","Primary"
-61,0.0252865609125848,-0.0334075851488594,0.083980706974029,-0.0210943322867579,0.0587235038168816,0.146650694231302,-0.193748986728886,0.487050375191489,-0.122337651406729,0.340569942753828,999,"RH","Relative humidity","Atmospheric moisture","Retained process","ga",72,"-80:-1","Primary"
-60,0.0268560228547449,-0.0326734976110299,0.0863855433205197,-0.0205464143396467,0.0609578265382921,0.155752868472514,-0.189491608771425,0.500997345716453,-0.119159973445561,0.35352801085033,999,"RH","Relative humidity","Atmospheric moisture","Retained process","ga",72,"-80:-1","Primary"
-59,0.0283008820749421,-0.0316332018506815,0.0882349660005657,-0.0199808782615356,0.0624386812580073,0.164132402899553,-0.183458360676186,0.511723166475293,-0.115880118238894,0.362116303004913,999,"RH","Relative humidity","Atmospheric moisture","Retained process","ga",72,"-80:-1","Primary"
-58,0.0296241303287656,-0.0303009520922552,0.0895492127497863,-0.0189373348169707,0.0637671811159736,0.171806648350898,-0.175731910541741,0.519345207243538,-0.109828035034103,0.369821005401196,999,"RH","Relative humidity","Atmospheric moisture","Retained process","ga",72,"-80:-1","Primary"
-57,0.0308287593718044,-0.0286968529312473,0.0903543716748561,-0.017786120819341,0.0650972780456451,0.17879295566503,-0.166428855990713,0.524014767320774,-0.103151510988591,0.377534970095942,999,"RH","Relative humidity","Atmospheric moisture","Retained process","ga",72,"-80:-1","Primary"
-56,0.0319177609596478,-0.0268458520316778,0.0906813739509733,-0.0166457120992204,0.0661753122126781,0.185108675680429,-0.155693882267595,0.525911233628454,-0.0965376526987559,0.383787083997354,999,"RH","Relative humidity","Atmospheric moisture","Retained process","ga",72,"-80:-1","Primary"
-55,0.0328941268478847,-0.0247772429683984,0.0905654966641678,-0.0145397647492432,0.0666743035967406,0.190771159235575,-0.14369687894746,0.525239197418611,-0.0843241040886317,0.386681009871306,999,"RH","Relative humidity","Atmospheric moisture","Retained process","ga",72,"-80:-1","Primary"
-54,0.0337608487921044,-0.0225245515221635,0.0900462491063724,-0.0122669324059248,0.0670224063535798,0.195797757168949,-0.130632280498453,0.522227794836352,-0.0711426974841016,0.388699849488555,999,"RH","Relative humidity","Atmospheric moisture","Retained process","ga",72,"-80:-1","Primary"
-53,0.034520918547896,-0.0201257361148643,0.0891675732106564,-0.0101270213505637,0.0668022573681352,0.200205820319031,-0.116720228716113,0.517131869354175,-0.0587321746397014,0.387423084266848,999,"RH","Relative humidity","Atmospheric moisture","Retained process","ga",72,"-80:-1","Primary"
-52,0.0351773278708486,-0.0176236643614662,0.0879783201031635,-0.00762420030971392,0.066526210121508,0.2040126995243,-0.102209336510533,0.510234735559133,-0.0442169369034913,0.385822134240529,999,"RH","Relative humidity","Atmospheric moisture","Retained process","ga",72,"-80:-1","Primary"
-51,0.0357330685165514,-0.0150668361568185,0.0865329731899212,-0.00540470937028881,0.0661488323864331,0.207235745623238,-0.0873808814850358,0.501852372731511,-0.0313448864798695,0.383633512900225,999,"RH","Relative humidity","Atmospheric moisture","Retained process","ga",72,"-80:-1","Primary"
-50,0.0361911322405933,-0.0125103038541766,0.0848925683353633,-0.0017825136052213,0.0656463933679247,0.209892309454324,-0.0725541425582492,0.492338761466897,-0.0103377781813084,0.38071959229521,999,"RH","Relative humidity","Atmospheric moisture","Retained process","ga",72,"-80:-1","Primary"
-49,0.0365545107985637,-0.0100166771747073,0.0831256987718347,7.07828249277683e-06,0.0651844843686999,0.211999741856039,-0.0580922279878155,0.482091711699893,4.10508587988481e-05,0.378040727595413,999,"RH","Relative humidity","Atmospheric moisture","Retained process","ga",72,"-80:-1","Primary"
-48,0.0368261959460515,-0.00765697127529813,0.0813093631674012,0.00171756371390286,0.0638629773048181,0.213575393666863,-0.0444069937827233,0.471557781116449,0.00996109798802214,0.370376580263563,999,"RH","Relative humidity","Atmospheric moisture","Retained process","ga",72,"-80:-1","Primary"
-47,0.037009179438646,-0.00551083880489073,0.0795291976821828,0.00362048765649355,0.0624744687839538,0.214636615725276,-0.0319603895257978,0.46123362097635,0.0209972020361374,0.362323854579167,999,"RH","Relative humidity","Atmospheric moisture","Retained process","ga",72,"-80:-1","Primary"
-46,0.0371064530319362,-0.00366543298567856,0.077878339049551,0.00495749313329872,0.0618906080037561,0.215200758869759,-0.0212578647553669,0.451659382494885,0.0287512332008478,0.358937724332099,999,"RH","Relative humidity","Atmospheric moisture","Retained process","ga",72,"-80:-1","Primary"
-45,0.0371210084815113,-0.00221189685896008,0.0764539138219827,0.00645136320455785,0.0605353390792965,0.215285173938792,-0.0128280081682873,0.443398356045871,0.0374150085477153,0.351077773375178,999,"RH","Relative humidity","Atmospheric moisture","Retained process","ga",72,"-80:-1","Primary"
-44,0.0370558375429604,-0.00123857214292849,0.0753502472288493,0.00655510700047141,0.0595620579955487,0.214907211770855,-0.00718316204579703,0.436997585587507,0.0380166759609119,0.345433180300334,999,"RH","Relative humidity","Atmospheric moisture","Retained process","ga",72,"-80:-1","Primary"
-43,0.0369139319718726,-0.00082091597204953,0.0746487799157948,0.00595791607485023,0.0586441397040629,0.214084223204428,-0.00476094387144247,0.432929390280298,0.0345532368584679,0.340109666550901,999,"RH","Relative humidity","Atmospheric moisture","Retained process","ga",72,"-80:-1","Primary"
-42,0.0366982835238371,-0.00100995023961382,0.074406517287288,0.0066512359440889,0.057853603144437,0.212833559077992,-0.00585725770659162,0.431524375862575,0.038574180651485,0.335524909624677,999,"RH","Relative humidity","Atmospheric moisture","Retained process","ga",72,"-80:-1","Primary"
-41,0.0364118839544429,-0.0018229754811579,0.0746467433900438,0.00445100237590184,0.0576342464035204,0.211172570230026,-0.0105724388857243,0.432917579345777,0.0258138143303749,0.334252739065346,999,"RH","Relative humidity","Atmospheric moisture","Retained process","ga",72,"-80:-1","Primary"
-40,0.0360577250192793,-0.00324045244046933,0.0753559024790279,0.00281270557594245,0.0585545157863935,0.209118607499012,-0.0187931685001037,0.437030383498128,0.0163124288354659,0.339589888088682,999,"RH","Relative humidity","Atmospheric moisture","Retained process","ga",72,"-80:-1","Primary"
-39,0.0356387984739352,-0.00521044852533541,0.0764880454732059,0.00220251262293383,0.059684615399093,0.206689021723429,-0.030218260843712,0.443596304290571,0.0127735838148595,0.346143958186464,999,"RH","Relative humidity","Atmospheric moisture","Retained process","ga",72,"-80:-1","Primary"
-38,0.0351580960739999,-0.00765847726076755,0.0779746694087674,0.00191261627033406,0.0608182897492311,0.203901163741758,-0.0444157278219371,0.452218055305453,0.0110923151951035,0.352718760155569,999,"RH","Relative humidity","Atmospheric moisture","Retained process","ga",72,"-80:-1","Primary"
-37,0.0346186095750625,-0.0104986936994036,0.0797359128495286,0.000420118068893019,0.062131678504885,0.200772384392479,-0.0608877073027778,0.462432476087736,0.00243649607691856,0.36033582494655,999,"RH","Relative humidity","Atmospheric moisture","Retained process","ga",72,"-80:-1","Primary"
-36,0.0340233307327121,-0.0136431552558028,0.0816898167212269,-0.00192805724048987,0.0643170871151185,0.197320034514072,-0.079124171795665,0.473764240823808,-0.0111818658857166,0.373010213171099,999,"RH","Relative humidity","Atmospheric moisture","Retained process","ga",72,"-80:-1","Primary"
-35,0.0333752513025378,-0.0170078352621732,0.0837583378672488,-0.00515683116239351,0.0657552851234792,0.193561464945017,-0.0986378043733097,0.485760734263344,-0.0299073042242862,0.381351115561792,999,"RH","Relative humidity","Atmospheric moisture","Retained process","ga",72,"-80:-1","Primary"
-34,0.0326773630401287,-0.0205156596335628,0.0858703857138202,-0.00642290005541548,0.0680395821471922,0.189514026523795,-0.1189816099657,0.49800966301329,-0.0372499350687172,0.394599012162523,999,"RH","Relative humidity","Atmospheric moisture","Retained process","ga",72,"-80:-1","Primary"
-33,0.031932657701074,-0.0240974857472892,0.0879628011494372,-0.0081472353605124,0.0699317297322237,0.185195070088886,-0.139754592421071,0.510144732598843,-0.0472503052437755,0.405572618177679,999,"RH","Relative humidity","Atmospheric moisture","Retained process","ga",72,"-80:-1","Primary"
-32,0.0311441270409628,-0.0276919315473201,0.0899801856292458,-0.00953699132137667,0.0725181893542937,0.18062194647877,-0.160600763388075,0.521844656345616,-0.055310265519805,0.420572922113396,999,"RH","Relative humidity","Atmospheric moisture","Retained process","ga",72,"-80:-1","Primary"
-31,0.0303147628153842,-0.031244704149928,0.0918742297806965,-0.0111061925726726,0.0747088520898253,0.175812006531928,-0.181205248530184,0.53282926159404,-0.0644109278711112,0.433277781904451,999,"RH","Relative humidity","Atmospheric moisture","Retained process","ga",72,"-80:-1","Primary"
-30,0.0294475567799274,-0.034707814723483,0.0936029282833378,-0.0118407069614579,0.0759827239675361,0.170782601086839,-0.201289734181171,0.542854936354849,-0.0686707813723694,0.440665666554872,999,"RH","Relative humidity","Atmospheric moisture","Retained process","ga",72,"-80:-1","Primary"
-29,0.0285455006901814,-0.0380388806696944,0.0951298820500573,-0.0138988436247474,0.0777895217891071,0.165551080981985,-0.220608420309779,0.551710582273748,-0.0806070494769054,0.451144282282213,999,"RH","Relative humidity","Atmospheric moisture","Retained process","ga",72,"-80:-1","Primary"
-28,0.0276115863017355,-0.0412006073494555,0.0964237799529265,-0.0155270563463456,0.0793316576224417,0.160134797055844,-0.238945014762441,0.559214608874129,-0.0900499518472227,0.460087977367492,999,"RH","Relative humidity","Atmospheric moisture","Retained process","ga",72,"-80:-1","Primary"
-27,0.0266488053701786,-0.0441604872656563,0.0974580980060135,-0.0170761499053599,0.080042332240293,0.154551100146898,-0.25611098865872,0.565213188952517,-0.0990339986159399,0.464209570906477,999,"RH","Relative humidity","Atmospheric moisture","Retained process","ga",72,"-80:-1","Primary"
-26,0.0256601496511,-0.04689073344185,0.09821103274405,-0.0183333046343288,0.082006578697904,0.148817341093627,-0.27194519001751,0.569579872204764,-0.106324931313225,0.475601317994815,999,"RH","Relative humidity","Atmospheric moisture","Retained process","ga",72,"-80:-1","Primary"
-25,0.0246486109000888,-0.049368461349663,0.0986656831498405,-0.0190816868820737,0.0828084041720766,0.142950870734511,-0.286314898854278,0.5722166403233,-0.110665212166821,0.480251545554278,999,"RH","Relative humidity","Atmospheric moisture","Retained process","ga",72,"-80:-1","Primary"
-24,0.023617180872734,-0.0515761418760598,0.0988105036215278,-0.0196398829364064,0.0828788444645271,0.13696903990803,-0.299118454187731,0.573056534003792,-0.11390249853281,0.480660067607769,999,"RH","Relative humidity","Atmospheric moisture","Retained process","ga",72,"-80:-1","Primary"
-23,0.0225688513246249,-0.0535023621562937,0.0986400648055435,-0.0214389027288931,0.0827859310362677,0.130889199452665,-0.310289666529151,0.572068065434481,-0.124336005185457,0.48012121146182,999,"RH","Relative humidity","Atmospheric moisture","Retained process","ga",72,"-80:-1","Primary"
-22,0.0215066140113505,-0.0551429492486381,0.0981561772713391,-0.0222503328967524,0.0821761212981783,0.124728700206896,-0.319804334691063,0.569261735104854,-0.129041935653747,0.4765845889156,999,"RH","Relative humidity","Atmospheric moisture","Retained process","ga",72,"-80:-1","Primary"
-21,0.0204334606885,-0.0565025314097235,0.0973694527867235,-0.0233319044443269,0.0817284394031123,0.118504893009202,-0.32768930048285,0.564699086501254,-0.13531456477326,0.473988235028918,999,"RH","Relative humidity","Atmospheric moisture","Retained process","ga",72,"-80:-1","Primary"
-20,0.0193523831116625,-0.0575966291857968,0.0963013954091218,-0.0246896464568532,0.0800491468111992,0.112235128698065,-0.334034576100706,0.558504833496837,-0.143188858530023,0.464249092356536,999,"RH","Relative humidity","Atmospheric moisture","Retained process","ga",72,"-80:-1","Primary"
-19,0.0182663730364271,-0.0584543750486258,0.09498712112148,-0.0252029238152869,0.0788912572621814,0.105936758111965,-0.33900911679419,0.55088263301812,-0.146165636637878,0.45753385311172,999,"RH","Relative humidity","Atmospheric moisture","Retained process","ga",72,"-80:-1","Primary"
-18,0.0171784222183829,-0.0591219380769136,0.0934787825136794,-0.0273149121845349,0.0771090320127166,0.0996271320893813,-0.342880682480009,0.542134946658772,-0.158414220446066,0.447197747264266,999,"RH","Relative humidity","Atmospheric moisture","Retained process","ga",72,"-80:-1","Primary"
-17,0.0160915224131191,-0.059666645900721,0.0918496907269592,-0.0274377004515378,0.0757726663616823,0.0933236014687948,-0.346039743168045,0.532686946105635,-0.15912633723655,0.439447426801608,999,"RH","Relative humidity","Atmospheric moisture","Retained process","ga",72,"-80:-1","Primary"
-16,0.0150086653762248,-0.0601815952146027,0.0901989259670523,-0.0276871733368804,0.0739161141387951,0.0870435170886857,-0.349026217866434,0.523113252043805,-0.160573167904977,0.428680257896976,999,"RH","Relative humidity","Atmospheric moisture","Retained process","ga",72,"-80:-1","Primary"
-15,0.0139328428632891,-0.0607901534643411,0.0886558391909193,-0.0301014585315929,0.0722939083175037,0.0808042297875342,-0.352555582342404,0.514164041917472,-0.174574937505078,0.419272192850058,999,"RH","Relative humidity","Atmospheric moisture","Retained process","ga",72,"-80:-1","Primary"
-14,0.0128670466299011,-0.0616491297578962,0.0873832230176985,-0.0326015925388858,0.0694811928244628,0.0746230904038207,-0.357537258981372,0.506783439789014,-0.18907459165371,0.402959706499876,999,"RH","Relative humidity","Atmospheric moisture","Retained process","ga",72,"-80:-1","Primary"
-13,0.0118142684316501,-0.0629486205080704,0.0865771573713705,-0.0344790718452744,0.0680815902388577,0.0685174497760253,-0.365073721583741,0.502108621135791,-0.199963128241924,0.394842640223585,999,"RH","Relative humidity","Atmospheric moisture","Retained process","ga",72,"-80:-1","Primary"
-12,0.0107775000241249,-0.0649060283812728,0.0864610284295227,-0.0363630849901294,0.0659942149125132,0.0625046587426282,-0.376425807954493,0.501435125439749,-0.210889558158156,0.382736801007729,999,"RH","Relative humidity","Atmospheric moisture","Retained process","ga",72,"-80:-1","Primary"
-11,0.00975973316291496,-0.0677523482338878,0.0872718145597178,-0.0389059177210829,0.0645879590760888,0.0566020681421099,-0.392933184494677,0.506137320778896,-0.225636845723181,0.374581148865416,999,"RH","Relative humidity","Atmospheric moisture","Retained process","ga",72,"-80:-1","Primary"
-10,0.00876395960360922,-0.0717113281188249,0.0892392473260433,-0.0434584759796026,0.0661378204750214,0.0508270288129505,-0.415893489400546,0.517547547026447,-0.252039638552477,0.383569648760735,999,"RH","Relative humidity","Atmospheric moisture","Retained process","ga",72,"-80:-1","Primary"
-9,0.00779317110179683,-0.0769761086526583,0.0925624508562519,-0.0474698534952039,0.0690061575250963,0.0451968915936303,-0.44642685148688,0.536820634674141,-0.275303826178482,0.400204715155767,999,"RH","Relative humidity","Atmospheric moisture","Retained process","ga",72,"-80:-1","Primary"
-8,0.00685035941306694,-0.0836908371627568,0.0973915559888907,-0.0516425399281274,0.0712485350191001,0.0397290073226295,-0.485369260499511,0.56482727514477,-0.29950353306283,0.413209497314998,999,"RH","Relative humidity","Atmospheric moisture","Retained process","ga",72,"-80:-1","Primary"
-7,0.00593851629300866,-0.0919435140737156,0.103820546659733,-0.0580780776725472,0.0732000380185075,0.0344407268384285,-0.533231079370119,0.602112533046976,-0.336826761050753,0.424527338070287,999,"RH","Relative humidity","Atmospheric moisture","Retained process","ga",72,"-80:-1","Primary"
-6,0.00506063349721111,-0.101771110333534,0.111892377327956,-0.0658575517005366,0.0779345817348916,0.0293494009795074,-0.590226722989255,0.64892552494827,-0.381944215769209,0.451985564804893,999,"RH","Relative humidity","Atmospheric moisture","Retained process","ga",72,"-80:-1","Primary"
-5,0.00421970278126343,-0.113172720272933,0.12161212583546,-0.0759623648287346,0.0855994722164119,0.0244723805843466,-0.656350938881944,0.705295700050637,-0.440547592695421,0.496438486426292,999,"RH","Relative humidity","Atmospheric moisture","Retained process","ga",72,"-80:-1","Primary"
-4,0.00341871590075474,-0.12612474073952,0.13296217254103,-0.0873821988498136,0.0917349552279252,0.0198270164914262,-0.731466839367162,0.771120872350014,-0.506777500075352,0.53202153175196,999,"RH","Relative humidity","Atmospheric moisture","Retained process","ga",72,"-80:-1","Primary"
-3,0.00266066461127416,-0.140593711508734,0.145915040731282,-0.0973721156009427,0.0981417547425885,0.0154306595392266,-0.815380370173225,0.846241689251678,-0.564714529627554,0.569178090916893,999,"RH","Relative humidity","Atmospheric moisture","Retained process","ga",72,"-80:-1","Primary"
-2,0.00194854066841082,-0.156545144477682,0.160442225814504,-0.106049161256161,0.105860733085744,0.0113006605662281,-0.90789151579588,0.930492836928337,-0.615037496582744,0.613944697838782,999,"RH","Relative humidity","Atmospheric moisture","Retained process","ga",72,"-80:-1","Primary"
-1,0.00128533582775383,-0.173948588247882,0.176519259903389,-0.11721472572489,0.117465200188935,0.00745437041091076,-1.00882367180311,1.02373241262493,-0.679792754780332,0.68124539415531,999,"RH","Relative humidity","Atmospheric moisture","Retained process","ga",72,"-80:-1","Primary"
-80,0.256529468726499,-0.161494207091722,0.67455314454472,-0.0911290456928269,0.486084902296746,0.566795399136823,-0.356817382506753,1.4904081807804,-0.201347330904475,1.07399234707575,999,"Tmax","Maximum temperature","Thermal","Retained process","ga",72,"-80:-1","Primary"
-79,0.233493307198714,-0.136297199877914,0.603283814275342,-0.0768509990454511,0.439648364207421,0.51589758052542,-0.301145229784095,1.33294039083493,-0.169800346503156,0.971391985910489,999,"Tmax","Maximum temperature","Thermal","Retained process","ga",72,"-80:-1","Primary"
-78,0.211555052708318,-0.113988208259574,0.537098313676211,-0.0609106692999675,0.395783294370298,0.46742555985669,-0.251854074770095,1.18670519448347,-0.134580589469719,0.874473219072811,999,"Tmax","Maximum temperature","Thermal","Retained process","ga",72,"-80:-1","Primary"
-77,0.190691978011267,-0.0947196350669632,0.476103591089497,-0.0503227668615006,0.35013902446654,0.42132912185742,-0.209280647679164,1.051938891394,-0.111186885742719,0.773623354506211,999,"Tmax","Maximum temperature","Thermal","Retained process","ga",72,"-80:-1","Primary"
-76,0.170881355863515,-0.0787112275888905,0.420473939315921,-0.0389672350623223,0.310825110384456,0.377558051254397,-0.17391047461046,0.929026577119254,-0.0860971242799206,0.686760251665021,999,"Tmax","Maximum temperature","Thermal","Retained process","ga",72,"-80:-1","Primary"
-75,0.15210045902102,-0.0662615834089443,0.370462501450985,-0.0253917476195366,0.277292437943952,0.336062132774408,-0.146403299403204,0.818527564952021,-0.0561024267435753,0.612670656600591,999,"Tmax","Maximum temperature","Thermal","Retained process","ga",72,"-80:-1","Primary"
-74,0.134326560239737,-0.0577438538496969,0.326396974329171,-0.019865251641491,0.247229161183616,0.296791151144241,-0.127583590504885,0.721165892793367,-0.0438917730933156,0.546246603896914,999,"Tmax","Maximum temperature","Thermal","Retained process","ga",72,"-80:-1","Primary"
-73,0.117536932275621,-0.0535609157542889,0.288634780305531,-0.0154601902624229,0.219818227019997,0.259694891090681,-0.118341494151896,0.637731276333259,-0.0341589009403973,0.485682835347788,999,"Tmax","Maximum temperature","Thermal","Retained process","ga",72,"-80:-1","Primary"
-72,0.101708847884629,-0.0540294236702813,0.25744711943954,-0.0155297153006768,0.202779217153271,0.224723137340517,-0.119376650590499,0.568822925271533,-0.0343125147610734,0.448035572262378,999,"Tmax","Maximum temperature","Thermal","Retained process","ga",72,"-80:-1","Primary"
-71,0.0868195798227168,-0.0591927737117668,0.2328319333572,-0.0187365423551695,0.182851180643836,0.191825674620535,-0.130784942441628,0.514436291682697,-0.0413979183575383,0.4040050775849,999,"Tmax","Maximum temperature","Thermal","Retained process","ga",72,"-80:-1","Primary"
-70,0.0728464008458395,-0.0686488039619595,0.214341605653639,-0.0273247803110937,0.170034724384735,0.160952287657521,-0.15167780308066,0.473582378395703,-0.0603734137821981,0.375687440328802,999,"Tmax","Maximum temperature","Thermal","Retained process","ga",72,"-80:-1","Primary"
-69,0.0597665837099534,-0.0815371769119119,0.201070344331819,-0.0360189923355505,0.15619166293589,0.132052761178264,-0.180154338453604,0.444259860810132,-0.0795830562417786,0.345101544766296,999,"Tmax","Maximum temperature","Thermal","Retained process","ga",72,"-80:-1","Primary"
-68,0.0475574011710142,-0.0967307536858479,0.191845556027876,-0.0483006960151728,0.148537656241944,0.10507687990955,-0.213724163607222,0.423877923426321,-0.106719171144014,0.328190209781555,999,"Tmax","Maximum temperature","Thermal","Retained process","ga",72,"-80:-1","Primary"
-67,0.0361961259849778,-0.113098923608435,0.185491175578391,-0.0642056223092166,0.142005388239735,0.0799744285781658,-0.249889222734613,0.409838079890944,-0.141860705143313,0.313757328179451,999,"Tmax","Maximum temperature","Thermal","Retained process","ga",72,"-80:-1","Primary"
-66,0.0256600309078,-0.129688078285411,0.181008140101011,-0.0772377010225344,0.14086065196528,0.0566951919108986,-0.286542542110189,0.399932925931986,-0.170654754780443,0.311228062217114,999,"Tmax","Maximum temperature","Thermal","Retained process","ga",72,"-80:-1","Primary"
-65,0.0159263886954367,-0.145780343440558,0.177633120831431,-0.0886969323914525,0.136599111015922,0.0351889546345353,-0.322097996604002,0.392475905873073,-0.195973637830374,0.301812294838338,999,"Tmax","Maximum temperature","Thermal","Retained process","ga",72,"-80:-1","Primary"
-64,0.00697247210384369,-0.160875097197107,0.174820041404794,-0.103084054104279,0.134392680312132,0.0154055014758631,-0.355449474790069,0.386260477741795,-0.22776162084119,0.296937241778625,999,"Tmax","Maximum temperature","Thermal","Retained process","ga",72,"-80:-1","Primary"
-63,-0.00122444611102316,-0.17464351612386,0.172194623901814,-0.111223338099509,0.130067303064159,-0.00270538283833125,-0.385870449580269,0.380459683903606,-0.24574516379891,0.287380429706105,999,"Tmax","Maximum temperature","Thermal","Retained process","ga",72,"-80:-1","Primary"
-62,-0.008687093193208,-0.186883351312452,0.169509164926036,-0.1206064257768,0.12603333338078,-0.0191939135812606,-0.412914057106245,0.374526229943724,-0.266476859660551,0.278467475306959,999,"Tmax","Maximum temperature","Thermal","Retained process","ga",72,"-80:-1","Primary"
-61,-0.015438196386755,-0.19748295497785,0.16660656220434,-0.129027815769473,0.122731361511766,-0.034110306026138,-0.436333614399394,0.368113002347118,-0.285083708713331,0.271171851639519,999,"Tmax","Maximum temperature","Thermal","Retained process","ga",72,"-80:-1","Primary"
-60,-0.0215004829357084,-0.206395206742062,0.163394240870645,-0.136996291648957,0.119569648675171,-0.0475047754461765,-0.456025010171512,0.361015459279159,-0.302689855441994,0.264186126771067,999,"Tmax","Maximum temperature","Thermal","Retained process","ga",72,"-80:-1","Primary"
-59,-0.0268966800841122,-0.213619406749306,0.159826046581082,-0.143399007264438,0.116146355063246,-0.059427537114589,-0.471986698108875,0.353131623879697,-0.316836494309066,0.25662244576878,999,"Tmax","Maximum temperature","Thermal","Retained process","ga",72,"-80:-1","Primary"
-58,-0.0316495150760107,-0.219188957470275,0.155889927318254,-0.148746225475779,0.112475661978419,-0.0699288063045887,-0.484292480129069,0.344434867519892,-0.328651038249826,0.248512141863143,999,"Tmax","Maximum temperature","Thermal","Retained process","ga",72,"-80:-1","Primary"
-57,-0.035781715155448,-0.223163086326194,0.151599656015298,-0.153596815930306,0.108715887062682,-0.0790587982893885,-0.493073217727343,0.334955621148566,-0.339368295672028,0.240205013896096,999,"Tmax","Maximum temperature","Thermal","Retained process","ga",72,"-80:-1","Primary"
-56,-0.0393160075664683,-0.225621358277919,0.146989343144982,-0.156678310351155,0.103915705929106,-0.0868677283422014,-0.498504707680452,0.324769250996049,-0.346176779971605,0.229599134598716,999,"Tmax","Maximum temperature","Thermal","Retained process","ga",72,"-80:-1","Primary"
-55,-0.0422751195531157,-0.226660123420566,0.142109884314335,-0.158837812811419,0.0982722763372224,-0.0934058117362404,-0.500799833096488,0.313988209624007,-0.35094814625938,0.217130119074255,999,"Tmax","Maximum temperature","Thermal","Retained process","ga",72,"-80:-1","Primary"
-54,-0.0446817783594345,-0.226390321580545,0.137026764861676,-0.160338753409809,0.0920655997881751,-0.0987232637447187,-0.500203712727309,0.302757185237872,-0.354264436702612,0.203416623586214,999,"Tmax","Maximum temperature","Thermal","Retained process","ga",72,"-80:-1","Primary"
-53,-0.0465587112294686,-0.224936244541968,0.13181882208303,-0.160061220185238,0.0881542286037963,-0.102870299640849,-0.496990966138982,0.291250366857284,-0.353651234034025,0.194774547482334,999,"Tmax","Maximum temperature","Thermal","Retained process","ga",72,"-80:-1","Primary"
-52,-0.0479286454072624,-0.222434959341756,0.126577668527231,-0.159748470968038,0.0797540890957215,-0.105897134697845,-0.49146443949685,0.279670170101161,-0.352960222516819,0.176214650839971,999,"Tmax","Maximum temperature","Thermal","Retained process","ga",72,"-80:-1","Primary"
-51,-0.04881430813686,-0.219036138135216,0.121407521861496,-0.160813848500885,0.0778423525184308,-0.107853984188918,-0.483954829657798,0.268246861279961,-0.35531414733863,0.171990717029367,999,"Tmax","Maximum temperature","Thermal","Retained process","ga",72,"-80:-1","Primary"
-50,-0.0492384266623056,-0.214902028859089,0.116425175534478,-0.158822119363273,0.0719100823279927,-0.108791063387283,-0.474820619351005,0.257238492576438,-0.35091347198102,0.158883515478338,999,"Tmax","Maximum temperature","Thermal","Retained process","ga",72,"-80:-1","Primary"
-49,-0.0492237282276431,-0.210207239587909,0.111759783132622,-0.157238280261989,0.0671487764960915,-0.108758587566152,-0.464447600718751,0.246930425586447,-0.34741401938387,0.148363530180734,999,"Tmax","Maximum temperature","Thermal","Retained process","ga",72,"-80:-1","Primary"
-48,-0.048792940076917,-0.205137904283214,0.107552024129379,-0.154466351361668,0.064424855035365,-0.107806771998739,-0.453247032060316,0.237633488062839,-0.341289512303899,0.142345094329233,999,"Tmax","Maximum temperature","Thermal","Retained process","ga",72,"-80:-1","Primary"
-47,-0.0479687894541713,-0.199889669777166,0.103952090868823,-0.152249055420922,0.0604175582092879,-0.105985831958255,-0.441651190122989,0.229679526206478,-0.336390452776827,0.133491072936402,999,"Tmax","Maximum temperature","Thermal","Retained process","ga",72,"-80:-1","Primary"
-46,-0.0467740036034502,-0.194663846714773,0.101115839507873,-0.149541209900073,0.0569017851563892,-0.103345982717915,-0.430104865705871,0.22341290027004,-0.33040753630953,0.125723060938854,999,"Tmax","Maximum temperature","Thermal","Retained process","ga",72,"-80:-1","Primary"
-45,-0.0452313097687978,-0.189661101438641,0.0991984819010454,-0.144444819182098,0.0556389020512515,-0.0999374395509314,-0.419051426038133,0.21917654693627,-0.319147189396983,0.12293275253026,999,"Tmax","Maximum temperature","Thermal","Retained process","ga",72,"-80:-1","Primary"
-44,-0.0433634351942583,-0.185072370422802,0.0983455000342852,-0.142848890973745,0.0570584151889691,-0.0958104177305168,-0.408912740449433,0.2172919049884,-0.31562102622229,0.126069131050306,999,"Tmax","Maximum temperature","Thermal","Retained process","ga",72,"-80:-1","Primary"
-43,-0.0411931071238759,-0.181067364174592,0.0986811499268398,-0.137766643174787,0.0568057431050126,-0.0910151325298844,-0.400063780030699,0.21803351497093,-0.304391927733049,0.12551085844565,999,"Tmax","Maximum temperature","Thermal","Retained process","ga",72,"-80:-1","Primary"
-42,-0.0387430528016947,-0.177782037136475,0.100295931533085,-0.135442547239509,0.0576401331901788,-0.0856017992222474,-0.392804932697843,0.221601334253348,-0.299256896308363,0.127354422320418,999,"Tmax","Maximum temperature","Thermal","Retained process","ga",72,"-80:-1","Primary"
-41,-0.0360359994717589,-0.175307378488807,0.103235379545289,-0.131299051692863,0.0596418391635218,-0.0796206330808188,-0.38733723675283,0.228095970591193,-0.290101947273301,0.131777141245257,999,"Tmax","Maximum temperature","Thermal","Retained process","ga",72,"-80:-1","Primary"
-40,-0.0330946743781127,-0.173682230600586,0.107492881844361,-0.126405802404595,0.0616903144776182,-0.0731218493788114,-0.383746513431516,0.237502814673893,-0.279290436232528,0.136303195850364,999,"Tmax","Maximum temperature","Thermal","Retained process","ga",72,"-80:-1","Primary"
-39,-0.0299418047648001,-0.172892107978671,0.11300849844907,-0.126250451186076,0.0670444702988317,-0.0661556633894383,-0.382000757401696,0.249689430622819,-0.278947191628531,0.148133068265376,999,"Tmax","Maximum temperature","Thermal","Retained process","ga",72,"-80:-1","Primary"
-38,-0.0266001178758655,-0.172874314895865,0.119674079144134,-0.126726700138435,0.0736833248806863,-0.0587722903859127,-0.381961444033447,0.264416863261622,-0.279999451691989,0.162801450230278,999,"Tmax","Maximum temperature","Thermal","Retained process","ga",72,"-80:-1","Primary"
-37,-0.0230923409553528,-0.173527844117312,0.127343162206606,-0.128281640450915,0.0770799162427136,-0.0510219456414473,-0.383405400385739,0.281361509102844,-0.283435053143243,0.17030613328405,999,"Tmax","Maximum temperature","Thermal","Retained process","ga",72,"-80:-1","Primary"
-36,-0.0194412012473063,-0.174725482657317,0.135843080162704,-0.131270873358934,0.0852475419165139,-0.0429548444292553,-0.386051552571192,0.300141863712681,-0.2900396879543,0.188352296466641,999,"Tmax","Maximum temperature","Thermal","Retained process","ga",72,"-80:-1","Primary"
-35,-0.0156694259957702,-0.176325603057048,0.144986751065508,-0.131177921572735,0.0907756997555806,-0.0346212020225498,-0.389586978287134,0.320344574242034,-0.289834313324163,0.200566621956965,999,"Tmax","Maximum temperature","Thermal","Retained process","ga",72,"-80:-1","Primary"
-34,-0.0117997424447886,-0.178181956434103,0.154582471544526,-0.13292743470308,0.0978961658145934,-0.0260712336945436,-0.393688544311928,0.341546076922841,-0.293699818515173,0.216299112348785,999,"Tmax","Maximum temperature","Thermal","Retained process","ga",72,"-80:-1","Primary"
-33,-0.00785487783840566,-0.180150809943526,0.164441054266715,-0.136518586492064,0.103340186203994,-0.0173551547184498,-0.398038676545294,0.363328367108394,-0.301634377931299,0.228327538263504,999,"Tmax","Maximum temperature","Thermal","Retained process","ga",72,"-80:-1","Primary"
-32,-0.00385755942066556,-0.182095551795439,0.174380432954108,-0.137632701325415,0.109885686398049,-0.00852318036748147,-0.402335534678767,0.385289173943804,-0.304095986590875,0.242789656060175,999,"Tmax","Maximum temperature","Thermal","Retained process","ga",72,"-80:-1","Primary"
-31,0.000169485564387565,-0.183889290506607,0.184228261635382,-0.135487034794845,0.117978435680997,0.000374474085148473,-0.406298755176555,0.407047703346852,-0.29935519044123,0.260670381743323,999,"Tmax","Maximum temperature","Thermal","Retained process","ga",72,"-80:-1","Primary"
-30,0.00420352987270951,-0.185416076198151,0.19382313594357,-0.136508574061377,0.124492359820276,0.00928759336622692,-0.40967214970207,0.428247336434524,-0.301612255717911,0.275062733042372,999,"Tmax","Maximum temperature","Thermal","Retained process","ga",72,"-80:-1","Primary"
-29,0.00822184626025614,-0.186571305452536,0.203014997973048,-0.136529387232671,0.131283985249039,0.0181659622025409,-0.412224599639242,0.448556524044323,-0.301658241895598,0.290068658345198,999,"Tmax","Maximum temperature","Thermal","Retained process","ga",72,"-80:-1","Primary"
-28,0.0122017074829833,-0.187261747241795,0.211665162207762,-0.136653926802449,0.139835658170741,0.0269593653208775,-0.413750113380281,0.467668844022036,-0.301933408937852,0.308963364247821,999,"Tmax","Maximum temperature","Thermal","Retained process","ga",72,"-80:-1","Primary"
-27,0.0161203862968469,-0.187405508642257,0.21964628123595,-0.134419675689414,0.142629075128634,0.0356175874480235,-0.41406775057323,0.485302925469277,-0.29699688738471,0.315135348649709,999,"Tmax","Maximum temperature","Thermal","Retained process","ga",72,"-80:-1","Primary"
-26,0.0199551554578026,-0.186932171664182,0.226842482579787,-0.1317917880108,0.147214796127703,0.044090413310766,-0.413021924443601,0.501202751065133,-0.291190635755684,0.325267383682178,999,"Tmax","Maximum temperature","Thermal","Retained process","ga",72,"-80:-1","Primary"
-25,0.0236832877218064,-0.185783282496494,0.233149857940106,-0.129782514473993,0.153418466551298,0.0523276276358921,-0.410483482768277,0.515138738040062,-0.28675119649,0.338974237211757,999,"Tmax","Maximum temperature","Thermal","Retained process","ga",72,"-80:-1","Primary"
-24,0.027282055844814,-0.18391335986839,0.238477471558018,-0.127677452627841,0.154008833232031,0.0602790151501886,-0.406351935825104,0.526909966125482,-0.282100115367739,0.340278637521415,999,"Tmax","Maximum temperature","Thermal","Retained process","ga",72,"-80:-1","Primary"
-23,0.0307287325827814,-0.18129160718033,0.242749072345893,-0.125065887392673,0.15743066601161,0.0678943605804426,-0.400559239303164,0.536347960464049,-0.276329927766339,0.347839090851433,999,"Tmax","Maximum temperature","Thermal","Retained process","ga",72,"-80:-1","Primary"
-22,0.0340005906916643,-0.17790456274024,0.245905744123569,-0.122145888586807,0.160744670899139,0.075123448653441,-0.393075649932925,0.543322547239807,-0.269878263959971,0.355161301170165,999,"Tmax","Maximum temperature","Thermal","Retained process","ga",72,"-80:-1","Primary"
-21,0.0370749029274187,-0.173760005674129,0.247909811528966,-0.116892286541921,0.165544387335842,0.0819160640959709,-0.383918355497343,0.547750483689284,-0.258270562580791,0.36576615373151,999,"Tmax","Maximum temperature","Thermal","Retained process","ga",72,"-80:-1","Primary"
-20,0.0399289420460003,-0.168892554724049,0.248750438816049,-0.111206255101765,0.169460836927925,0.0882219916348192,-0.373163845234933,0.549607828504572,-0.245707419345719,0.374419450449287,999,"Tmax","Maximum temperature","Thermal","Retained process","ga",72,"-80:-1","Primary"
-19,0.0425399808033649,-0.163371551808295,0.248451513415025,-0.109514748450188,0.169958866485085,0.0939910159967729,-0.360965328367436,0.548947360360982,-0.241970078008355,0.375519834210395,999,"Tmax","Maximum temperature","Thermal","Retained process","ga",72,"-80:-1","Primary"
-18,0.0448852919554685,-0.157311992642843,0.24708257655378,-0.105396443939633,0.170372869268208,0.0991729219086191,-0.347576885032542,0.54592272884978,-0.232870787932971,0.376434562930917,999,"Tmax","Maximum temperature","Thermal","Retained process","ga",72,"-80:-1","Primary"
-17,0.0469421482582669,-0.150889383975354,0.244773680491887,-0.104870065741007,0.167991948345363,0.103717494097145,-0.333386292968163,0.540821281162453,-0.231707768562648,0.371173978127632,999,"Tmax","Maximum temperature","Thermal","Retained process","ga",72,"-80:-1","Primary"
-16,0.0486878224677158,-0.144359285429518,0.24173493036495,-0.10210745550552,0.166292262196487,0.107574517289137,-0.318958204725266,0.534107239303539,-0.225603850837891,0.367418564397029,999,"Tmax","Maximum temperature","Thermal","Retained process","ga",72,"-80:-1","Primary"
-15,0.0500995873397712,-0.13808151245227,0.238280687131812,-0.0964718835112205,0.173967421094414,0.110693776211382,-0.305087623470044,0.526475175892807,-0.213152196477359,0.384376634643639,999,"Tmax","Maximum temperature","Thermal","Retained process","ga",72,"-80:-1","Primary"
-14,0.0511547156303888,-0.132546741259715,0.234856172520492,-0.0887825618541013,0.175735608521204,0.113025055590667,-0.292858685941779,0.518908797123114,-0.196162833971078,0.388283400222235,999,"Tmax","Maximum temperature","Thermal","Retained process","ga",72,"-80:-1","Primary"
-13,0.0518304800955246,-0.12839849081633,0.23205945100738,-0.0793460401431961,0.178932652516945,0.11451814015378,-0.28369323108215,0.51272951138971,-0.175313076958178,0.395347188396825,999,"Tmax","Maximum temperature","Thermal","Retained process","ga",72,"-80:-1","Primary"
-12,0.0521041534911343,-0.126435878412098,0.230644185394366,-0.0735488555321419,0.179969811597411,0.115122814627508,-0.279356888413487,0.509602517668502,-0.162504343591971,0.397638765258926,999,"Tmax","Maximum temperature","Thermal","Retained process","ga",72,"-80:-1","Primary"
-11,0.0519530085731738,-0.127575769134361,0.231481786280709,-0.0781052742400254,0.183189413876515,0.114788863738636,-0.281875448250317,0.511453175727589,-0.172571635950195,0.404752395392361,999,"Tmax","Maximum temperature","Thermal","Retained process","ga",72,"-80:-1","Primary"
-10,0.051354318097599,-0.132757936652749,0.235466572847947,-0.0762857235895275,0.183238752705265,0.113466072213953,-0.293325316842647,0.520257461270553,-0.168551384622663,0.404861408291632,999,"Tmax","Maximum temperature","Thermal","Retained process","ga",72,"-80:-1","Primary"
-9,0.0502853548203656,-0.142805821435575,0.243376531076306,-0.0808684117625634,0.188657312185526,0.111104224780245,-0.315525865162631,0.537734314723121,-0.178676718702409,0.416833578968972,999,"Tmax","Maximum temperature","Thermal","Retained process","ga",72,"-80:-1","Primary"
-8,0.0487233914974295,-0.158297582827188,0.255744365822047,-0.0922419479298247,0.200141352541203,0.1076531061643,-0.349754521717692,0.565060734046292,-0.203806260362954,0.442207276850205,999,"Tmax","Maximum temperature","Thermal","Retained process","ga",72,"-80:-1","Primary"
-7,0.0466457008847466,-0.179512878686445,0.272804280455938,-0.106910521035808,0.21148799402649,0.103062501092904,-0.396629183502352,0.60275418568816,-0.236216103137147,0.467277395388407,999,"Tmax","Maximum temperature","Thermal","Retained process","ga",72,"-80:-1","Primary"
-6,0.0440295557382726,-0.206474466728236,0.294533578204781,-0.124989133777663,0.230045211679156,0.0972821942928437,-0.456200133114392,0.650764521700079,-0.276160342587409,0.50827910033298,999,"Tmax","Maximum temperature","Thermal","Retained process","ga",72,"-80:-1","Primary"
-5,0.0408522288139635,-0.239044503662753,0.32074896129068,-0.142620454177563,0.247908018325636,0.090261970490907,-0.528162809277273,0.708686750259087,-0.315116300875482,0.547746521651698,999,"Tmax","Maximum temperature","Thermal","Retained process","ga",72,"-80:-1","Primary"
-4,0.0370909928677751,-0.277020365970882,0.351202351706432,-0.160988854124428,0.271795264685954,0.0819516144138804,-0.612069520429626,0.775972749257387,-0.355700817855431,0.600524790761634,999,"Tmax","Maximum temperature","Thermal","Retained process","ga",72,"-80:-1","Primary"
-3,0.0327231206556632,-0.320200049248612,0.385646290559938,-0.190212687479052,0.300833528937896,0.0723009107885512,-0.70747394292931,0.852075764506413,-0.42027014149989,0.664684104148229,999,"Tmax","Maximum temperature","Thermal","Retained process","ga",72,"-80:-1","Primary"
-2,0.0277258849335836,-0.368415141144445,0.423866911011612,-0.228138274709211,0.330591594745642,0.0612596443417061,-0.814003973928023,0.936523262611435,-0.504065771133904,0.730433800940465,999,"Tmax","Maximum temperature","Thermal","Retained process","ga",72,"-80:-1","Primary"
-1,0.0220765584574922,-0.421541578085811,0.465694695000795,-0.265207533965962,0.360778321835972,0.0487775998001322,-0.93138549808735,1.02894069768761,-0.5859693656817,0.797130614038534,999,"Tmax","Maximum temperature","Thermal","Retained process","ga",72,"-80:-1","Primary"
-80,-0.126526459348641,-1.47397145826925,1.22091853957197,-1.07743233096893,0.818010000795045,-0.104013956937889,-1.21171179986664,1.00368388599087,-0.88572778100184,0.672463747389072,999,"Tmin","Minimum temperature","Thermal","Retained process","ga",72,"-80:-1","Primary"
-79,-0.0403980377230628,-1.25621517306372,1.17541909761759,-0.902072029704621,0.817893539460349,-0.0332101267808613,-1.03270028726348,0.966280033701754,-0.741568852361775,0.67236800769704,999,"Tmin","Minimum temperature","Thermal","Retained process","ga",72,"-80:-1","Primary"
-78,0.0392061894527843,-1.05449026387776,1.13290264278333,-0.730383132307584,0.841379033517909,0.0322303407716785,-0.866867732354531,0.931328413897888,-0.600428084869328,0.691674792856,999,"Tmin","Minimum temperature","Thermal","Retained process","ga",72,"-80:-1","Primary"
-77,0.112462105074859,-0.868710799483093,1.09363500963281,-0.564687820242301,0.841403150415828,0.0924520342592383,-0.714143493416929,0.899047561935405,-0.464214480673871,0.691694618701081,999,"Tmin","Minimum temperature","Thermal","Retained process","ga",72,"-80:-1","Primary"
-76,0.179545592039118,-0.698858841382541,1.05795002546078,-0.421974597315005,0.830426109642036,0.147599542221325,-0.574512823700597,0.869711908143248,-0.346893826160618,0.682670692383783,999,"Tmin","Minimum temperature","Thermal","Retained process","ga",72,"-80:-1","Primary"
-75,0.240632533241519,-0.544993054371415,1.02625812085445,-0.302385516796252,0.834367785179873,0.197817453197447,-0.448023949936332,0.843658856331227,-0.248582899455208,0.685911036512326,999,"Tmin","Minimum temperature","Thermal","Retained process","ga",72,"-80:-1","Primary"
-74,0.295898811578021,-0.407249263598444,0.999046886754486,-0.200930399239071,0.834282244692958,0.243250355727111,-0.33478853028041,0.821289241734631,-0.165179409915971,0.685840716007285,999,"Tmin","Minimum temperature","Thermal","Retained process","ga",72,"-80:-1","Primary"
-73,0.34552030994458,-0.285822639144346,0.976863259033506,-0.107385858781455,0.828223215941495,0.284042838349824,-0.234967008741742,0.803052685441389,-0.0882789904067003,0.680859753456965,999,"Tmin","Minimum temperature","Thermal","Retained process","ga",72,"-80:-1","Primary"
-72,0.389672911237155,-0.180916139876802,0.960261962351111,-0.0324464056071942,0.826417968241706,0.320339489605093,-0.148726232278916,0.789405211489102,-0.0266733065399117,0.679375708479538,999,"Tmin","Minimum temperature","Thermal","Retained process","ga",72,"-80:-1","Primary"
-71,0.428532498351702,-0.0926391944164811,0.949704191119885,0.0587851049199864,0.826523468116377,0.352284898032426,-0.076156159181262,0.780725955246114,0.0483256340469344,0.679462437053763,999,"Tmin","Minimum temperature","Thermal","Retained process","ga",72,"-80:-1","Primary"
-70,0.46227495418418,-0.0208540805823936,0.945403988950754,0.137952254986956,0.820463948317297,0.38002365217133,-0.0171435717939392,0.777190876136599,0.113406792409797,0.674481070826568,999,"Tmin","Minimum temperature","Thermal","Retained process","ga",72,"-80:-1","Primary"
-69,0.491076161630547,0.0349971280611119,0.947155195199982,0.185407573976079,0.804222566407752,0.403700340561313,0.0287701860135658,0.77863049510906,0.152418517950992,0.661129473008626,999,"Tmin","Minimum temperature","Thermal","Retained process","ga",72,"-80:-1","Primary"
-68,0.51511200358676,0.0760090663274754,0.954214940846044,0.220671667736473,0.81499677770628,0.423459551741881,0.0624849837146738,0.784434119769089,0.18140816919651,0.669986658737319,999,"Tmin","Minimum temperature","Thermal","Retained process","ga",72,"-80:-1","Primary"
-67,0.534558362948776,0.10379221289896,0.965324512998592,0.245247398632908,0.829603783594348,0.439445874252543,0.0853247519810293,0.793566996524056,0.201611208373757,0.681994680531768,999,"Tmin","Minimum temperature","Thermal","Retained process","ga",72,"-80:-1","Primary"
-66,0.549591122612553,0.120299453402229,0.978882791822877,0.264149175528031,0.848179835286872,0.451803896632804,0.0988949049095903,0.804712888356018,0.217149844467267,0.697265546805661,999,"Tmin","Minimum temperature","Thermal","Retained process","ga",72,"-80:-1","Primary"
-65,0.56038616547405,0.127575227963286,0.993197102984813,0.28981583083585,0.868853736382041,0.460678207422174,0.104876121058209,0.816480293786139,0.238249702897439,0.714260997949408,999,"Tmin","Minimum temperature","Thermal","Retained process","ga",72,"-80:-1","Primary"
-64,0.567119374429222,0.12753301767715,1.0067057311813,0.29407700826228,0.881322630787291,0.466213395160158,0.104841421131355,0.827585369188961,0.241752700828615,0.724511336514222,999,"Tmin","Minimum temperature","Thermal","Retained process","ga",72,"-80:-1","Primary"
-63,0.569966632374029,0.121822584259946,1.01811068048811,0.285585641821446,0.894723950428798,0.468554048386264,0.100147029313142,0.836961067459387,0.23477217969598,0.735528196475992,999,"Tmin","Minimum temperature","Thermal","Retained process","ga",72,"-80:-1","Primary"
-62,0.569103822204428,0.11178722818183,1.02642041622703,0.276575450887871,0.901062806729491,0.46784475564,0.0918972363422552,0.843792274937745,0.227365147075359,0.74073919763488,999,"Tmin","Minimum temperature","Thermal","Retained process","ga",72,"-80:-1","Primary"
-61,0.564706826816377,0.0984798711139587,1.03093378251879,0.267161878198759,0.90471491843165,0.464230105460873,0.0809576204536871,0.847502590468059,0.219626505297524,0.743741499218883,999,"Tmin","Minimum temperature","Thermal","Retained process","ga",72,"-80:-1","Primary"
-60,0.556951529105832,0.0827057245869282,1.03119733362474,0.253595540595824,0.898739763564296,0.45785468638839,0.0679901241209754,0.847719248655805,0.208473988563073,0.738829487104819,999,"Tmin","Minimum temperature","Thermal","Retained process","ga",72,"-80:-1","Primary"
-59,0.546013811968753,0.0650705215810833,1.02695710235642,0.23704509570128,0.890638464651018,0.448863086962059,0.0534927039332621,0.844233469990855,0.194868318480893,0.732169629865119,999,"Tmin","Minimum temperature","Thermal","Retained process","ga",72,"-80:-1","Primary"
-58,0.532069558301096,0.0460241498003666,1.01811496680182,0.223654455040379,0.87986653786986,0.437399895721386,0.0378352003215974,0.836964591121174,0.183860237418291,0.723314322175949,999,"Tmin","Minimum temperature","Thermal","Retained process","ga",72,"-80:-1","Primary"
-57,0.515294650998819,0.0258963211154835,1.00469298088215,0.200014115118902,0.863732853620933,0.423609701205879,0.0212886604368936,0.825930741974864,0.16442615769103,0.710051259672213,999,"Tmin","Minimum temperature","Thermal","Retained process","ga",72,"-80:-1","Primary"
-56,0.495864972957879,0.0049242198257255,0.986805726090033,0.172900580225521,0.842423481410801,0.407637091955045,0.00404806703311272,0.811226116876978,0.142136858951839,0.692533405028619,999,"Tmin","Minimum temperature","Thermal","Retained process","ga",72,"-80:-1","Primary"
-55,0.473956407074235,-0.0167266807640927,0.964639494912563,0.1542131854709,0.824980204636391,0.389626656508393,-0.0137505487916654,0.79300386180845,0.126774460578447,0.678193762169652,999,"Tmin","Minimum temperature","Thermal","Retained process","ga",72,"-80:-1","Primary"
-54,0.449744836243844,-0.0389471857408091,0.938436858228498,0.132985942898678,0.803607611888952,0.369722983405428,-0.0320174208726879,0.771463387683543,0.109324122473804,0.660623935643822,999,"Tmin","Minimum temperature","Thermal","Retained process","ga",72,"-80:-1","Primary"
-53,0.423406143362664,-0.0616730125131231,0.908485299238451,0.108507399002738,0.773369136187149,0.348070661185658,-0.05069970424205,0.746841026613366,0.0892009780832795,0.6357657081576,999,"Tmin","Minimum temperature","Thermal","Retained process","ga",72,"-80:-1","Primary"
-52,0.395116211326652,-0.084876408280537,0.875108830933841,0.0843903100423344,0.741191577049155,0.324814278388591,-0.0697745840781664,0.719403140855348,0.0693749759529072,0.609313412979376,999,"Tmin","Minimum temperature","Thermal","Retained process","ga",72,"-80:-1","Primary"
-51,0.365050923031766,-0.108559890174718,0.83866173623825,0.0559489930905746,0.697009626550231,0.300098423553734,-0.0892441296464391,0.689440976753906,0.0459941437387876,0.572992634540741,999,"Tmin","Minimum temperature","Thermal","Retained process","ga",72,"-80:-1","Primary"
-50,0.333386161373964,-0.132751418585598,0.799523741333526,0.0289564753606993,0.658519541334918,0.274067685220594,-0.109131326422076,0.657266696863263,0.0238043299144383,0.541350983563299,999,"Tmin","Minimum temperature","Thermal","Retained process","ga",72,"-80:-1","Primary"
-49,0.300297809249203,-0.157500429176145,0.758096047674551,-0.00416356189612621,0.621886001004952,0.246866651928678,-0.129476814117477,0.623210117974833,-0.00342275086176714,0.511235547582718,999,"Tmin","Minimum temperature","Thermal","Retained process","ga",72,"-80:-1","Primary"
-48,0.265961749553441,-0.182874215004209,0.71479771411109,-0.0346738886789649,0.58686402281723,0.218639912217494,-0.150335912523125,0.587615736958113,-0.0285044597192528,0.482444932956731,999,"Tmin","Minimum temperature","Thermal","Retained process","ga",72,"-80:-1","Primary"
-47,0.230553865182636,-0.208954180393592,0.670061910758863,-0.0653951253175974,0.54222915658546,0.189532054626549,-0.171775541916991,0.55083965117009,-0.0537595518261492,0.445751824826936,999,"Tmin","Minimum temperature","Thermal","Retained process","ga",72,"-80:-1","Primary"
-46,0.194250039032744,-0.235831501544102,0.624331579609591,-0.102272557911858,0.488754784117155,0.159687667695351,-0.193870655770226,0.513245991160928,-0.0840754849960638,0.401791999318244,999,"Tmin","Minimum temperature","Thermal","Retained process","ga",72,"-80:-1","Primary"
-45,0.157226153999725,-0.263601751356612,0.578054059356061,-0.133941683992213,0.442011155953594,0.129251339963406,-0.216699821962205,0.475202501889017,-0.110109811202142,0.36336533542553,999,"Tmin","Minimum temperature","Thermal","Retained process","ga",72,"-80:-1","Primary"
-44,0.119658092979535,-0.292358111909496,0.531674297868566,-0.167544403004256,0.39076079628601,0.0983676599702222,-0.240339642942229,0.437074962882673,-0.137733691505975,0.321233810280844,999,"Tmin","Minimum temperature","Thermal","Retained process","ga",72,"-80:-1","Primary"
-43,0.0817217388681322,-0.322182946962613,0.485626424698878,-0.196199969979639,0.355770232773557,0.0671812162553065,-0.264857827714527,0.39922026022514,-0.161290652830525,0.292469020803979,999,"Tmin","Minimum temperature","Thermal","Retained process","ga",72,"-80:-1","Primary"
-42,0.0435929745614746,-0.35313777202754,0.44032372115049,-0.228433180354554,0.310819863056031,0.0358365973581668,-0.290304946506109,0.361978141222443,-0.187788697375249,0.255516545849647,999,"Tmin","Minimum temperature","Thermal","Retained process","ga",72,"-80:-1","Primary"
-41,0.00544768295551908,-0.385252046334327,0.396147412245365,-0.258726051716963,0.269290563909734,0.00447839181830958,-0.316705216947831,0.32566200058445,-0.212691642052871,0.221376439856789,999,"Tmin","Minimum temperature","Thermal","Retained process","ga",72,"-80:-1","Primary"
-40,-0.0325382530537761,-0.418511670584374,0.353435164476822,-0.295675343897051,0.233739781339859,-0.0267488118247573,-0.344047048390235,0.290549424740721,-0.24306664903157,0.192151109547481,999,"Tmin","Minimum temperature","Thermal","Retained process","ga",72,"-80:-1","Primary"
-39,-0.0701889505704537,-0.452848488934579,0.312470587793671,-0.322430915540784,0.20380332881776,-0.0577004250315268,-0.372274411770579,0.256873561707525,-0.265061675930501,0.167541167093257,999,"Tmin","Minimum temperature","Thermal","Retained process","ga",72,"-80:-1","Primary"
-38,-0.107328526698556,-0.488132297347076,0.273475243949965,-0.371166905403584,0.162474724768448,-0.0882318592624913,-0.401280269894764,0.224816551369781,-0.30512620612451,0.133566047074739,999,"Tmin","Minimum temperature","Thermal","Retained process","ga",72,"-80:-1","Primary"
-37,-0.143781098542125,-0.52416670740064,0.23660451031639,-0.402848866996556,0.12359427647244,-0.118198525978144,-0.430903177189323,0.194506125233035,-0.331171084056002,0.101603489238174,999,"Tmin","Minimum temperature","Thermal","Retained process","ga",72,"-80:-1","Primary"
-36,-0.179370783205203,-0.560689670220517,0.201948103810111,-0.44094161581477,0.0853716210525962,-0.147455836638977,-0.460927710409865,0.166016037131911,-0.362486095600787,0.0701816850135219,999,"Tmin","Minimum temperature","Thermal","Retained process","ga",72,"-80:-1","Primary"
-35,-0.213921697791833,-0.597378659437388,0.169535263853722,-0.47574801925075,0.0618184981952354,-0.175859202705484,-0.491088729410507,0.13937032399954,-0.391099492093429,0.0508193040597658,999,"Tmin","Minimum temperature","Thermal","Retained process","ga",72,"-80:-1","Primary"
-34,-0.247257959406057,-0.633859701629935,0.139343782817821,-0.512691850451852,0.0283553193190165,-0.203264035638156,-0.521078800824812,0.114550729548499,-0.421470009750006,0.0233101359019413,999,"Tmin","Minimum temperature","Thermal","Retained process","ga",72,"-80:-1","Primary"
-33,-0.279203685151917,-0.669718889547204,0.11131151924337,-0.542342013514183,0.0038155987616224,-0.229525746897487,-0.55055766277239,0.0915061689774158,-0.445844601434965,0.00313669984386485,999,"Tmin","Minimum temperature","Thermal","Retained process","ga",72,"-80:-1","Primary"
-32,-0.309582992133456,-0.704514859194751,0.0853488749278394,-0.568639975355174,-0.0393184351571692,-0.25449974794397,-0.579162481931672,0.0701629860437322,-0.467463439775695,-0.032322614908823,999,"Tmin","Minimum temperature","Thermal","Retained process","ga",72,"-80:-1","Primary"
-31,-0.338219997454716,-0.737790930338143,0.0613509354287113,-0.602597801323961,-0.0669525103406591,-0.278041450238097,-0.606517833917249,0.0504349334410559,-0.495379243839168,-0.0550398356462954,999,"Tmin","Minimum temperature","Thermal","Retained process","ga",72,"-80:-1","Primary"
-30,-0.364938818219739,-0.769086055327147,0.039208418887668,-0.631093493591212,-0.0960775809530703,-0.30000626524036,-0.632244704010109,0.0322321735293893,-0.518804776519523,-0.0789827631263478,999,"Tmin","Minimum temperature","Thermal","Retained process","ga",72,"-80:-1","Primary"
-29,-0.389563571532568,-0.797944221485112,0.0188170784199759,-0.660061021291869,-0.127090940762761,-0.320249604411253,-0.655968216605922,0.0154690077834165,-0.542618192261687,-0.10447800173771,999,"Tmin","Minimum temperature","Thermal","Retained process","ga",72,"-80:-1","Primary"
-28,-0.411918374497246,-0.823922383831982,8.56348374909111e-05,-0.687527756407897,-0.148690260162202,-0.338626879211268,-0.677324156490617,7.03980680801245e-05,-0.565197847286339,-0.122234214070426,999,"Tmin","Minimum temperature","Thermal","Retained process","ga",72,"-80:-1","Primary"
-27,-0.431827344217813,-0.846597317369495,-0.0170573710661308,-0.710546090387295,-0.165438088178702,-0.354993501100898,-0.695964601917463,-0.0140224002843337,-0.584120592865727,-0.136002147442459,999,"Tmin","Minimum temperature","Thermal","Retained process","ga",72,"-80:-1","Primary"
-26,-0.449114597798314,-0.865571981401976,-0.0326572141946508,-0.730914469307995,-0.180526797228589,-0.369204881540636,-0.711563156541892,-0.02684660653938,-0.600864882549155,-0.14840616428955,999,"Tmin","Minimum temperature","Thermal","Retained process","ga",72,"-80:-1","Primary"
-25,-0.463604252342789,-0.880482124646975,-0.0467263800386034,-0.739545633697704,-0.196410519533145,-0.381116431990974,-0.723820379303099,-0.0384124846788493,-0.607960327768888,-0.161463739885237,999,"Tmin","Minimum temperature","Thermal","Retained process","ga",72,"-80:-1","Primary"
-24,-0.475120424955282,-0.891003980239091,-0.0592368696714739,-0.749510349728639,-0.205576938962007,-0.390583563912405,-0.73247011027715,-0.0486970175476597,-0.616152049480503,-0.168999203697759,999,"Tmin","Minimum temperature","Thermal","Retained process","ga",72,"-80:-1","Primary"
-23,-0.483487232739835,-0.896864049958389,-0.0701104155212821,-0.764843310258119,-0.21348572937638,-0.397461688765421,-0.737287514024745,-0.057635863506098,-0.628756858818044,-0.175500804942481,999,"Tmin","Minimum temperature","Thermal","Retained process","ga",72,"-80:-1","Primary"
-22,-0.48852879280049,-0.89785218937615,-0.0792053962248304,-0.765203772509523,-0.216702139641491,-0.401606218010516,-0.738099836533229,-0.0651125994878037,-0.629053185019601,-0.178144928239158,999,"Tmin","Minimum temperature","Thermal","Retained process","ga",72,"-80:-1","Primary"
-21,-0.49006922224129,-0.893839486477849,-0.0862989580047311,-0.77141705556563,-0.220361002731832,-0.402872563108182,-0.73480110274571,-0.0709440234706544,-0.634160955833451,-0.181152779955547,999,"Tmin","Minimum temperature","Thermal","Retained process","ga",72,"-80:-1","Primary"
-20,-0.487932638166277,-0.884802724236605,-0.0910625520959484,-0.77047751294451,-0.224222224090129,-0.401116135518912,-0.727372226576587,-0.0748600444612376,-0.633388583428205,-0.184326984893843,999,"Tmin","Minimum temperature","Thermal","Retained process","ga",72,"-80:-1","Primary"
-19,-0.481943157679492,-0.87085734574694,-0.0930289696120445,-0.766299866527227,-0.224816167221685,-0.396192346703199,-0.715908110650371,-0.0764765827560265,-0.629954254065114,-0.18481524936933,999,"Tmin","Minimum temperature","Thermal","Retained process","ga",72,"-80:-1","Primary"
-18,-0.47192489788498,-0.852300315625261,-0.0915494801446986,-0.752371764203317,-0.225041364425164,-0.387956608121534,-0.700652881491916,-0.0752603347511524,-0.618504340404337,-0.185000377858232,999,"Tmin","Minimum temperature","Thermal","Retained process","ga",72,"-80:-1","Primary"
-17,-0.457701975886781,-0.829662048402386,-0.0857419033711772,-0.727678148093001,-0.217973294139773,-0.376264331234411,-0.682042578443916,-0.0704860840249067,-0.598204391002751,-0.179189909738889,999,"Tmin","Minimum temperature","Thermal","Retained process","ga",72,"-80:-1","Primary"
-16,-0.439098508788939,-0.803760821361736,-0.0744361962161424,-0.70862107280799,-0.208840945619821,-0.360970927502323,-0.660749884979531,-0.0611919700251159,-0.582538088331661,-0.171682454692836,999,"Tmin","Minimum temperature","Thermal","Retained process","ga",72,"-80:-1","Primary"
-15,-0.415938613695495,-0.775741731423182,-0.056135495967809,-0.679711173781646,-0.197888608611231,-0.341931808385762,-0.637716154095802,-0.0461474626757224,-0.55877204755343,-0.162678836668233,999,"Tmin","Minimum temperature","Thermal","Retained process","ga",72,"-80:-1","Primary"
-14,-0.388046407710493,-0.74706613789838,-0.0290266775226057,-0.660333299764878,-0.17347072101282,-0.319002385345222,-0.614142729490294,-0.0238620412001494,-0.542842024980254,-0.142605556168247,999,"Tmin","Minimum temperature","Thermal","Retained process","ga",72,"-80:-1","Primary"
-13,-0.355246007937974,-0.719407672820727,0.00891565694477986,-0.626102054514821,-0.132150049690608,-0.292038069841193,-0.591405458484963,0.00732931880257568,-0.514701450370806,-0.108636957428671,999,"Tmin","Minimum temperature","Thermal","Retained process","ga",72,"-80:-1","Primary"
-12,-0.31736153148198,-0.694432634173252,0.0597095712092923,-0.594910016787241,-0.0698095674187827,-0.26089427333417,-0.570874159278664,0.0490856126103228,-0.489059325508514,-0.0573885444730727,999,"Tmin","Minimum temperature","Thermal","Retained process","ga",72,"-80:-1","Primary"
-11,-0.274217095446555,-0.67351295025444,0.125078759361331,-0.571749110460797,-0.0156386024666501,-0.225426407284646,-0.553676656768222,0.102823842198931,-0.47001937508484,-0.0128560692515133,999,"Tmin","Minimum temperature","Thermal","Retained process","ga",72,"-80:-1","Primary"
-10,-0.22563681693574,-0.657496340766332,0.206222706894853,-0.532724825168508,0.0683946740878304,-0.185489883153112,-0.54050983823743,0.169530071931207,-0.437938572770287,0.0562253991929866,999,"Tmin","Minimum temperature","Thermal","Retained process","ga",72,"-80:-1","Primary"
-9,-0.171444813053577,-0.646648268160267,0.303758642053113,-0.493497350608614,0.166788331168531,-0.140940112400061,-0.531591933139042,0.24971170833892,-0.405690734091643,0.137112145437525,999,"Tmin","Minimum temperature","Thermal","Retained process","ga",72,"-80:-1","Primary"
-8,-0.11146520090411,-0.640769046771181,0.417838644962961,-0.453522747208038,0.287227054706879,-0.0916325064859866,-0.526758785325211,0.343493772353238,-0.372828701137259,0.236121540533718,999,"Tmin","Minimum temperature","Thermal","Retained process","ga",72,"-80:-1","Primary"
-7,-0.0455220975913806,-0.639389606994395,0.548345411811634,-0.42913763021715,0.403425434094603,-0.0374224768713809,-0.525624785446611,0.450779831703849,-0.352782360461379,0.331645064167488,999,"Tmin","Minimum temperature","Thermal","Retained process","ga",72,"-80:-1","Primary"
-6,0.0265603797805693,-0.641946434232841,0.69506719379398,-0.413391350532649,0.526260949605794,0.0218345649832632,-0.527726683497393,0.57139581346392,-0.339837772701102,0.432624796680343,999,"Tmin","Minimum temperature","Thermal","Retained process","ga",72,"-80:-1","Primary"
-5,0.104958114107697,-0.647893010429796,0.857809238645189,-0.375191245341857,0.661511578279291,0.0862832076174531,-0.532615201864714,0.70518161709962,-0.308434506405715,0.543810655662642,999,"Tmin","Minimum temperature","Thermal","Retained process","ga",72,"-80:-1","Primary"
-4,0.18984698828596,-0.656752441000914,1.03644641757283,-0.335648593997694,0.818769462999516,0.156068039570696,-0.539898298496537,0.852034377637929,-0.27592756947493,0.673088080587349,999,"Tmin","Minimum temperature","Thermal","Retained process","ga",72,"-80:-1","Primary"
-3,0.281402885211316,-0.668132344250979,1.23093811467361,-0.311165799162967,0.963864260294049,0.231333649382499,-0.549253407085705,1.0119207058507,-0.255800930503382,0.792366562538069,999,"Tmin","Minimum temperature","Thermal","Retained process","ga",72,"-80:-1","Primary"
-2,0.379801687779723,-0.681720766915505,1.44132414247495,-0.275110101104728,1.15280060077843,0.31222462559237,-0.560424079347918,1.18487333053266,-0.226160522919847,0.947685983347864,999,"Tmin","Minimum temperature","Thermal","Retained process","ga",72,"-80:-1","Primary"
-1,0.485219278887139,-0.697274817281966,1.66771337505624,-0.254786789443082,1.36560681829092,0.398885556739816,-0.573210640620205,1.37098175409984,-0.209453281802913,1.12262818009003,999,"Tmin","Minimum temperature","Thermal","Retained process","ga",72,"-80:-1","Primary"
