"trial_id","met_unit","season","evaluation_date","latitude","longitude","unit_size"
"T001","MEU001","2022/2023",2023-02-02,-13.001389,-55.9675,2
"T002","MEU002","2022/2023",2023-01-23,-13.679361,-56.030472,1
"T003","MEU003","2022/2023",2023-02-16,-11.992472,-55.421139,1
"T004","MEU004","2022/2023",2023-02-04,-12.478611,-55.674722,1
"T005","MEU005","2022/2023",2023-02-14,-12.478611,-55.674722,1
"T006","MEU006","2022/2023",2023-02-23,-12.442694,-55.891028,1
"T007","MEU007","2022/2023",2023-02-16,-12.751472,-55.834861,1
"T008","MEU008","2022/2023",2023-02-13,-12.437389,-55.883417,1
"T009","MEU009","2022/2023",2023-01-31,-11.687331,-62.663606,1
"T010","MEU010","2023/2024",2024-02-18,-10.728716,-51.59943,1
"T011","MEU011","2023/2024",2024-02-20,-13.000988,-55.966188,1
"T012","MEU012","2023/2024",2024-03-06,-10.727522,-51.604545,1
"T013","MEU013","2023/2024",2024-02-13,-13.302753,-58.762906,1
"T014","MEU014","2023/2024",2024-02-02,-12.442586,-55.888902,1
"T015","MEU015","2023/2024",2024-02-26,-11.847778,-55.596667,1
"T016","MEU016","2023/2024",2024-02-25,-12.474003,-55.672839,1
"T017","MEU017","2023/2024",2024-02-01,-12.750614,-55.835186,1
"T018","MEU018","2024/2025",2025-02-03,-10.728333,-51.598056,1
"T019","MEU019","2024/2025",2025-02-18,-13.002051,-55.96748,2
"T020","MEU020","2024/2025",2025-03-14,-14.543222,-54.716667,1
"T021","MEU021","2024/2025",2025-02-13,-13.302678,-58.762936,1
"T022","MEU022","2024/2025",2025-02-16,-11.849647,-55.598429,1
"T023","MEU023","2024/2025",2025-02-19,-11.974754,-55.477288,1
"T024","MEU024","2024/2025",2025-02-20,-12.751506,-55.834697,1
"T025","MEU025","2024/2025",2025-02-23,-15.475278,-54.915278,1
"T026","MEU026","2024/2025",2025-02-11,-12.440621,-55.88768,1
"T027","MEU027","2024/2025",2025-02-20,-12.543972,-55.710778,1
"T028","MEU028","2024/2025",2025-03-06,-11.687317,-62.663606,1
"T029","MEU029","2025/2026",2026-02-23,-11.886833,-58.235361,1
"T030","MEU030","2025/2026",2026-01-22,-13.543167,-52.202722,1
"T031","MEU031","2025/2026",2026-03-10,-10.728998,-51.599439,1
"T032","MEU032","2025/2026",2026-02-19,-13.00025,-55.9725,1
"T033","MEU033","2025/2026",2026-03-01,-13.301536,-58.762556,1
"T034","MEU034","2025/2026",2026-01-30,-11.985028,-55.473028,1
"T035","MEU035","2025/2026",2026-02-26,-11.847778,-55.596667,1
"T037","MEU036","2025/2026",2026-02-06,-12.751111,-55.834167,1
"T038","MEU037","2025/2026",2026-02-24,-12.543972,-55.710778,1
"T039","MEU038","2025/2026",2026-02-15,-12.440806,-55.88775,1
"T040","MEU039","2025/2026",2026-03-12,-13.222225,-60.841394,1
"V001","MEU040","2022/2023",2023-02-08,-12.440805555072,-55.88775,1
"V002","MEU041","2022/2023",2023-02-21,-12.440805555072,-55.88775,1
"V003","MEU042","2022/2023",2023-03-05,-12.440805555072,-55.88775,1
"V004","MEU043","2022/2023",2023-02-16,-12.566666666178,-55.7,1
"V005","MEU044","2022/2023",2023-02-28,-12.566666666178,-55.7,1
"V006","MEU045","2022/2023",2023-03-13,-12.566666666178,-55.7,1
"V007","MEU046","2022/2023",2023-02-15,-12.440805555072,-55.88775,1
"V008","MEU047","2022/2023",2023-02-26,-12.440805555072,-55.88775,1
"V009","MEU048","2022/2023",2023-03-09,-12.440805555072,-55.88775,1
"V010","MEU049","2022/2023",2023-02-11,-13.821944443911,-56.082777777778,1
"V011","MEU050","2022/2023",2023-02-25,-13.821944443911,-56.082777777778,1
"V012","MEU051","2022/2023",2023-03-13,-13.821944443911,-56.082777777778,1
"V013","MEU001","2022/2023",2023-02-03,-13.005,-55.965,2
"V014","MEU052","2022/2023",2023-02-17,-13.005,-55.965,1
"V015","MEU053","2022/2023",2023-03-03,-13.005,-55.965,1
"V016","MEU054","2023/2024",2024-02-14,-12.440805555072,-55.88775,1
"V017","MEU055","2023/2024",2024-02-16,-12.440805555072,-55.88775,1
"V018","MEU056","2023/2024",2024-03-12,-12.440805555072,-55.88775,1
"V019","MEU057","2023/2024",2024-01-30,-13.005,-55.965,1
"V020","MEU058","2023/2024",2024-02-14,-13.005,-55.965,1
"V021","MEU059","2023/2024",2024-02-27,-13.005,-55.965,1
"V022","MEU060","2024/2025",2025-02-04,-13.005,-55.965,1
"V023","MEU061","2024/2025",2025-02-09,-13.005,-55.965,1
"V024","MEU062","2024/2025",2025-02-13,-13.005,-55.965,1
"V025","MEU019","2024/2025",2025-02-18,-13.005,-55.965,2
"V026","MEU063","2024/2025",2025-03-07,-13.005,-55.965,1
"V027","MEU064","2024/2025",2025-03-12,-13.005,-55.965,1
"V028","MEU065","2025/2026",2026-02-14,-13.005,-55.965,1
"V029","MEU066","2025/2026",2026-02-07,-13.005,-55.965,1
"V030","MEU067","2025/2026",2026-02-26,-13.005,-55.965,1
"V031","MEU068","2025/2026",2026-02-19,-13.005,-55.965,1
"V032","MEU069","2025/2026",2026-03-14,-13.005,-55.965,1
"V033","MEU070","2025/2026",2026-03-07,-13.005,-55.965,1
