"longitude","latitude","n_trials","location_id","n_trials_factor"
-55.965,-13.005,18,"FIELD_01","18"
-55.88775,-12.440805555072,9,"FIELD_02","9"
-56.082777777778,-13.821944443911,3,"FIELD_03","3"
-55.7,-12.566666666178,3,"FIELD_04","3"
-55.710778,-12.543972,2,"FIELD_05","2"
-55.674722,-12.478611,2,"FIELD_06","2"
-55.596667,-11.847778,2,"FIELD_07","2"
-54.915278,-15.475278,1,"FIELD_08","1"
-54.716667,-14.543222,1,"FIELD_09","1"
-56.030472,-13.679361,1,"FIELD_10","1"
-52.202722,-13.543167,1,"FIELD_11","1"
-58.762906,-13.302753,1,"FIELD_12","1"
-58.762936,-13.302678,1,"FIELD_13","1"
-58.762556,-13.301536,1,"FIELD_14","1"
-60.841394,-13.222225,1,"FIELD_15","1"
-55.96748,-13.002051,1,"FIELD_16","1"
-55.9675,-13.001389,1,"FIELD_17","1"
-55.966188,-13.000988,1,"FIELD_18","1"
-55.9725,-13.00025,1,"FIELD_19","1"
-55.834697,-12.751506,1,"FIELD_20","1"
-55.834861,-12.751472,1,"FIELD_21","1"
-55.834167,-12.751111,1,"FIELD_22","1"
-55.835186,-12.750614,1,"FIELD_23","1"
-55.672839,-12.474003,1,"FIELD_24","1"
-55.891028,-12.442694,1,"FIELD_25","1"
-55.888902,-12.442586,1,"FIELD_26","1"
-55.88775,-12.440806,1,"FIELD_27","1"
-55.88768,-12.440621,1,"FIELD_28","1"
-55.883417,-12.437389,1,"FIELD_29","1"
-55.421139,-11.992472,1,"FIELD_30","1"
-55.473028,-11.985028,1,"FIELD_31","1"
-55.477288,-11.974754,1,"FIELD_32","1"
-58.235361,-11.886833,1,"FIELD_33","1"
-55.598429,-11.849647,1,"FIELD_34","1"
-62.663606,-11.687331,1,"FIELD_35","1"
-62.663606,-11.687317,1,"FIELD_36","1"
-51.599439,-10.728998,1,"FIELD_37","1"
-51.59943,-10.728716,1,"FIELD_38","1"
-51.598056,-10.728333,1,"FIELD_39","1"
-51.604545,-10.727522,1,"FIELD_40","1"
