"returned_grid_longitude","returned_grid_latitude","n_trials","location_id","label","n_trials_factor"
-56,-13,22,"ERA5_01","n = 22","22"
-56,-12.5,14,"ERA5_02","n = 14","14"
-55.75,-12.5,8,"ERA5_03","n = 8","8"
-56,-13.75,4,"ERA5_04","n = 4","4"
-55.75,-12.75,4,"ERA5_05","n = 4","4"
-51.5,-10.75,4,"ERA5_06","n = 4","4"
-58.75,-13.25,3,"ERA5_07","n = 3","3"
-55.5,-12,3,"ERA5_08","n = 3","3"
-55.5,-11.75,3,"ERA5_09","n = 3","3"
-62.75,-11.75,2,"ERA5_10","n = 2","2"
-55,-15.5,1,"ERA5_11","n = 1","1"
-54.75,-14.5,1,"ERA5_12","n = 1","1"
-52.25,-13.5,1,"ERA5_13","n = 1","1"
-60.75,-13.25,1,"ERA5_14","n = 1","1"
-58.25,-12,1,"ERA5_15","n = 1","1"
