"trial_id","rows","unique_dates","min_lag","max_lag","missing_Tmax","missing_RH","missing_Rain","invalid_RH","negative_rain","temperature_order_failures","calendar_complete"
"T001",80,80,-80,-1,0,0,0,0,0,0,TRUE
"T002",80,80,-80,-1,0,0,0,0,0,0,TRUE
"T003",80,80,-80,-1,0,0,0,0,0,0,TRUE
"T004",80,80,-80,-1,0,0,0,0,0,0,TRUE
"T005",80,80,-80,-1,0,0,0,0,0,0,TRUE
"T006",80,80,-80,-1,0,0,0,0,0,0,TRUE
"T007",80,80,-80,-1,0,0,0,0,0,0,TRUE
"T008",80,80,-80,-1,0,0,0,0,0,0,TRUE
"T009",80,80,-80,-1,0,0,0,0,0,0,TRUE
"T010",80,80,-80,-1,0,0,0,0,0,0,TRUE
"T011",80,80,-80,-1,0,0,0,0,0,0,TRUE
"T012",80,80,-80,-1,0,0,0,0,0,0,TRUE
"T013",80,80,-80,-1,0,0,0,0,0,0,TRUE
"T014",80,80,-80,-1,0,0,0,0,0,0,TRUE
"T015",80,80,-80,-1,0,0,0,0,0,0,TRUE
"T016",80,80,-80,-1,0,0,0,0,0,0,TRUE
"T017",80,80,-80,-1,0,0,0,0,0,0,TRUE
"T018",80,80,-80,-1,0,0,0,0,0,0,TRUE
"T019",80,80,-80,-1,0,0,0,0,0,0,TRUE
"T020",80,80,-80,-1,0,0,0,0,0,0,TRUE
"T021",80,80,-80,-1,0,0,0,0,0,0,TRUE
"T022",80,80,-80,-1,0,0,0,0,0,0,TRUE
"T023",80,80,-80,-1,0,0,0,0,0,0,TRUE
"T024",80,80,-80,-1,0,0,0,0,0,0,TRUE
"T025",80,80,-80,-1,0,0,0,0,0,0,TRUE
"T026",80,80,-80,-1,0,0,0,0,0,0,TRUE
"T027",80,80,-80,-1,0,0,0,0,0,0,TRUE
"T028",80,80,-80,-1,0,0,0,0,0,0,TRUE
"T029",80,80,-80,-1,0,0,0,0,0,0,TRUE
"T030",80,80,-80,-1,0,0,0,0,0,0,TRUE
"T031",80,80,-80,-1,0,0,0,0,0,0,TRUE
"T032",80,80,-80,-1,0,0,0,0,0,0,TRUE
"T033",80,80,-80,-1,0,0,0,0,0,0,TRUE
"T034",80,80,-80,-1,0,0,0,0,0,0,TRUE
"T035",80,80,-80,-1,0,0,0,0,0,0,TRUE
"T037",80,80,-80,-1,0,0,0,0,0,0,TRUE
"T038",80,80,-80,-1,0,0,0,0,0,0,TRUE
"T039",80,80,-80,-1,0,0,0,0,0,0,TRUE
"T040",80,80,-80,-1,0,0,0,0,0,0,TRUE
"V001",80,80,-80,-1,0,0,0,0,0,0,TRUE
"V002",80,80,-80,-1,0,0,0,0,0,0,TRUE
"V003",80,80,-80,-1,0,0,0,0,0,0,TRUE
"V004",80,80,-80,-1,0,0,0,0,0,0,TRUE
"V005",80,80,-80,-1,0,0,0,0,0,0,TRUE
"V006",80,80,-80,-1,0,0,0,0,0,0,TRUE
"V007",80,80,-80,-1,0,0,0,0,0,0,TRUE
"V008",80,80,-80,-1,0,0,0,0,0,0,TRUE
"V009",80,80,-80,-1,0,0,0,0,0,0,TRUE
"V010",80,80,-80,-1,0,0,0,0,0,0,TRUE
"V011",80,80,-80,-1,0,0,0,0,0,0,TRUE
"V012",80,80,-80,-1,0,0,0,0,0,0,TRUE
"V013",80,80,-80,-1,0,0,0,0,0,0,TRUE
"V014",80,80,-80,-1,0,0,0,0,0,0,TRUE
"V015",80,80,-80,-1,0,0,0,0,0,0,TRUE
"V016",80,80,-80,-1,0,0,0,0,0,0,TRUE
"V017",80,80,-80,-1,0,0,0,0,0,0,TRUE
"V018",80,80,-80,-1,0,0,0,0,0,0,TRUE
"V019",80,80,-80,-1,0,0,0,0,0,0,TRUE
"V020",80,80,-80,-1,0,0,0,0,0,0,TRUE
"V021",80,80,-80,-1,0,0,0,0,0,0,TRUE
"V022",80,80,-80,-1,0,0,0,0,0,0,TRUE
"V023",80,80,-80,-1,0,0,0,0,0,0,TRUE
"V024",80,80,-80,-1,0,0,0,0,0,0,TRUE
"V025",80,80,-80,-1,0,0,0,0,0,0,TRUE
"V026",80,80,-80,-1,0,0,0,0,0,0,TRUE
"V027",80,80,-80,-1,0,0,0,0,0,0,TRUE
"V028",80,80,-80,-1,0,0,0,0,0,0,TRUE
"V029",80,80,-80,-1,0,0,0,0,0,0,TRUE
"V030",80,80,-80,-1,0,0,0,0,0,0,TRUE
"V031",80,80,-80,-1,0,0,0,0,0,0,TRUE
"V032",80,80,-80,-1,0,0,0,0,0,0,TRUE
"V033",80,80,-80,-1,0,0,0,0,0,0,TRUE
