"trial_id","season","era5_cell_id","weather_cluster_id","era5_longitude","era5_latitude","cluster_n_trials"
"T001","2022/2023","ERA5C10","ERA5C10__2022/2023",-56,-13,4
"T002","2022/2023","ERA5C11","ERA5C11__2022/2023",-56,-13.75,4
"T003","2022/2023","ERA5C06","ERA5C06__2022/2023",-55.5,-12,1
"T004","2022/2023","ERA5C07","ERA5C07__2022/2023",-55.75,-12.5,5
"T005","2022/2023","ERA5C07","ERA5C07__2022/2023",-55.75,-12.5,5
"T006","2022/2023","ERA5C09","ERA5C09__2022/2023",-56,-12.5,8
"T007","2022/2023","ERA5C08","ERA5C08__2022/2023",-55.75,-12.75,1
"T008","2022/2023","ERA5C09","ERA5C09__2022/2023",-56,-12.5,8
"T009","2022/2023","ERA5C15","ERA5C15__2022/2023",-62.75,-11.75,1
"T010","2023/2024","ERA5C01","ERA5C01__2023/2024",-51.5,-10.75,2
"T011","2023/2024","ERA5C10","ERA5C10__2023/2024",-56,-13,4
"T012","2023/2024","ERA5C01","ERA5C01__2023/2024",-51.5,-10.75,2
"T013","2023/2024","ERA5C13","ERA5C13__2023/2024",-58.75,-13.25,1
"T014","2023/2024","ERA5C09","ERA5C09__2023/2024",-56,-12.5,4
"T015","2023/2024","ERA5C05","ERA5C05__2023/2024",-55.5,-11.75,1
"T016","2023/2024","ERA5C07","ERA5C07__2023/2024",-55.75,-12.5,1
"T017","2023/2024","ERA5C08","ERA5C08__2023/2024",-55.75,-12.75,1
"T018","2024/2025","ERA5C01","ERA5C01__2024/2025",-51.5,-10.75,1
"T019","2024/2025","ERA5C10","ERA5C10__2024/2025",-56,-13,7
"T020","2024/2025","ERA5C03","ERA5C03__2024/2025",-54.75,-14.5,1
"T021","2024/2025","ERA5C13","ERA5C13__2024/2025",-58.75,-13.25,1
"T022","2024/2025","ERA5C05","ERA5C05__2024/2025",-55.5,-11.75,1
"T023","2024/2025","ERA5C06","ERA5C06__2024/2025",-55.5,-12,1
"T024","2024/2025","ERA5C08","ERA5C08__2024/2025",-55.75,-12.75,1
"T025","2024/2025","ERA5C04","ERA5C04__2024/2025",-55,-15.5,1
"T026","2024/2025","ERA5C09","ERA5C09__2024/2025",-56,-12.5,1
"T027","2024/2025","ERA5C07","ERA5C07__2024/2025",-55.75,-12.5,1
"T028","2024/2025","ERA5C15","ERA5C15__2024/2025",-62.75,-11.75,1
"T029","2025/2026","ERA5C12","ERA5C12__2025/2026",-58.25,-12,1
"T030","2025/2026","ERA5C02","ERA5C02__2025/2026",-52.25,-13.5,1
"T031","2025/2026","ERA5C01","ERA5C01__2025/2026",-51.5,-10.75,1
"T032","2025/2026","ERA5C10","ERA5C10__2025/2026",-56,-13,7
"T033","2025/2026","ERA5C13","ERA5C13__2025/2026",-58.75,-13.25,1
"T034","2025/2026","ERA5C06","ERA5C06__2025/2026",-55.5,-12,1
"T035","2025/2026","ERA5C05","ERA5C05__2025/2026",-55.5,-11.75,1
"T037","2025/2026","ERA5C08","ERA5C08__2025/2026",-55.75,-12.75,1
"T038","2025/2026","ERA5C07","ERA5C07__2025/2026",-55.75,-12.5,1
"T039","2025/2026","ERA5C09","ERA5C09__2025/2026",-56,-12.5,1
"T040","2025/2026","ERA5C14","ERA5C14__2025/2026",-60.75,-13.25,1
"V001","2022/2023","ERA5C09","ERA5C09__2022/2023",-56,-12.5,8
"V002","2022/2023","ERA5C09","ERA5C09__2022/2023",-56,-12.5,8
"V003","2022/2023","ERA5C09","ERA5C09__2022/2023",-56,-12.5,8
"V004","2022/2023","ERA5C07","ERA5C07__2022/2023",-55.75,-12.5,5
"V005","2022/2023","ERA5C07","ERA5C07__2022/2023",-55.75,-12.5,5
"V006","2022/2023","ERA5C07","ERA5C07__2022/2023",-55.75,-12.5,5
"V007","2022/2023","ERA5C09","ERA5C09__2022/2023",-56,-12.5,8
"V008","2022/2023","ERA5C09","ERA5C09__2022/2023",-56,-12.5,8
"V009","2022/2023","ERA5C09","ERA5C09__2022/2023",-56,-12.5,8
"V010","2022/2023","ERA5C11","ERA5C11__2022/2023",-56,-13.75,4
"V011","2022/2023","ERA5C11","ERA5C11__2022/2023",-56,-13.75,4
"V012","2022/2023","ERA5C11","ERA5C11__2022/2023",-56,-13.75,4
"V013","2022/2023","ERA5C10","ERA5C10__2022/2023",-56,-13,4
"V014","2022/2023","ERA5C10","ERA5C10__2022/2023",-56,-13,4
"V015","2022/2023","ERA5C10","ERA5C10__2022/2023",-56,-13,4
"V016","2023/2024","ERA5C09","ERA5C09__2023/2024",-56,-12.5,4
"V017","2023/2024","ERA5C09","ERA5C09__2023/2024",-56,-12.5,4
"V018","2023/2024","ERA5C09","ERA5C09__2023/2024",-56,-12.5,4
"V019","2023/2024","ERA5C10","ERA5C10__2023/2024",-56,-13,4
"V020","2023/2024","ERA5C10","ERA5C10__2023/2024",-56,-13,4
"V021","2023/2024","ERA5C10","ERA5C10__2023/2024",-56,-13,4
"V022","2024/2025","ERA5C10","ERA5C10__2024/2025",-56,-13,7
"V023","2024/2025","ERA5C10","ERA5C10__2024/2025",-56,-13,7
"V024","2024/2025","ERA5C10","ERA5C10__2024/2025",-56,-13,7
"V025","2024/2025","ERA5C10","ERA5C10__2024/2025",-56,-13,7
"V026","2024/2025","ERA5C10","ERA5C10__2024/2025",-56,-13,7
"V027","2024/2025","ERA5C10","ERA5C10__2024/2025",-56,-13,7
"V028","2025/2026","ERA5C10","ERA5C10__2025/2026",-56,-13,7
"V029","2025/2026","ERA5C10","ERA5C10__2025/2026",-56,-13,7
"V030","2025/2026","ERA5C10","ERA5C10__2025/2026",-56,-13,7
"V031","2025/2026","ERA5C10","ERA5C10__2025/2026",-56,-13,7
"V032","2025/2026","ERA5C10","ERA5C10__2025/2026",-56,-13,7
"V033","2025/2026","ERA5C10","ERA5C10__2025/2026",-56,-13,7
