"trial_id","requested_model","api_endpoint","pars","start_date","end_date","rows","returned_grid_latitude","returned_grid_longitude","cache_file","cache_sha256","reused_valid_cache"
"T001","era5","https://archive-api.open-meteo.com/v1/archive","temperature_2m|relative_humidity_2m|precipitation|dewpoint_2m",2022-10-25,2023-02-02,101,-13,-56,"D:/Igor_Masters/Proj_PodAndGrainRot/analysis/data/weather_cache_era5/T001_era5_100back.rds","9ea80da8580b3be9a15339b5dc6e0782f0f45480a02067001925eef83558936e",TRUE
"T002","era5","https://archive-api.open-meteo.com/v1/archive","temperature_2m|relative_humidity_2m|precipitation|dewpoint_2m",2022-10-15,2023-01-23,101,-13.75,-56,"D:/Igor_Masters/Proj_PodAndGrainRot/analysis/data/weather_cache_era5/T002_era5_100back.rds","0224f1e0f20a6458c92474acc9664fd765318f5dc88b008f616267ebceadad66",TRUE
"T003","era5","https://archive-api.open-meteo.com/v1/archive","temperature_2m|relative_humidity_2m|precipitation|dewpoint_2m",2022-11-08,2023-02-16,101,-12,-55.5,"D:/Igor_Masters/Proj_PodAndGrainRot/analysis/data/weather_cache_era5/T003_era5_100back.rds","7050c8025a558de826140d828d7168bb7452af8c3884ddec26bc348cf0374788",TRUE
"T004","era5","https://archive-api.open-meteo.com/v1/archive","temperature_2m|relative_humidity_2m|precipitation|dewpoint_2m",2022-10-27,2023-02-04,101,-12.5,-55.75,"D:/Igor_Masters/Proj_PodAndGrainRot/analysis/data/weather_cache_era5/T004_era5_100back.rds","031d17b0dfecbec1f868597d6e55a77d227f5e18750e8e53844b0ad74ec07005",TRUE
"T005","era5","https://archive-api.open-meteo.com/v1/archive","temperature_2m|relative_humidity_2m|precipitation|dewpoint_2m",2022-11-06,2023-02-14,101,-12.5,-55.75,"D:/Igor_Masters/Proj_PodAndGrainRot/analysis/data/weather_cache_era5/T005_era5_100back.rds","7c7e03166b96fbfaf61ff645ca28fe9f4fd15a47cf43ca2d28dc3723ee1261f7",TRUE
"T006","era5","https://archive-api.open-meteo.com/v1/archive","temperature_2m|relative_humidity_2m|precipitation|dewpoint_2m",2022-11-15,2023-02-23,101,-12.5,-56,"D:/Igor_Masters/Proj_PodAndGrainRot/analysis/data/weather_cache_era5/T006_era5_100back.rds","64d67e6e62b35a6a47db2fbe588754567ba2d3aad280ff68d256aabb02680643",TRUE
"T007","era5","https://archive-api.open-meteo.com/v1/archive","temperature_2m|relative_humidity_2m|precipitation|dewpoint_2m",2022-11-08,2023-02-16,101,-12.75,-55.75,"D:/Igor_Masters/Proj_PodAndGrainRot/analysis/data/weather_cache_era5/T007_era5_100back.rds","da99df8c115e427afbe6936dbc356506b356dc8ce510f76d3c08a80249618698",TRUE
"T008","era5","https://archive-api.open-meteo.com/v1/archive","temperature_2m|relative_humidity_2m|precipitation|dewpoint_2m",2022-11-05,2023-02-13,101,-12.5,-56,"D:/Igor_Masters/Proj_PodAndGrainRot/analysis/data/weather_cache_era5/T008_era5_100back.rds","cfd4c4f887fbef687cc52fd8595816bc07c9644b985375dfc6c850cce63290de",TRUE
"T009","era5","https://archive-api.open-meteo.com/v1/archive","temperature_2m|relative_humidity_2m|precipitation|dewpoint_2m",2022-10-23,2023-01-31,101,-11.75,-62.75,"D:/Igor_Masters/Proj_PodAndGrainRot/analysis/data/weather_cache_era5/T009_era5_100back.rds","66a62de023feeae3726010734af6240424a7f8711c79c82d6ac4928e5cd3976e",TRUE
"T010","era5","https://archive-api.open-meteo.com/v1/archive","temperature_2m|relative_humidity_2m|precipitation|dewpoint_2m",2023-11-10,2024-02-18,101,-10.75,-51.5,"D:/Igor_Masters/Proj_PodAndGrainRot/analysis/data/weather_cache_era5/T010_era5_100back.rds","c0e80946a89068246cf935663a146c5abce6604c91a25429284ba9680bf0afa2",TRUE
"T011","era5","https://archive-api.open-meteo.com/v1/archive","temperature_2m|relative_humidity_2m|precipitation|dewpoint_2m",2023-11-12,2024-02-20,101,-13,-56,"D:/Igor_Masters/Proj_PodAndGrainRot/analysis/data/weather_cache_era5/T011_era5_100back.rds","80aed9e898b5ac429f9a51cf49a57378050a714cbfddce791d1e0bf0f5b21103",TRUE
"T012","era5","https://archive-api.open-meteo.com/v1/archive","temperature_2m|relative_humidity_2m|precipitation|dewpoint_2m",2023-11-27,2024-03-06,101,-10.75,-51.5,"D:/Igor_Masters/Proj_PodAndGrainRot/analysis/data/weather_cache_era5/T012_era5_100back.rds","efe9bb5b6ff3f3f44472eb4aaabab80ff84ae33cdebe00f09a4de3e8eefbf310",TRUE
"T013","era5","https://archive-api.open-meteo.com/v1/archive","temperature_2m|relative_humidity_2m|precipitation|dewpoint_2m",2023-11-05,2024-02-13,101,-13.25,-58.75,"D:/Igor_Masters/Proj_PodAndGrainRot/analysis/data/weather_cache_era5/T013_era5_100back.rds","37226dae3dcb15ca2030ce0324a4a4e4763d9a0be5d6181523354f5faf03b25e",TRUE
"T014","era5","https://archive-api.open-meteo.com/v1/archive","temperature_2m|relative_humidity_2m|precipitation|dewpoint_2m",2023-10-25,2024-02-02,101,-12.5,-56,"D:/Igor_Masters/Proj_PodAndGrainRot/analysis/data/weather_cache_era5/T014_era5_100back.rds","d2423eb568d7d80cb6c5ec6c5d29b4acef28149c53dcb4318b21df131ecc0278",TRUE
"T015","era5","https://archive-api.open-meteo.com/v1/archive","temperature_2m|relative_humidity_2m|precipitation|dewpoint_2m",2023-11-18,2024-02-26,101,-11.75,-55.5,"D:/Igor_Masters/Proj_PodAndGrainRot/analysis/data/weather_cache_era5/T015_era5_100back.rds","24913b504ee54aca43a393a0131ffdb15593995eeb8def744196d2833e9620f5",TRUE
"T016","era5","https://archive-api.open-meteo.com/v1/archive","temperature_2m|relative_humidity_2m|precipitation|dewpoint_2m",2023-11-17,2024-02-25,101,-12.5,-55.75,"D:/Igor_Masters/Proj_PodAndGrainRot/analysis/data/weather_cache_era5/T016_era5_100back.rds","b6033a34ab959e32093a2e26bf5a8fd81f69b83210b18e116775d1e765c680cc",TRUE
"T017","era5","https://archive-api.open-meteo.com/v1/archive","temperature_2m|relative_humidity_2m|precipitation|dewpoint_2m",2023-10-24,2024-02-01,101,-12.75,-55.75,"D:/Igor_Masters/Proj_PodAndGrainRot/analysis/data/weather_cache_era5/T017_era5_100back.rds","86f5f022a8f3000fabdf6a04398fb931fecfb9f8e70f05db6d55ad02f182a6bb",TRUE
"T018","era5","https://archive-api.open-meteo.com/v1/archive","temperature_2m|relative_humidity_2m|precipitation|dewpoint_2m",2024-10-26,2025-02-03,101,-10.75,-51.5,"D:/Igor_Masters/Proj_PodAndGrainRot/analysis/data/weather_cache_era5/T018_era5_100back.rds","da13daa7df80a175467e3b23c9c668e31d1d1fe84540887fa5b767e1c7569434",TRUE
"T019","era5","https://archive-api.open-meteo.com/v1/archive","temperature_2m|relative_humidity_2m|precipitation|dewpoint_2m",2024-11-10,2025-02-18,101,-13,-56,"D:/Igor_Masters/Proj_PodAndGrainRot/analysis/data/weather_cache_era5/T019_era5_100back.rds","781fb61390fe365f5bfe26f8bf096769437e872f1cb78ca7693f37e6f137d021",TRUE
"T020","era5","https://archive-api.open-meteo.com/v1/archive","temperature_2m|relative_humidity_2m|precipitation|dewpoint_2m",2024-12-04,2025-03-14,101,-14.5,-54.75,"D:/Igor_Masters/Proj_PodAndGrainRot/analysis/data/weather_cache_era5/T020_era5_100back.rds","cd609a8efb62afb3877825302f28a528d67dd3de5430611db3f903b449fef6df",TRUE
"T021","era5","https://archive-api.open-meteo.com/v1/archive","temperature_2m|relative_humidity_2m|precipitation|dewpoint_2m",2024-11-05,2025-02-13,101,-13.25,-58.75,"D:/Igor_Masters/Proj_PodAndGrainRot/analysis/data/weather_cache_era5/T021_era5_100back.rds","7d3a61bfeec94b4c4f46c4b85f269dd337de8a17f043ffab47f137a6858f1eaf",TRUE
"T022","era5","https://archive-api.open-meteo.com/v1/archive","temperature_2m|relative_humidity_2m|precipitation|dewpoint_2m",2024-11-08,2025-02-16,101,-11.75,-55.5,"D:/Igor_Masters/Proj_PodAndGrainRot/analysis/data/weather_cache_era5/T022_era5_100back.rds","16f2a3df9844659d97e45733d3b776f28c0a8102199ca63f8b2a6abb4e37b201",TRUE
"T023","era5","https://archive-api.open-meteo.com/v1/archive","temperature_2m|relative_humidity_2m|precipitation|dewpoint_2m",2024-11-11,2025-02-19,101,-12,-55.5,"D:/Igor_Masters/Proj_PodAndGrainRot/analysis/data/weather_cache_era5/T023_era5_100back.rds","126d872695789afa6c1b262ef2e980765e8f26f7ebf7c658c1b52c91bca9428b",TRUE
"T024","era5","https://archive-api.open-meteo.com/v1/archive","temperature_2m|relative_humidity_2m|precipitation|dewpoint_2m",2024-11-12,2025-02-20,101,-12.75,-55.75,"D:/Igor_Masters/Proj_PodAndGrainRot/analysis/data/weather_cache_era5/T024_era5_100back.rds","7445badd81444d0dc2397c41db118b9d6f5e3cc7f6de7365c68cd16837593b5c",TRUE
"T025","era5","https://archive-api.open-meteo.com/v1/archive","temperature_2m|relative_humidity_2m|precipitation|dewpoint_2m",2024-11-15,2025-02-23,101,-15.5,-55,"D:/Igor_Masters/Proj_PodAndGrainRot/analysis/data/weather_cache_era5/T025_era5_100back.rds","260e138775a66684ba3be55756782102b561a7c5762827a9edc0208621b67a0c",TRUE
"T026","era5","https://archive-api.open-meteo.com/v1/archive","temperature_2m|relative_humidity_2m|precipitation|dewpoint_2m",2024-11-03,2025-02-11,101,-12.5,-56,"D:/Igor_Masters/Proj_PodAndGrainRot/analysis/data/weather_cache_era5/T026_era5_100back.rds","701d3b15270df0cddf42a8a5f0de2f1e70150edf3cfa8c1a4c886dcfe9cdfad7",TRUE
"T027","era5","https://archive-api.open-meteo.com/v1/archive","temperature_2m|relative_humidity_2m|precipitation|dewpoint_2m",2024-11-12,2025-02-20,101,-12.5,-55.75,"D:/Igor_Masters/Proj_PodAndGrainRot/analysis/data/weather_cache_era5/T027_era5_100back.rds","dfdf0e2839aa5888bb5bf5be379247c478a05cbeddd9def2976457cfff5d962b",TRUE
"T028","era5","https://archive-api.open-meteo.com/v1/archive","temperature_2m|relative_humidity_2m|precipitation|dewpoint_2m",2024-11-26,2025-03-06,101,-11.75,-62.75,"D:/Igor_Masters/Proj_PodAndGrainRot/analysis/data/weather_cache_era5/T028_era5_100back.rds","3f937975ff69f30e0f3239c212f57fc572dcb756f25604e53a7d09b61bcfd022",TRUE
"T029","era5","https://archive-api.open-meteo.com/v1/archive","temperature_2m|relative_humidity_2m|precipitation|dewpoint_2m",2025-11-15,2026-02-23,101,-12,-58.25,"D:/Igor_Masters/Proj_PodAndGrainRot/analysis/data/weather_cache_era5/T029_era5_100back.rds","40b7c831f73559ac543bb9009556616b70ce9f1d9b1364eb27014bf8bac4aa17",TRUE
"T030","era5","https://archive-api.open-meteo.com/v1/archive","temperature_2m|relative_humidity_2m|precipitation|dewpoint_2m",2025-10-14,2026-01-22,101,-13.5,-52.25,"D:/Igor_Masters/Proj_PodAndGrainRot/analysis/data/weather_cache_era5/T030_era5_100back.rds","20fb2d1c4dab2b4ef7dcb35e9166286619247b95ca80201ecd3ea79403fec429",TRUE
"T031","era5","https://archive-api.open-meteo.com/v1/archive","temperature_2m|relative_humidity_2m|precipitation|dewpoint_2m",2025-11-30,2026-03-10,101,-10.75,-51.5,"D:/Igor_Masters/Proj_PodAndGrainRot/analysis/data/weather_cache_era5/T031_era5_100back.rds","4cbc01a354cabdd0cb02d5750c87509a099c5f7bafc702cb07fb9045eee1542c",TRUE
"T032","era5","https://archive-api.open-meteo.com/v1/archive","temperature_2m|relative_humidity_2m|precipitation|dewpoint_2m",2025-11-11,2026-02-19,101,-13,-56,"D:/Igor_Masters/Proj_PodAndGrainRot/analysis/data/weather_cache_era5/T032_era5_100back.rds","699b4cb7328e137b9974e0b265d81f4d207cdd4cea4464299a92a1bb9573fdf9",TRUE
"T033","era5","https://archive-api.open-meteo.com/v1/archive","temperature_2m|relative_humidity_2m|precipitation|dewpoint_2m",2025-11-21,2026-03-01,101,-13.25,-58.75,"D:/Igor_Masters/Proj_PodAndGrainRot/analysis/data/weather_cache_era5/T033_era5_100back.rds","9c217660c28bb3d6f05de36822aad18e193c648036ec07f9c888a1ea41e5e302",TRUE
"T034","era5","https://archive-api.open-meteo.com/v1/archive","temperature_2m|relative_humidity_2m|precipitation|dewpoint_2m",2025-10-22,2026-01-30,101,-12,-55.5,"D:/Igor_Masters/Proj_PodAndGrainRot/analysis/data/weather_cache_era5/T034_era5_100back.rds","0771615fff935a418da16b20f851349b04dfe57b495a80f10d9fccfde4e76af1",TRUE
"T035","era5","https://archive-api.open-meteo.com/v1/archive","temperature_2m|relative_humidity_2m|precipitation|dewpoint_2m",2025-11-18,2026-02-26,101,-11.75,-55.5,"D:/Igor_Masters/Proj_PodAndGrainRot/analysis/data/weather_cache_era5/T035_era5_100back.rds","51c5409365719fb99a9edd53c88ba03f9e0c797aac2a1901a4695b1faa4280c8",TRUE
"T037","era5","https://archive-api.open-meteo.com/v1/archive","temperature_2m|relative_humidity_2m|precipitation|dewpoint_2m",2025-10-29,2026-02-06,101,-12.75,-55.75,"D:/Igor_Masters/Proj_PodAndGrainRot/analysis/data/weather_cache_era5/T037_era5_100back.rds","75363d28564018f90d18e3e75bf39c8d86424650be3bbac44c2bda6a95bc45b1",TRUE
"T038","era5","https://archive-api.open-meteo.com/v1/archive","temperature_2m|relative_humidity_2m|precipitation|dewpoint_2m",2025-11-16,2026-02-24,101,-12.5,-55.75,"D:/Igor_Masters/Proj_PodAndGrainRot/analysis/data/weather_cache_era5/T038_era5_100back.rds","ad1b3f64cd3863e1643b18eaceb9955096138bae4065037f63a9e7046ebeb246",TRUE
"T039","era5","https://archive-api.open-meteo.com/v1/archive","temperature_2m|relative_humidity_2m|precipitation|dewpoint_2m",2025-11-07,2026-02-15,101,-12.5,-56,"D:/Igor_Masters/Proj_PodAndGrainRot/analysis/data/weather_cache_era5/T039_era5_100back.rds","68d5ee692975dc8a436ddee901c075db4b6dceafd1f189d79558df21f0614e19",TRUE
"T040","era5","https://archive-api.open-meteo.com/v1/archive","temperature_2m|relative_humidity_2m|precipitation|dewpoint_2m",2025-12-02,2026-03-12,101,-13.25,-60.75,"D:/Igor_Masters/Proj_PodAndGrainRot/analysis/data/weather_cache_era5/T040_era5_100back.rds","386d6c0484e91e88b75f01799c05f80d97d4ec9e8814fbbf559106ed3b60f85d",TRUE
"V001","era5","https://archive-api.open-meteo.com/v1/archive","temperature_2m|relative_humidity_2m|precipitation|dewpoint_2m",2022-10-31,2023-02-08,101,-12.5,-56,"D:/Igor_Masters/Proj_PodAndGrainRot/analysis/data/weather_cache_era5/V001_era5_100back.rds","e088d720a2f1d2e197b417fb02f95bdb381fccef795668fead8fe02ad38a5a41",TRUE
"V002","era5","https://archive-api.open-meteo.com/v1/archive","temperature_2m|relative_humidity_2m|precipitation|dewpoint_2m",2022-11-13,2023-02-21,101,-12.5,-56,"D:/Igor_Masters/Proj_PodAndGrainRot/analysis/data/weather_cache_era5/V002_era5_100back.rds","5f28dbbf5cf8b1facac5330b85d5adafb8778e0c5773519858d7e82a8f427439",TRUE
"V003","era5","https://archive-api.open-meteo.com/v1/archive","temperature_2m|relative_humidity_2m|precipitation|dewpoint_2m",2022-11-25,2023-03-05,101,-12.5,-56,"D:/Igor_Masters/Proj_PodAndGrainRot/analysis/data/weather_cache_era5/V003_era5_100back.rds","ab5bdd3b97e81755d59f3850d63de9e486cf32ca1cf5a322dfb18a57bb12de2e",TRUE
"V004","era5","https://archive-api.open-meteo.com/v1/archive","temperature_2m|relative_humidity_2m|precipitation|dewpoint_2m",2022-11-08,2023-02-16,101,-12.5,-55.75,"D:/Igor_Masters/Proj_PodAndGrainRot/analysis/data/weather_cache_era5/V004_era5_100back.rds","8d87b73a7deccb8fd88a5c0d7ab8b8c966635f2ad62376435473277418a99009",TRUE
"V005","era5","https://archive-api.open-meteo.com/v1/archive","temperature_2m|relative_humidity_2m|precipitation|dewpoint_2m",2022-11-20,2023-02-28,101,-12.5,-55.75,"D:/Igor_Masters/Proj_PodAndGrainRot/analysis/data/weather_cache_era5/V005_era5_100back.rds","130ecec0a67735f53dec8ada3dc2f618bbf04f268f0f298aad74e3e5cb5dc96e",TRUE
"V006","era5","https://archive-api.open-meteo.com/v1/archive","temperature_2m|relative_humidity_2m|precipitation|dewpoint_2m",2022-12-03,2023-03-13,101,-12.5,-55.75,"D:/Igor_Masters/Proj_PodAndGrainRot/analysis/data/weather_cache_era5/V006_era5_100back.rds","62c6d91e09f40d20620cbb5b9299d56b754502e4be07557ff1e83eb127ddf69b",TRUE
"V007","era5","https://archive-api.open-meteo.com/v1/archive","temperature_2m|relative_humidity_2m|precipitation|dewpoint_2m",2022-11-07,2023-02-15,101,-12.5,-56,"D:/Igor_Masters/Proj_PodAndGrainRot/analysis/data/weather_cache_era5/V007_era5_100back.rds","3fef94788eca2eb08d9d1ea5bfd48b5eb78c965b81330804821674159fb405b4",TRUE
"V008","era5","https://archive-api.open-meteo.com/v1/archive","temperature_2m|relative_humidity_2m|precipitation|dewpoint_2m",2022-11-18,2023-02-26,101,-12.5,-56,"D:/Igor_Masters/Proj_PodAndGrainRot/analysis/data/weather_cache_era5/V008_era5_100back.rds","37c12f383ccc09e5e7fa209c7ae12c762210383232bda65d2bef961d9f5c840c",TRUE
"V009","era5","https://archive-api.open-meteo.com/v1/archive","temperature_2m|relative_humidity_2m|precipitation|dewpoint_2m",2022-11-29,2023-03-09,101,-12.5,-56,"D:/Igor_Masters/Proj_PodAndGrainRot/analysis/data/weather_cache_era5/V009_era5_100back.rds","310b5403ce701f6f8020315cf7a715055736ea9eded27bc7e5efaf50e0b1b42d",TRUE
"V010","era5","https://archive-api.open-meteo.com/v1/archive","temperature_2m|relative_humidity_2m|precipitation|dewpoint_2m",2022-11-03,2023-02-11,101,-13.75,-56,"D:/Igor_Masters/Proj_PodAndGrainRot/analysis/data/weather_cache_era5/V010_era5_100back.rds","dd6a786ca56ad4e767c960004917c4723e886432702ebd1b396e280860b338f6",TRUE
"V011","era5","https://archive-api.open-meteo.com/v1/archive","temperature_2m|relative_humidity_2m|precipitation|dewpoint_2m",2022-11-17,2023-02-25,101,-13.75,-56,"D:/Igor_Masters/Proj_PodAndGrainRot/analysis/data/weather_cache_era5/V011_era5_100back.rds","31a6486183b9356f57d2a94aeb74f976cefabb41024f142237c88903896247e7",TRUE
"V012","era5","https://archive-api.open-meteo.com/v1/archive","temperature_2m|relative_humidity_2m|precipitation|dewpoint_2m",2022-12-03,2023-03-13,101,-13.75,-56,"D:/Igor_Masters/Proj_PodAndGrainRot/analysis/data/weather_cache_era5/V012_era5_100back.rds","53332a9daaf5f17d70be1bec16367df1d2fa4998d8305951718ff848d83ec412",TRUE
"V013","era5","https://archive-api.open-meteo.com/v1/archive","temperature_2m|relative_humidity_2m|precipitation|dewpoint_2m",2022-10-26,2023-02-03,101,-13,-56,"D:/Igor_Masters/Proj_PodAndGrainRot/analysis/data/weather_cache_era5/V013_era5_100back.rds","27bbfaa66f8f5e5ad6229999882b6c59920c1ac7955379710f00377d74bdc171",TRUE
"V014","era5","https://archive-api.open-meteo.com/v1/archive","temperature_2m|relative_humidity_2m|precipitation|dewpoint_2m",2022-11-09,2023-02-17,101,-13,-56,"D:/Igor_Masters/Proj_PodAndGrainRot/analysis/data/weather_cache_era5/V014_era5_100back.rds","e1f456dbf30f0c92cebc91e35b570261ae1f698780d3058c608ae647a907cf94",TRUE
"V015","era5","https://archive-api.open-meteo.com/v1/archive","temperature_2m|relative_humidity_2m|precipitation|dewpoint_2m",2022-11-23,2023-03-03,101,-13,-56,"D:/Igor_Masters/Proj_PodAndGrainRot/analysis/data/weather_cache_era5/V015_era5_100back.rds","cc2c274928bf4e7f3df3270797420719d1b4ca219367822a9cdc39604f93594c",TRUE
"V016","era5","https://archive-api.open-meteo.com/v1/archive","temperature_2m|relative_humidity_2m|precipitation|dewpoint_2m",2023-11-06,2024-02-14,101,-12.5,-56,"D:/Igor_Masters/Proj_PodAndGrainRot/analysis/data/weather_cache_era5/V016_era5_100back.rds","7d2766f45de20d20d65088035c440833b1db7e26088bd923ce15666d2ca75ff5",TRUE
"V017","era5","https://archive-api.open-meteo.com/v1/archive","temperature_2m|relative_humidity_2m|precipitation|dewpoint_2m",2023-11-08,2024-02-16,101,-12.5,-56,"D:/Igor_Masters/Proj_PodAndGrainRot/analysis/data/weather_cache_era5/V017_era5_100back.rds","145c9dde4ee00ea7c0b65a2844ebf14bba7d7eb709ef6252911703ff4949a989",TRUE
"V018","era5","https://archive-api.open-meteo.com/v1/archive","temperature_2m|relative_humidity_2m|precipitation|dewpoint_2m",2023-12-03,2024-03-12,101,-12.5,-56,"D:/Igor_Masters/Proj_PodAndGrainRot/analysis/data/weather_cache_era5/V018_era5_100back.rds","21d80651ba8934d6562051050129ba2d9824c146e4efaa97b934f61c771f0dc7",TRUE
"V019","era5","https://archive-api.open-meteo.com/v1/archive","temperature_2m|relative_humidity_2m|precipitation|dewpoint_2m",2023-10-22,2024-01-30,101,-13,-56,"D:/Igor_Masters/Proj_PodAndGrainRot/analysis/data/weather_cache_era5/V019_era5_100back.rds","71f62e68c5f055f8e9299b964f3bf6101851528d490f15a6e3de42dd44f96754",TRUE
"V020","era5","https://archive-api.open-meteo.com/v1/archive","temperature_2m|relative_humidity_2m|precipitation|dewpoint_2m",2023-11-06,2024-02-14,101,-13,-56,"D:/Igor_Masters/Proj_PodAndGrainRot/analysis/data/weather_cache_era5/V020_era5_100back.rds","fa67d30a54577f9461e147dd6712da1086335c8fe82f3670348347b89f1a23aa",TRUE
"V021","era5","https://archive-api.open-meteo.com/v1/archive","temperature_2m|relative_humidity_2m|precipitation|dewpoint_2m",2023-11-19,2024-02-27,101,-13,-56,"D:/Igor_Masters/Proj_PodAndGrainRot/analysis/data/weather_cache_era5/V021_era5_100back.rds","0c6dab8eaab0019f1d12e4909c45ba76c9458bccc598db7a731e53c6d22fdc11",TRUE
"V022","era5","https://archive-api.open-meteo.com/v1/archive","temperature_2m|relative_humidity_2m|precipitation|dewpoint_2m",2024-10-27,2025-02-04,101,-13,-56,"D:/Igor_Masters/Proj_PodAndGrainRot/analysis/data/weather_cache_era5/V022_era5_100back.rds","053323358e8f6f260022abbd456f6e64ca8f91c460992c1919e93d289e9a1242",TRUE
"V023","era5","https://archive-api.open-meteo.com/v1/archive","temperature_2m|relative_humidity_2m|precipitation|dewpoint_2m",2024-11-01,2025-02-09,101,-13,-56,"D:/Igor_Masters/Proj_PodAndGrainRot/analysis/data/weather_cache_era5/V023_era5_100back.rds","e334a3b6d777ba0d2c8cc6d7519c09c3a3088995a5fed2b04a4b41f72a94e514",TRUE
"V024","era5","https://archive-api.open-meteo.com/v1/archive","temperature_2m|relative_humidity_2m|precipitation|dewpoint_2m",2024-11-05,2025-02-13,101,-13,-56,"D:/Igor_Masters/Proj_PodAndGrainRot/analysis/data/weather_cache_era5/V024_era5_100back.rds","66dfbf2d0c8b9e7efb92a42769fdf776c1dadcdf61736f1d12c8b3cd4ff79656",TRUE
"V025","era5","https://archive-api.open-meteo.com/v1/archive","temperature_2m|relative_humidity_2m|precipitation|dewpoint_2m",2024-11-10,2025-02-18,101,-13,-56,"D:/Igor_Masters/Proj_PodAndGrainRot/analysis/data/weather_cache_era5/V025_era5_100back.rds","6c367702db6c2ddacc3e04ac3c2c52dc1f750c66ea84c2b75a15f98d955fcbaa",TRUE
"V026","era5","https://archive-api.open-meteo.com/v1/archive","temperature_2m|relative_humidity_2m|precipitation|dewpoint_2m",2024-11-27,2025-03-07,101,-13,-56,"D:/Igor_Masters/Proj_PodAndGrainRot/analysis/data/weather_cache_era5/V026_era5_100back.rds","587f36b5d914e63a9e0c9e2c5b21823a9cdc32b1d4dedc94ebfe457c6bcd1d21",TRUE
"V027","era5","https://archive-api.open-meteo.com/v1/archive","temperature_2m|relative_humidity_2m|precipitation|dewpoint_2m",2024-12-02,2025-03-12,101,-13,-56,"D:/Igor_Masters/Proj_PodAndGrainRot/analysis/data/weather_cache_era5/V027_era5_100back.rds","5849b960d10153186140910d8cf745754d1d2fe2ac714f3c54b3a9b4a9d68202",TRUE
"V028","era5","https://archive-api.open-meteo.com/v1/archive","temperature_2m|relative_humidity_2m|precipitation|dewpoint_2m",2025-11-06,2026-02-14,101,-13,-56,"D:/Igor_Masters/Proj_PodAndGrainRot/analysis/data/weather_cache_era5/V028_era5_100back.rds","36fe5781a58e6a9c2ecef71c4977de3ab413e89948c36bd38bf9692c1e0a33be",TRUE
"V029","era5","https://archive-api.open-meteo.com/v1/archive","temperature_2m|relative_humidity_2m|precipitation|dewpoint_2m",2025-10-30,2026-02-07,101,-13,-56,"D:/Igor_Masters/Proj_PodAndGrainRot/analysis/data/weather_cache_era5/V029_era5_100back.rds","0f0f9af3b6bad48b54a744eea025d46312507e351106e7023577c6051af1ea21",TRUE
"V030","era5","https://archive-api.open-meteo.com/v1/archive","temperature_2m|relative_humidity_2m|precipitation|dewpoint_2m",2025-11-18,2026-02-26,101,-13,-56,"D:/Igor_Masters/Proj_PodAndGrainRot/analysis/data/weather_cache_era5/V030_era5_100back.rds","c9b3017a67cf441a8ec8a168383165f10b15493d700c84d959247e465186308e",TRUE
"V031","era5","https://archive-api.open-meteo.com/v1/archive","temperature_2m|relative_humidity_2m|precipitation|dewpoint_2m",2025-11-11,2026-02-19,101,-13,-56,"D:/Igor_Masters/Proj_PodAndGrainRot/analysis/data/weather_cache_era5/V031_era5_100back.rds","61a013e39ea298bfe93b9f3217f0d5dbba6ec7a8b20101aac4ea307e73f47a74",TRUE
"V032","era5","https://archive-api.open-meteo.com/v1/archive","temperature_2m|relative_humidity_2m|precipitation|dewpoint_2m",2025-12-04,2026-03-14,101,-13,-56,"D:/Igor_Masters/Proj_PodAndGrainRot/analysis/data/weather_cache_era5/V032_era5_100back.rds","bbfd466bc0fa95ab24183b9122f7b560b5366ee96b90307dc9cf4e00a8e155bb",TRUE
"V033","era5","https://archive-api.open-meteo.com/v1/archive","temperature_2m|relative_humidity_2m|precipitation|dewpoint_2m",2025-11-27,2026-03-07,101,-13,-56,"D:/Igor_Masters/Proj_PodAndGrainRot/analysis/data/weather_cache_era5/V033_era5_100back.rds","34af9b9bcb07abad33973ab234cf879ded0a25672f6e7d0f37a9885f5d8218cb",TRUE
