"check","pass","detail"
"Cohort size",TRUE,"72 trials"
"Duplicate-history audit",TRUE,"70 near-duplicate history groups; audit only"
"ERA5 grid cells",TRUE,"15 cells"
"ERA5 cell-season clusters",TRUE,"36 clusters"
"Source date preserved",TRUE,"recorded_evaluation_date|grain_evaluation_date"
"Twenty-day correction",TRUE,"grain_evaluation_date = recorded_evaluation_date + 20"
"Corrected cycle duration",TRUE,"cycle_days uses corrected grain-evaluation date"
"Weather domain",TRUE,"5760 rows; lags -80:-1"
"Retained-process coverage",TRUE,"24 of 24 families complete"
"Primary broad rows",TRUE,"4 processes x 8 intervals"
"Primary functional rows",TRUE,"4 processes x 80 lags"
"Primary clustered inference",TRUE,"broad and functional global tests use CR2/HTZ across 36 cell-season clusters"
"Penalized refund outputs",TRUE,"curve, interval-contrast, and global-test tables exist"
"Penalized refund coverage",TRUE,"4 processes; 80 lags and 8 contrasts each"
"Penalized refund bootstrap",TRUE,"minimum successful repetitions 999"
"Cached-model process registry",TRUE,"4 primary process objects"
"Cached-model scenario coverage",TRUE,"4 sensitivities and 4 season omissions, each with 4 processes"
"Final-only figure directory",TRUE,"19 PNG files; expected 19"
"Final figure manifest",TRUE,"final figure SHA-256 manifest exists"
