"process","method","trial_id","fitted","residual","standardized_residual","leverage","cooks_distance"
"Tmin","Broad intervals","T001",11.6221536641058,1.52784633589425,0.19857331025691,0.196913114926895,0.000805698608955059
"Tmin","Broad intervals","T002",-1.51444401176821,2.78444401176821,0.579943137005354,0.687283293413813,0.0615990882786774
"Tmin","Broad intervals","T003",12.9174732941685,1.87252670583146,0.227089200683431,0.0776239702530299,0.000361659236416615
"Tmin","Broad intervals","T004",13.028466471606,-4.898466471606,-0.618902283918222,0.150191560431137,0.00564140675629824
"Tmin","Broad intervals","T005",13.7797442934861,29.5002557065139,3.58447223156909,0.0811469712704579,0.0945573860939004
"Tmin","Broad intervals","T006",7.02099492877979,0.569005071220212,0.0701363585747552,0.107124765440852,4.91817851804934e-05
"Tmin","Broad intervals","T007",12.1199123978714,-1.38991239787142,-0.17032731404515,0.0966601009957025,0.000258692240174652
"Tmin","Broad intervals","T008",14.8105591183135,16.6094408816865,2.03562145462062,0.0968478538144421,0.0370289907920553
"Tmin","Broad intervals","T009",13.605370505475,12.444629494525,1.64271594505166,0.221454626916701,0.0639653130639938
"Tmin","Broad intervals","T010",15.7372523699015,26.2627476300985,3.50568568760021,0.238658855632852,0.321042817687725
"Tmin","Broad intervals","T011",18.9617689373267,-7.56176893732674,-1.04186350469163,0.285388361076305,0.0361248936280171
"Tmin","Broad intervals","T012",7.13310254685179,-3.83310254685179,-0.488571975072627,0.164995716388073,0.00393060881144916
"Tmin","Broad intervals","T013",9.59578315589678,-3.79578315589678,-0.489404492190764,0.183959305669377,0.00449950358028407
"Tmin","Broad intervals","T014",3.18450949710499,-1.18450949710499,-0.156023240628627,0.218113999635087,0.000565897071489895
"Tmin","Broad intervals","T015",7.56422913944985,13.5357708605502,1.71898015373055,0.158858242861516,0.046505149016306
"Tmin","Broad intervals","T016",13.4300856242888,3.56991437571117,0.465203409516837,0.201132501926347,0.0045405873588146
"Tmin","Broad intervals","T017",10.7785417771199,1.02145822288009,0.12940627969136,0.154768945311985,0.000255527611541368
"Tmin","Broad intervals","T018",12.8004877750549,1.39951222494509,0.199573918456917,0.332900285089519,0.00165634093335869
"Tmin","Broad intervals","T019",7.8849238554373,-3.0849238554373,-0.377888035596679,0.0959185778384799,0.00126252568869058
"Tmin","Broad intervals","T020",5.67665480943262,3.42334519056738,0.448550442625446,0.209824175894751,0.00445218416938543
"Tmin","Broad intervals","T021",3.927197939138,6.572802060862,0.860898223199129,0.209244146379129,0.0163430563765013
"Tmin","Broad intervals","T022",5.66454238135167,-2.66454238135167,-0.325464739313203,0.0907520987031085,0.000881050926530976
"Tmin","Broad intervals","T023",4.73049137494459,-0.530491374944585,-0.0648062398280739,0.0909915127347441,3.5033646889542e-05
"Tmin","Broad intervals","T024",7.96605015250226,-3.86605015250226,-0.472789067821603,0.0929211382862355,0.00190819643727028
"Tmin","Broad intervals","T025",2.57835390624463,8.32164609375537,1.20631812811504,0.354435401699448,0.0665793958089955
"Tmin","Broad intervals","T026",5.46166879566722,-0.161668795667219,-0.0199136548104602,0.105880868004772,3.91329698589229e-06
"Tmin","Broad intervals","T027",8.57360216688645,-3.37360216688645,-0.413092520755338,0.095230397889786,0.00149675602736451
"Tmin","Broad intervals","T028",7.3947818914176,11.2052181085824,1.51967038651498,0.262457996399828,0.0684842344533009
"Tmin","Broad intervals","T029",11.5640259631473,4.93597403685268,0.617472818678638,0.133128000759875,0.00487942759694312
"Tmin","Broad intervals","T030",13.7290812290306,-5.40908122903055,-0.672587100135676,0.122605574838794,0.00526782292826845
"Tmin","Broad intervals","T031",9.13285312366836,5.06714687633164,0.685675891086771,0.259143394125578,0.0137044780033174
"Tmin","Broad intervals","T032",10.1879819607716,3.72201803922843,0.477236383618369,0.174846423972373,0.00402168280538049
"Tmin","Broad intervals","T033",2.23498354261741,0.465016457382587,0.0653322347231711,0.312731324381405,0.000161852203120513
"Tmin","Broad intervals","T034",12.4700453518191,-9.1500453518191,-1.16818920263689,0.167728451089261,0.0229185331138439
"Tmin","Broad intervals","T035",8.65217250815105,9.02782749184895,1.11874429973598,0.116615522958864,0.0137685125776729
"Tmin","Broad intervals","T037",13.3919458608697,2.62805413913033,0.32091436813049,0.0902224364054467,0.000851091800259963
"Tmin","Broad intervals","T038",11.2996462410512,-4.99964624105122,-0.610138589878453,0.0891088235021561,0.00303479916897259
"Tmin","Broad intervals","T039",9.15926467348358,-2.87926467348358,-0.356030348039605,0.112774386861217,0.00134266972160991
"Tmin","Broad intervals","T040",12.691787362534,-10.211787362534,-1.32563297790042,0.194988920020636,0.0354709997272181
"Tmin","Broad intervals","V001",13.7552945990521,-0.880294599052139,-0.110369869680242,0.137021559453634,0.000161179117431181
"Tmin","Broad intervals","V002",9.66744875962396,-4.71744875962396,-0.584432682154991,0.116126067404796,0.00373961708728497
"Tmin","Broad intervals","V003",4.61386615320684,-2.48886615320684,-0.309890930213746,0.124955210772532,0.00114277458611461
"Tmin","Broad intervals","V004",12.3623273898145,-7.86232738981447,-0.960355970777518,0.0907512821627985,0.00767102340678198
"Tmin","Broad intervals","V005",4.39381721657012,-0.643817216570117,-0.0803701184161836,0.12947572363496,8.00599713784507e-05
"Tmin","Broad intervals","V006",0.874901173246031,2.62509882675397,0.348738447555465,0.231335919814666,0.00305017599152831
"Tmin","Broad intervals","V007",13.4733025391915,-10.7345510621915,-1.31118086212218,0.0907412271623645,0.0142975329344193
"Tmin","Broad intervals","V008",7.21741428528876,-6.3603465132221,-0.784238524830598,0.107701549033775,0.00618624206816122
"Tmin","Broad intervals","V009",4.35624920058444,-3.8495001765511,-0.49400578067964,0.176261135216371,0.00435160855387271
"Tmin","Broad intervals","V010",14.915948064697,0.152708375553005,0.0198124952809638,0.194079332184357,7.87742182481461e-06
"Tmin","Broad intervals","V011",5.69557317822914,2.22064082727086,0.27609265074072,0.122409570151892,0.000886037169459531
"Tmin","Broad intervals","V012",6.60319984421495,-2.80289341196494,-0.359089953932158,0.173483389554226,0.00225544155319755
"Tmin","Broad intervals","V013",11.4690973360612,-8.44975435788202,-1.07515548854312,0.16210317268059,0.0186364108213891
"Tmin","Broad intervals","V014",13.6330589615035,-13.1730589615035,-1.68589030530639,0.171753563884169,0.0491160646206225
"Tmin","Broad intervals","V015",2.26334212728839,-2.0553587659573,-0.258679096487291,0.143558823566946,0.000934703300184692
"Tmin","Broad intervals","V016",8.38993601435444,-5.38993601435444,-0.689356989140042,0.170676858980101,0.00815000693088328
"Tmin","Broad intervals","V017",13.3067871406864,-9.90678714068639,-1.27020286485645,0.174790120785381,0.028478518555717
"Tmin","Broad intervals","V018",8.00578415326017,11.8942158467398,1.48007627282884,0.123910714643716,0.0258194769295521
"Tmin","Broad intervals","V019",11.253803897867,-10.7989403569293,-1.42714413849387,0.223267388197398,0.048787457105198
"Tmin","Broad intervals","V020",9.35070651933054,-8.73582949473546,-1.13793752401621,0.20050382309018,0.0270621226469381
"Tmin","Broad intervals","V021",7.8071768193911,-5.07744979209382,-0.666031692720031,0.211600363131124,0.00992152743550363
"Tmin","Broad intervals","V022",5.72878422597211,-5.46982008254581,-0.684498445457511,0.133744347508005,0.00602827479461094
"Tmin","Broad intervals","V023",6.42928576905522,-6.42928576905522,-0.79828021124595,0.120046621135104,0.00724468919757412
"Tmin","Broad intervals","V024",7.90154498548972,-3.85962881782505,-0.470564277427542,0.0873629369469504,0.00176638670591728
"Tmin","Broad intervals","V025",8.13658561790326,-6.4200187516358,-0.78575707430154,0.0943905940073376,0.00536269562385664
"Tmin","Broad intervals","V026",-0.975935991177375,3.65593599117737,0.461846718606313,0.149946278308016,0.00313547827836845
"Tmin","Broad intervals","V027",0.328427522038235,1.28157247796177,0.16099699242416,0.140401301329718,0.000352800883376569
"Tmin","Broad intervals","V028",8.79301900822442,5.17493481343163,0.656586484221712,0.157304216541682,0.00670613318376596
"Tmin","Broad intervals","V029",12.8831736490009,11.649071573929,1.45034078787285,0.124840046197552,0.0250049136743381
"Tmin","Broad intervals","V030",8.45214998557139,-1.60584260034185,-0.199040632013776,0.116986391786018,0.000437391347599572
"Tmin","Broad intervals","V031",9.93555751770457,3.40775585554892,0.436954446227094,0.174894369657227,0.0033725419277661
"Tmin","Broad intervals","V032",9.63475874017845,-4.79475874017845,-0.626594346177464,0.205661694399906,0.0084710959534627
"Tmin","Broad intervals","V033",13.3473730852454,-7.02737308524541,-0.905169116205889,0.182342362876525,0.0152262967657946
"Tmin","Scalar on function","T001",12.5920151242248,0.557984875775245,0.0714357238324649,0.153598835429392,0.000115758418016709
"Tmin","Scalar on function","T002",0.883066429514097,0.386933570485903,0.0827977137073708,0.697030835882339,0.00197151581438545
"Tmin","Scalar on function","T003",12.5278260394445,2.26217396055545,0.278695629758431,0.0859836229440523,0.000913339190244174
"Tmin","Scalar on function","T004",13.6837632418529,-5.5537632418529,-0.695078771179338,0.114336043668076,0.00779636659627489
"Tmin","Scalar on function","T005",12.0073844614787,31.2726155385213,3.78975705594229,0.05535644144405,0.105204168922034
"Tmin","Scalar on function","T006",8.55400203762956,-0.964002037629555,-0.117231185566064,0.061937259809211,0.000113426995540197
"Tmin","Scalar on function","T007",12.9077961454785,-2.17779614547847,-0.270402165555489,0.100136958181111,0.00101706409616382
"Tmin","Scalar on function","T008",13.1980346554516,18.2219653445484,2.22829968111342,0.0723043227809006,0.0483744387305742
"Tmin","Scalar on function","T009",15.4631676097105,10.5868323902895,1.41813211992595,0.226854942318297,0.0737616565646384
"Tmin","Scalar on function","T010",14.57615768625,27.42384231375,3.46050107644343,0.128753743045301,0.221211106690093
"Tmin","Scalar on function","T011",14.5089062132188,-3.10890621321877,-0.387713141883687,0.108017171202979,0.00227545034479489
"Tmin","Scalar on function","T012",9.02240215596922,-5.72240215596922,-0.711882999820788,0.103600090317058,0.00732125589349969
"Tmin","Scalar on function","T013",11.6600572448309,-5.86005724483087,-0.763301176929418,0.182337369951222,0.0162406502522027
"Tmin","Scalar on function","T014",5.16682095317506,-3.16682095317506,-0.394408098659307,0.105629083999475,0.00229650558939324
"Tmin","Scalar on function","T015",6.62145597670246,14.4785440232975,1.78513412521004,0.0874212030249491,0.0381590998958995
"Tmin","Scalar on function","T016",9.60638290750712,7.39361709249288,0.914049599365882,0.0923118168284009,0.0106211160785745
"Tmin","Scalar on function","T017",11.1843438310448,0.615656168955242,0.076720712846305,0.106666729585424,8.78518159132149e-05
"Tmin","Scalar on function","T018",9.29127098655995,4.90872901344005,0.633757634700116,0.167749618049957,0.0101196142575398
"Tmin","Scalar on function","T019",7.46649248013322,-2.66649248013322,-0.325921120094653,0.0714228028396403,0.0010213013265054
"Tmin","Scalar on function","T020",6.47390357538179,2.62609642461821,0.322570309905744,0.0805357448179701,0.001139233179468
"Tmin","Scalar on function","T021",3.03265979691317,7.46734020308683,0.947006149960609,0.137441472291023,0.017862606752348
"Tmin","Scalar on function","T022",6.91774523597552,-3.91774523597552,-0.477719217777285,0.0669836510384244,0.00204802380303474
"Tmin","Scalar on function","T023",6.27949664347023,-2.07949664347023,-0.25310320763139,0.0635524759900132,0.000543443427564074
"Tmin","Scalar on function","T024",7.38393481153284,-3.28393481153284,-0.399630640677293,0.0632282336983033,0.00134742570588042
"Tmin","Scalar on function","T025",1.57467370478158,9.32532629521842,1.26565663241806,0.246889727436566,0.0656426734431381
"Tmin","Scalar on function","T026",5.94973571098021,-0.649735710980214,-0.0792433739984608,0.0673689850061212,5.67003944633192e-05
"Tmin","Scalar on function","T027",7.70372860431838,-2.50372860431838,-0.30656861782274,0.0747024613928176,0.000948459759116096
"Tmin","Scalar on function","T028",8.08208318434659,10.5179168156534,1.38260015935385,0.19716082726151,0.0586807012562772
"Tmin","Scalar on function","T029",12.1697749591747,4.33022504082533,0.529443672842918,0.0720091255265803,0.00271890084434751
"Tmin","Scalar on function","T030",12.4390336646357,-4.11903366463572,-0.505975253631233,0.0806213255103632,0.00280623524538568
"Tmin","Scalar on function","T031",8.03536729694022,6.16463270305978,0.794032709400738,0.163819718494962,0.0154402046602965
"Tmin","Scalar on function","T032",10.6649771208979,3.24502287910211,0.396317700210667,0.0699401756539644,0.00147642974191753
"Tmin","Scalar on function","T033",2.99465308741463,-0.294653087414635,-0.0390934613007445,0.21190959459707,5.13680218682199e-05
"Tmin","Scalar on function","T034",10.3975588339452,-7.07755883394525,-0.866200803279742,0.0738270160288888,0.00747601878387061
"Tmin","Scalar on function","T035",10.5510881251079,7.12891187489208,0.870107982507428,0.0687581544116686,0.00698743928096088
"Tmin","Scalar on function","T037",13.4253060875122,2.59469391248784,0.317009227760258,0.0706254963299058,0.00095460692461513
"Tmin","Scalar on function","T038",12.3435094884652,-6.04350948846525,-0.735816016568672,0.0641586311746769,0.00463982218695855
"Tmin","Scalar on function","T039",9.63776433964831,-3.35776433964831,-0.41073305464154,0.0728640713182377,0.0016572931900656
"Tmin","Scalar on function","T040",11.2491240691694,-8.76912406916941,-1.10667158432441,0.128961786978405,0.022665816312199
"Tmin","Scalar on function","V001",13.0578608786476,-0.182860878647623,-0.0225939827927774,0.0913046333967035,6.41165438142329e-06
"Tmin","Scalar on function","V002",9.8921235125435,-4.9421235125435,-0.605022688808711,0.0743513675631802,0.00367532825078638
"Tmin","Scalar on function","V003",3.15199644130205,-1.02699644130205,-0.127099781128091,0.0942453578502609,0.000210111110243573
"Tmin","Scalar on function","V004",12.8737866119672,-8.37378661196719,-1.03467394886254,0.0913449455083844,0.0134524849961282
"Tmin","Scalar on function","V005",5.09433942058686,-1.34433942058686,-0.165388300510638,0.0834195389204758,0.000311183651098813
"Tmin","Scalar on function","V006",0.24573526456223,3.25426473543777,0.424444302527431,0.184494977634794,0.00509459116006109
"Tmin","Scalar on function","V007",13.1104825030252,-10.3717310260252,-1.27555342700256,0.0827927482831432,0.0183582863737905
"Tmin","Scalar on function","V008",7.12324665094837,-6.26617887888171,-0.764518776248351,0.0680522559382611,0.00533503521260736
"Tmin","Scalar on function","V009",1.74832626094379,-1.24157723691045,-0.156596713695294,0.127943763804011,0.000449728003577865
"Tmin","Scalar on function","V010",11.6527854378059,3.41587100244406,0.425221611628612,0.104770136266989,0.00264510927787319
"Tmin","Scalar on function","V011",8.46896121230918,-0.552747206809181,-0.0672850302510915,0.0637787253881503,3.85517633068175e-05
"Tmin","Scalar on function","V012",3.19813256765112,0.602173864598884,0.0745087324329806,0.0938674086507337,7.18865167931837e-05
"Tmin","Scalar on function","V013",13.0060696055206,-9.98672662734142,-1.25195167409765,0.117258611168875,0.0260253392731859
"Tmin","Scalar on function","V014",14.2837036985102,-13.8237036985102,-1.78494512458042,0.167927073344102,0.0803746469865938
"Tmin","Scalar on function","V015",3.96046567950133,-3.75248231817024,-0.467240136591556,0.105213710204256,0.00320880489871872
"Tmin","Scalar on function","V016",8.9251620423333,-5.9251620423333,-0.743128791282501,0.118069047052844,0.00924144027450736
"Tmin","Scalar on function","V017",9.69700701883961,-6.29700701883961,-0.775250839424574,0.084736462972277,0.00695534496005139
"Tmin","Scalar on function","V018",8.37706069609204,11.522939303908,1.42122362266403,0.0880647355078207,0.0243821990711654
"Tmin","Scalar on function","V019",12.0362796705182,-11.5814161295804,-1.44138384683926,0.104374752201875,0.0302648443018173
"Tmin","Scalar on function","V020",13.5341169211719,-12.9192398965769,-1.60632581773176,0.10263538034388,0.0368897273753322
"Tmin","Scalar on function","V021",9.58331427517672,-6.85358724787945,-0.862901466388797,0.124863547488349,0.0132798240955064
"Tmin","Scalar on function","V022",5.95917244319078,-5.70020829976448,-0.699466365008562,0.078680893612229,0.00522279392389383
"Tmin","Scalar on function","V023",7.43862055394153,-7.43862055394153,-0.907467322603689,0.0678514732515172,0.00749283498040581
"Tmin","Scalar on function","V024",7.59293008916629,-3.55101392150162,-0.433163599264458,0.067683996873915,0.0017026946767481
"Tmin","Scalar on function","V025",7.49107804102894,-5.77451117476148,-0.705456371844091,0.070493507084304,0.00471788144745162
"Tmin","Scalar on function","V026",1.4024139163018,1.2775860836982,0.157793678386824,0.0905822196575143,0.000310005023299002
"Tmin","Scalar on function","V027",0.167507399335596,1.4424926006644,0.180213554538099,0.11117844318659,0.000507797931979301
"Tmin","Scalar on function","V028",11.6575016956785,2.31045212597759,0.281338610762204,0.0643841564121785,0.000680847947379984
"Tmin","Scalar on function","V029",15.0132492449001,9.51899597802982,1.18186651186512,0.100072073701871,0.0194156546121626
"Tmin","Scalar on function","V030",9.6328197123993,-2.78651232716976,-0.339108312288875,0.0632852412338232,0.000971140264441038
"Tmin","Scalar on function","V031",10.2461021021207,3.09721127113281,0.377900175309732,0.0681419274136766,0.00130535561467261
"Tmin","Scalar on function","V032",8.9764314757327,-4.1364314757327,-0.534491559479489,0.169131561410157,0.00726915805351042
"Tmin","Scalar on function","V033",8.12555849932633,-1.80555849932633,-0.221500052107067,0.0781977604135487,0.000520252570340308
"LogRain","Broad intervals","T001",3.05396550960729,10.0960344903927,1.32710662016761,0.134186704894358,0.0227465545714925
"LogRain","Broad intervals","T002",6.62835838822292,-5.35835838822292,-0.754915970300813,0.246296521409195,0.0155193575287811
"LogRain","Broad intervals","T003",15.147978237759,-0.357978237758952,-0.047065976482264,0.134567231526153,2.8703766165565e-05
"LogRain","Broad intervals","T004",6.20540144934505,1.92459855065496,0.25211926972617,0.128228918723453,0.000779137947171221
"LogRain","Broad intervals","T005",14.7547931417993,28.5252068582007,3.65375866107571,0.088173688745133,0.107578469079072
"LogRain","Broad intervals","T006",11.964122133465,-4.37412213346504,-0.578000161576175,0.143238147481458,0.00465450228641369
"LogRain","Broad intervals","T007",11.777398578482,-1.04739857848197,-0.135296810745915,0.103432334658648,0.0001759815458863
"LogRain","Broad intervals","T008",16.0345792905664,15.3854207094336,1.9975926610458,0.112559763481776,0.0421770963409262
"LogRain","Broad intervals","T009",14.1188957529011,11.931104247099,1.6091736439934,0.177587524741471,0.0465958608886997
"LogRain","Broad intervals","T010",23.3821525433842,18.6178474566158,2.59162189227383,0.227942073739869,0.165248163963258
"LogRain","Broad intervals","T011",17.2453606855384,-5.84536068553842,-0.832236031734393,0.261987309611456,0.0204893512973177
"LogRain","Broad intervals","T012",13.3351244405385,-10.0351244405385,-1.45664714313332,0.289979264041874,0.072214330245809
"LogRain","Broad intervals","T013",7.28742217004087,-1.48742217004087,-0.195673792124274,0.135554917765861,0.000500336224563751
"LogRain","Broad intervals","T014",3.52611167854541,-1.52611167854541,-0.21085817970993,0.216343110465577,0.00102286136139345
"LogRain","Broad intervals","T015",15.1927387264865,5.90726127351347,0.820316694395168,0.224211227520485,0.0162067420695374
"LogRain","Broad intervals","T016",13.8308464273327,3.16915357266735,0.435761107461941,0.208731515511622,0.00417426334042597
"LogRain","Broad intervals","T017",6.04593790295073,5.75406209704927,0.785597797906139,0.197430216698904,0.0126517349919579
"LogRain","Broad intervals","T018",10.9869946109334,3.21300538906661,0.466287488829455,0.289687245887504,0.00738934666777655
"LogRain","Broad intervals","T019",4.07184481782031,0.728155182179689,0.0973507048472438,0.163041509696935,0.000153847776265111
"LogRain","Broad intervals","T020",2.47680252543062,6.62319747456938,0.903123521606887,0.195408701417505,0.0165075122460542
"LogRain","Broad intervals","T021",3.96056504694383,6.53943495305617,0.873790415104798,0.162084689280114,0.0123076510245553
"LogRain","Broad intervals","T022",6.927991350153,-3.927991350153,-0.504478630625137,0.0930366725603864,0.00217554838001868
"LogRain","Broad intervals","T023",7.68008999395069,-3.48008999395069,-0.446553874016722,0.0914110361387656,0.00167185131457992
"LogRain","Broad intervals","T024",3.65883599935784,0.441164000642164,0.0574962981908549,0.119246059443995,3.72982077732073e-05
"LogRain","Broad intervals","T025",14.8380513996587,-3.93805139965871,-0.545606090076848,0.220639174013883,0.00702297662663642
"LogRain","Broad intervals","T026",3.56023503492959,1.73976496507041,0.234208087606666,0.174510380398501,0.000966344943610639
"LogRain","Broad intervals","T027",4.29350033841511,0.906499661584892,0.118179380366046,0.119790389652279,0.000158393750643243
"LogRain","Broad intervals","T028",10.8339814938785,7.76601850612153,1.02233028215177,0.136726076522652,0.0137944355073654
"LogRain","Broad intervals","T029",15.7422186154396,0.757781384560355,0.104086800150673,0.207077429948586,0.000235782764555433
"LogRain","Broad intervals","T030",6.0212594034464,2.2987405965536,0.331818277433617,0.282018005765578,0.00360398228068461
"LogRain","Broad intervals","T031",10.877295513238,3.322704486762,0.431893641413438,0.114549992377026,0.00201095981826387
"LogRain","Broad intervals","T032",7.76630649672602,6.14369350327398,0.813469901646139,0.146683121339443,0.00947919676359891
"LogRain","Broad intervals","T033",13.3906993816483,-10.6906993816483,-1.48077889608691,0.220230879010022,0.0516073270306368
"LogRain","Broad intervals","T034",14.160441904175,-10.840441904175,-1.47350500619942,0.190298447869886,0.0425238188717736
"LogRain","Broad intervals","T035",12.6455302730759,5.03446972692407,0.684756809447227,0.191334382160066,0.00924518302407527
"LogRain","Broad intervals","T037",14.9061412136286,1.11385878637135,0.148920760759515,0.163079880711919,0.000360118657999194
"LogRain","Broad intervals","T038",11.2064602736431,-4.90646027364305,-0.662218034044842,0.178762453347214,0.00795478178477832
"LogRain","Broad intervals","T039",8.99274256243022,-2.71274256243022,-0.358879253340423,0.145219338677144,0.0018234137521148
"LogRain","Broad intervals","T040",14.3957454654181,-11.9157454654181,-1.58227568343844,0.15157714718029,0.0372738654045522
"LogRain","Broad intervals","V001",13.3616458040752,-0.486645804075158,-0.062306912788988,0.0873847312848675,3.09769778214078e-05
"LogRain","Broad intervals","V002",9.96337266978251,-5.01337266978251,-0.653903794994515,0.120640432385372,0.00488846895582605
"LogRain","Broad intervals","V003",4.80063774924779,-2.67563774924779,-0.353867499100523,0.144721595968454,0.00176573670346026
"LogRain","Broad intervals","V004",14.907809022848,-10.407809022848,-1.34194779097,0.100126173591562,0.0166976745788619
"LogRain","Broad intervals","V005",2.04987998391183,1.70012001608817,0.22368414482839,0.135782635119721,0.000655104226479888
"LogRain","Broad intervals","V006",7.80012413683587,-4.30012413683587,-0.570840359274544,0.151079785669296,0.00483267489953185
"LogRain","Broad intervals","V007",18.8131331285443,-16.0743816515443,-2.14290827215579,0.158225784137427,0.0719295849581949
"LogRain","Broad intervals","V008",6.7283780200695,-5.87131024800284,-0.787390085334898,0.168189484953585,0.0104465544536885
"LogRain","Broad intervals","V009",6.02910205215526,-5.52235302812192,-0.762377851857818,0.215049950107427,0.0132695629967913
"LogRain","Broad intervals","V010",11.6821792288743,3.38647721137565,0.43577553852394,0.0965484882589018,0.00169116148600441
"LogRain","Broad intervals","V011",4.71292742865231,3.20328657684769,0.416405010023006,0.114692943254469,0.00187194643752499
"LogRain","Broad intervals","V012",5.90355317076443,-2.10324673851443,-0.268529920951598,0.0822396080531718,0.000538462970875502
"LogRain","Broad intervals","V013",2.86687258579366,0.152470392385543,0.0200014452282834,0.130674313992822,5.01128641813137e-06
"LogRain","Broad intervals","V014",10.5001682962569,-10.0401682962569,-1.31613646935426,0.129408607178017,0.0214570194261669
"LogRain","Broad intervals","V015",2.87979573065041,-2.67181236931932,-0.344139566226229,0.0982691482700613,0.00107554412150734
"LogRain","Broad intervals","V016",7.87013075703087,-4.87013075703087,-0.65264167453422,0.166959973372555,0.00711401630178915
"LogRain","Broad intervals","V017",14.3809429825913,-10.9809429825913,-1.46633472382693,0.161028389170703,0.0343906334495743
"LogRain","Broad intervals","V018",4.058826145799,15.841173854201,2.24479611352939,0.255001930143536,0.143734452027744
"LogRain","Broad intervals","V019",1.77389615313512,-1.3190326121974,-0.186817217477864,0.254218684269578,0.000991399100347667
"LogRain","Broad intervals","V020",4.12219445026957,-3.50731742567449,-0.470611166044327,0.169078642759004,0.00375553695423124
"LogRain","Broad intervals","V021",12.447782529187,-9.71805550188972,-1.30775353706732,0.173883732769942,0.0299977265024903
"LogRain","Broad intervals","V022",4.76146136448001,-4.50249722105371,-0.634858055304121,0.247532289350225,0.0110488229108553
"LogRain","Broad intervals","V023",6.19625467124655,-6.19625467124655,-0.868434928738483,0.238415346737334,0.0196747554335302
"LogRain","Broad intervals","V024",2.80867459767527,1.2332415699894,0.159124427473474,0.101419823799402,0.000238154329170614
"LogRain","Broad intervals","V025",4.07184481782031,-2.35527795155285,-0.314888878505928,0.163041509696935,0.0016096359644314
"LogRain","Broad intervals","V026",7.3637331440879,-4.6837331440879,-0.613565764651793,0.128241323430161,0.00461501062107247
"LogRain","Broad intervals","V027",1.71658597057682,-0.106585970576819,-0.0143201629914611,0.171221651449529,3.5304897986044e-06
"LogRain","Broad intervals","V028",9.43760069371862,4.53035312793743,0.601103773227207,0.15023383871659,0.0053233619190575
"LogRain","Broad intervals","V029",12.4963549352956,12.0358902876343,1.69690623814917,0.247381345317094,0.0788726467267457
"LogRain","Broad intervals","V030",6.84644481045796,-0.00013742522841742,-1.85017880267829e-05,0.174646944222481,6.03625229594311e-12
"LogRain","Broad intervals","V031",7.76630649672602,5.57700687652747,0.738436452422474,0.146683121339443,0.00781114707613105
"LogRain","Broad intervals","V032",4.99122935080126,-0.151229350801263,-0.0200729207806973,0.150848336137049,5.96478994918827e-06
"LogRain","Broad intervals","V033",5.91704241320018,0.402957586799821,0.0544364712268875,0.180265950676295,5.43049492528571e-05
"LogRain","Scalar on function","T001",8.2315386560666,4.9184613439334,0.600474800790258,0.067455772634968,0.00326023773280495
"LogRain","Scalar on function","T002",9.58975978971452,-8.31975978971452,-1.07485928393698,0.167241953882828,0.0290027802591133
"LogRain","Scalar on function","T003",15.8464600897222,-1.05646008972215,-0.131960136895103,0.109115993810388,0.000266601616334794
"LogRain","Scalar on function","T004",11.1766137503378,-3.04661375033777,-0.37305501915604,0.0729791386156584,0.00136950938719513
"LogRain","Scalar on function","T005",12.135706526636,31.144293473364,3.79286414169954,0.0628202862544913,0.120537344182018
"LogRain","Scalar on function","T006",9.19784360233909,-1.60784360233909,-0.201497612615323,0.114989790669119,0.000659418042033121
"LogRain","Scalar on function","T007",10.2597403055745,0.470259694425488,0.057722706913077,0.0774654862548074,3.49726885101828e-05
"LogRain","Scalar on function","T008",12.467108297507,18.952891702493,2.301177593238,0.0571313941900526,0.0401082702996381
"LogRain","Scalar on function","T009",8.24992588184195,17.800074118158,2.23268743820707,0.116537234941967,0.0821944190241998
"LogRain","Scalar on function","T010",16.9349378557205,25.0650621442795,3.25327895668169,0.174921158715418,0.280478461547373
"LogRain","Scalar on function","T011",9.97100152396297,1.42899847603703,0.178155908779835,0.105740513052252,0.000469124734780647
"LogRain","Scalar on function","T012",17.9230892001464,-14.6230892001463,-1.93039277708405,0.202395901044375,0.118199520976859
"LogRain","Scalar on function","T013",11.0327602078082,-5.23276020780816,-0.644033793186201,0.0824180918858989,0.00465698713748001
"LogRain","Scalar on function","T014",3.04611112040499,-1.04611112040499,-0.134849361311205,0.163514655237651,0.000444330522318754
"LogRain","Scalar on function","T015",17.367583152721,3.73241684727898,0.482593788227248,0.168586037311725,0.00590306760244246
"LogRain","Scalar on function","T016",11.3305889689376,5.66941103106237,0.730563854547704,0.162933400720108,0.0129860324732801
"LogRain","Scalar on function","T017",5.72777208045667,6.07222791954334,0.766779764733207,0.128323518395208,0.0108193763966182
"LogRain","Scalar on function","T018",9.44019919145894,4.75980080854106,0.637683431267983,0.225595661206383,0.0148075512425261
"LogRain","Scalar on function","T019",5.23532204321226,-0.435322043212264,-0.0530284032293977,0.0632909753575974,2.37500318902065e-05
"LogRain","Scalar on function","T020",2.89049321191739,6.20950678808261,0.803563286006577,0.17000681410773,0.0165326315497765
"LogRain","Scalar on function","T021",3.48531862608536,7.01468137391464,0.888737727105716,0.134097184670855,0.0152900094667761
"LogRain","Scalar on function","T022",8.33609327669756,-5.33609327669756,-0.651553812490149,0.0677192194122887,0.00385456883761485
"LogRain","Scalar on function","T023",8.80899413329073,-4.60899413329073,-0.563988480479974,0.0717342425857174,0.00307259038437206
"LogRain","Scalar on function","T024",5.47522320163822,-1.37522320163822,-0.167797717868531,0.0663700642016323,0.00025019555065166
"LogRain","Scalar on function","T025",13.7188234714629,-2.81882347146293,-0.35985902732289,0.147152381035625,0.00279299828422007
"LogRain","Scalar on function","T026",4.44529589845042,0.854704101549576,0.105912551788417,0.0948153112802095,0.000146874415911478
"LogRain","Scalar on function","T027",6.81550852926287,-1.61550852926287,-0.197704743517938,0.0719212725227892,0.000378631495194572
"LogRain","Scalar on function","T028",7.23872209675389,11.3612779032461,1.41564700693675,0.104748818933965,0.0293105653573544
"LogRain","Scalar on function","T029",14.9933165483126,1.50668345168745,0.191225313559828,0.137113330293376,0.000726317813991368
"LogRain","Scalar on function","T030",6.94870244146977,1.37129755853023,0.17409462882765,0.137630978187256,0.000604649651880597
"LogRain","Scalar on function","T031",9.46160437869622,4.73839562130378,0.584102031158438,0.0852852329382926,0.0039762675188383
"LogRain","Scalar on function","T032",7.74482003525193,6.16517996474807,0.773734749522059,0.117514050914437,0.00996497504120338
"LogRain","Scalar on function","T033",17.5832967260941,-14.8832967260941,-1.92863319458373,0.17224942214169,0.0967536970212373
"LogRain","Scalar on function","T034",15.6114316502534,-12.2914316502534,-1.57502810363127,0.153496393435947,0.0562284343245294
"LogRain","Scalar on function","T035",12.0872211369038,5.5927788630962,0.70409131846337,0.123003614719622,0.00869136648160868
"LogRain","Scalar on function","T037",14.5054331121891,1.51456688781086,0.194098520371558,0.15368321787095,0.000855161134946639
"LogRain","Scalar on function","T038",7.50517125059535,-1.20517125059535,-0.148808157296217,0.0883155758985323,0.000268136700443481
"LogRain","Scalar on function","T039",10.8196874773253,-4.53968747732527,-0.568537386770463,0.113794704585708,0.00518818893236307
"LogRain","Scalar on function","T040",13.2220268709139,-10.7420268709139,-1.35803665536368,0.130339047522712,0.0345507572169469
"LogRain","Scalar on function","V001",12.015146236678,0.859853763322032,0.104222227866669,0.0539175757577701,7.7380601387182e-05
"LogRain","Scalar on function","V002",9.54847657299204,-4.59847657299204,-0.567025952829856,0.0858392531662063,0.00377380319974828
"LogRain","Scalar on function","V003",5.46968440458317,-3.34468440458317,-0.427183131787437,0.147915654867936,0.00395976814869717
"LogRain","Scalar on function","V004",12.4232983930121,-7.92329839301214,-0.975545586554562,0.0831097102369813,0.0107829984977257
"LogRain","Scalar on function","V005",9.19103621809131,-5.44103621809131,-0.658100654041787,0.0498786538590831,0.00284204078837802
"LogRain","Scalar on function","V006",4.84925880858308,-1.34925880858308,-0.166648198156485,0.0888502380144037,0.000338516691100802
"LogRain","Scalar on function","V007",13.3263301826401,-10.5875787056401,-1.3083896874166,0.0898361850301827,0.0211210727930197
"LogRain","Scalar on function","V008",8.67934083865411,-7.82227306658744,-0.975495530401166,0.106250392352008,0.0141408416488206
"LogRain","Scalar on function","V009",4.405392957988,-3.89864393395467,-0.487010874439723,0.109261314563561,0.00363666617576548
"LogRain","Scalar on function","V010",8.35433336189947,6.71432307835053,0.815540555340761,0.0578634968525463,0.00510613135733411
"LogRain","Scalar on function","V011",8.32788929055928,-0.411675285059283,-0.0498781542769685,0.0531322430734957,1.74501668634447e-05
"LogRain","Scalar on function","V012",6.00501663288492,-2.20471020063492,-0.268022058906568,0.0594921354324763,0.000567999845471378
"LogRain","Scalar on function","V013",8.31720238810767,-5.29785940992847,-0.645582928522924,0.0639538317337039,0.00355945402906757
"LogRain","Scalar on function","V014",8.78608193606456,-8.32608193606456,-1.02732155910381,0.0870036462592081,0.012571619510353
"LogRain","Scalar on function","V015",5.83188636813283,-5.62390300680173,-0.687283919888759,0.0693127494307956,0.00439735715700886
"LogRain","Scalar on function","V016",8.33171713170919,-5.33171713170919,-0.66471947167756,0.105752188891068,0.00653158065502917
"LogRain","Scalar on function","V017",10.1267207774251,-6.7267207774251,-0.833382312285334,0.094436872707129,0.0090536027919658
"LogRain","Scalar on function","V018",10.9004085313233,8.99959146867672,1.14451162123954,0.140579589273588,0.0267834817545829
"LogRain","Scalar on function","V019",2.88298489148957,-2.42812135055185,-0.311849158143443,0.157340521621659,0.00226980025482639
"LogRain","Scalar on function","V020",8.48730806702632,-7.87243104243124,-0.976480408386212,0.0965769884169724,0.0127414716293141
"LogRain","Scalar on function","V021",10.4364840836984,-7.70675705640115,-0.969693177914966,0.12203916337492,0.0163381459568902
"LogRain","Scalar on function","V022",3.10789227864534,-2.84892813521905,-0.354903941910506,0.104342784580032,0.00183422349749903
"LogRain","Scalar on function","V023",3.93626178859647,-3.93626178859647,-0.485967067056154,0.0880841648984402,0.00285145666144413
"LogRain","Scalar on function","V024",4.69837359268464,-0.656457425019971,-0.0805339442282564,0.076460070114226,6.71192302138493e-05
"LogRain","Scalar on function","V025",5.23532204321226,-3.5187551769448,-0.428634320953915,0.0632909753575974,0.00155174724004226
"LogRain","Scalar on function","V026",4.54253465865936,-1.86253465865936,-0.233838520331987,0.118185767399932,0.000916073240049118
"LogRain","Scalar on function","V027",2.79706913532979,-1.18706913532979,-0.149309716096083,0.121429991869157,0.000385155181396272
"LogRain","Scalar on function","V028",9.93508474304485,4.0328690786112,0.526619314992796,0.184854442589481,0.00786137126728092
"LogRain","Scalar on function","V029",14.0703771144351,10.4618681084948,1.39016912988409,0.21280253432366,0.0653037922996779
"LogRain","Scalar on function","V030",5.33274602986628,1.51356135536326,0.188461425838084,0.103489040601641,0.00051249981849612
"LogRain","Scalar on function","V031",7.74482003525193,5.59849333800156,0.702615149168085,0.117514050914437,0.00821726002675617
"LogRain","Scalar on function","V032",6.16891026864917,-1.32891026864917,-0.164781259365695,0.0959838984421966,0.000360369367615607
"LogRain","Scalar on function","V033",3.82516998381622,2.49483001618378,0.314758440970719,0.126772032553275,0.00179787958445715
"Tmax","Broad intervals","T001",9.27795691376153,3.87204308623847,0.514536313745612,0.160891027562689,0.00423023287500652
"Tmax","Broad intervals","T002",10.6695025453762,-9.39950254537623,-1.3411285076472,0.272154811692557,0.0560449574858209
"Tmax","Broad intervals","T003",11.6376734492466,3.15232655075338,0.401526794801086,0.0867211511961697,0.0012757613850918
"Tmax","Broad intervals","T004",4.94343471643053,3.18656528356948,0.426267346067249,0.171959508361431,0.00314454275731618
"Tmax","Broad intervals","T005",12.9242360510344,30.3557639489656,3.95262627658232,0.126061461368357,0.187798321841547
"Tmax","Broad intervals","T006",10.6123613390924,-3.02236133909243,-0.393082013298996,0.124015360118669,0.0018229052058529
"Tmax","Broad intervals","T007",12.3109315643039,-1.58093156430392,-0.202619602644793,0.0979444428473742,0.000371473798235587
"Tmax","Broad intervals","T008",15.2318282054991,16.1881717945009,2.09245661177462,0.113144731439473,0.0465493115566777
"Tmax","Broad intervals","T009",17.0778867211176,8.97211327888238,1.30387809834986,0.298406463208816,0.0602580926063027
"Tmax","Broad intervals","T010",17.5572487929333,24.4427512070667,3.26981422248457,0.1720119258394,0.185097003330229
"Tmax","Broad intervals","T011",16.7917490933192,-5.39174909331919,-0.711342586550682,0.14872125009528,0.00736677843876131
"Tmax","Broad intervals","T012",6.41938445603382,-3.11938445603382,-0.416772658382798,0.169940104798856,0.00296349121903356
"Tmax","Broad intervals","T013",4.54905056821146,1.25094943178854,0.18698921172521,0.336842828128981,0.00148000332063042
"Tmax","Broad intervals","T014",4.98396778982981,-2.98396778982981,-0.400948350292998,0.179305611538717,0.00292690100162306
"Tmax","Broad intervals","T015",14.5154902245963,6.58450977540373,0.889049448731779,0.187234756471822,0.0151737154174791
"Tmax","Broad intervals","T016",17.7602118377796,-0.76021183777959,-0.100091384182252,0.145236577034082,0.000141854206798902
"Tmax","Broad intervals","T017",7.39726125711973,4.40273874288027,0.593185577492189,0.18372832180608,0.0065999599517443
"Tmax","Broad intervals","T018",8.10631351308253,6.09368648691747,0.845580203202621,0.230478667654699,0.0178458993134226
"Tmax","Broad intervals","T019",5.19932676661996,-0.399326766619959,-0.0512290847398245,0.0996866009672297,2.42155881676181e-05
"Tmax","Broad intervals","T020",3.52397477060511,5.57602522939489,0.739635781568631,0.157861159062783,0.00854567099955424
"Tmax","Broad intervals","T021",3.93170750328851,6.56829249671149,0.921845339956586,0.24775570366324,0.0233238178432924
"Tmax","Broad intervals","T022",4.97405401210409,-1.97405401210409,-0.252835887769861,0.0967443431458413,0.000570572821083197
"Tmax","Broad intervals","T023",5.38144135397655,-1.18144135397655,-0.155720963113621,0.147095828435293,0.000348508226588378
"Tmax","Broad intervals","T024",6.64677222749153,-2.54677222749153,-0.330253828406918,0.118840449147654,0.00122581295582245
"Tmax","Broad intervals","T025",12.9962535246485,-2.09625352464848,-0.290606178623858,0.229011343528584,0.00209043875162023
"Tmax","Broad intervals","T026",0.363075097748218,4.93692490225178,0.672273270676176,0.200917871801061,0.00946972994480546
"Tmax","Broad intervals","T027",5.43315113694335,-0.233151136943345,-0.0303533559732964,0.12575791554805,1.10442392408511e-05
"Tmax","Broad intervals","T028",16.8333995716126,1.76660042838738,0.24981660601474,0.259024037999817,0.00181801437007213
"Tmax","Broad intervals","T029",11.6564419301034,4.84355806989657,0.648830697913368,0.174273339260368,0.00740416653304955
"Tmax","Broad intervals","T030",12.6864232854079,-4.36642328540793,-0.600443776300819,0.21643137612175,0.00829863441311464
"Tmax","Broad intervals","T031",12.4388242140023,1.76117578599768,0.232431529998345,0.149282447290155,0.000790009272047162
"Tmax","Broad intervals","T032",10.3515084620421,3.55849153795791,0.464367835267954,0.129882951594532,0.0026823626069875
"Tmax","Broad intervals","T033",11.0882003382031,-8.38820033820308,-1.1401401788577,0.197969006430126,0.0267387627107139
"Tmax","Broad intervals","T034",9.78783044840349,-6.46783044840349,-0.919880679516546,0.26747184381324,0.0257475255546863
"Tmax","Broad intervals","T035",8.31384189053116,9.36615810946884,1.22071331456292,0.127700405629081,0.0181791144260671
"Tmax","Broad intervals","T037",15.9190607512055,0.10093924879451,0.0132692182983638,0.142568325586734,2.43968051749786e-06
"Tmax","Broad intervals","T038",13.2686256873212,-6.96862568732122,-0.928737870291714,0.165784933132444,0.0142847318545581
"Tmax","Broad intervals","T039",10.5481152798406,-4.26811527984058,-0.59162392979428,0.228828657702434,0.00865505333518096
"Tmax","Broad intervals","T040",6.50944370892352,-4.02944370892352,-0.523404407904538,0.121816043765075,0.00316674065521289
"Tmax","Broad intervals","V001",14.1271741790052,-1.25217417900518,-0.159471812933932,0.0864513313945112,0.000200551822940139
"Tmax","Broad intervals","V002",7.29839025548028,-2.34839025548028,-0.305126016381852,0.122287819998167,0.00108095673051488
"Tmax","Broad intervals","V003",0.684560448751929,1.44043955124807,0.195511114299192,0.195701539675932,0.000775065955343664
"Tmax","Broad intervals","V004",13.3583737265274,-8.85837372652738,-1.14319895754777,0.110318782430322,0.0135044664837592
"Tmax","Broad intervals","V005",-2.10120733263184,5.85120733263184,0.79892766741229,0.205221489832256,0.0137344223049238
"Tmax","Broad intervals","V006",7.46463310300868,-3.96463310300868,-0.55093293519782,0.232676324491026,0.00766990211701681
"Tmax","Broad intervals","V007",14.356644791325,-11.617893314325,-1.50950197852709,0.122277040142351,0.026452918004146
"Tmax","Broad intervals","V008",3.04031847548461,-2.18325070341794,-0.285634205265121,0.134321056902388,0.00105493676568873
"Tmax","Broad intervals","V009",8.67564868068635,-8.16889965665301,-1.12246170284452,0.215208804245202,0.02879172799449
"Tmax","Broad intervals","V010",16.0184166058769,-0.949760165626912,-0.124514845630731,0.137903868405708,0.00020667206344508
"Tmax","Broad intervals","V011",6.56578736905254,1.35042663644746,0.176371104741626,0.131325276426723,0.000391890524921109
"Tmax","Broad intervals","V012",10.8384515527899,-7.03814512053987,-0.960448206945491,0.2043197130035,0.0197395989798175
"Tmax","Broad intervals","V013",7.51188844015934,-4.49254546198014,-0.591356781983221,0.144823296469693,0.00493515145130745
"Tmax","Broad intervals","V014",10.5705217636746,-10.1105217636746,-1.31777075491182,0.127757044652811,0.021195607588294
"Tmax","Broad intervals","V015",-0.410342074442885,0.618325435773978,0.081795206466198,0.153262912488417,0.000100916679356207
"Tmax","Broad intervals","V016",5.90437575392665,-2.90437575392665,-0.390037229096334,0.178394109670153,0.00275263004031406
"Tmax","Broad intervals","V017",14.6934402575608,-11.2934402575608,-1.49400968280514,0.153326909108567,0.033684352386944
"Tmax","Broad intervals","V018",3.44110097403378,16.4588990259662,2.28885001302818,0.233809158115289,0.133222624337771
"Tmax","Broad intervals","V019",7.09452785748728,-6.63966431654956,-0.906971017290683,0.205899458887982,0.0177740044941998
"Tmax","Broad intervals","V020",5.76591260330625,-5.15103557871117,-0.687801285194888,0.168938435517467,0.00801382751552878
"Tmax","Broad intervals","V021",17.6257461266922,-14.8960190993949,-1.99746567543295,0.175953242695681,0.0709941925999297
"Tmax","Broad intervals","V022",6.75870217275842,-6.49973802933212,-0.860156861352003,0.1539296929834,0.0112173435075395
"Tmax","Broad intervals","V023",2.8090138663949,-2.8090138663949,-0.376765068646082,0.176361633923824,0.00253295550605948
"Tmax","Broad intervals","V024",3.70488860502853,0.337027562636142,0.0435128676502883,0.11107424010758,1.97152380184763e-05
"Tmax","Broad intervals","V025",5.04007123005441,-3.32350436378694,-0.426377047236766,0.0997255284665308,0.0016781771380903
"Tmax","Broad intervals","V026",5.92318795523484,-3.24318795523484,-0.422316987598769,0.126149380341434,0.00214557539090602
"Tmax","Broad intervals","V027",2.58211386976638,-0.97211386976638,-0.129684174903041,0.167411560203368,0.000281804411662303
"Tmax","Broad intervals","V028",10.4533658118835,3.51458800977257,0.460336043636368,0.136288010077857,0.00278648954366391
"Tmax","Broad intervals","V029",13.8648638450795,10.6673813778505,1.42096492268755,0.164937476024144,0.0332342451507569
"Tmax","Broad intervals","V030",10.533623887332,-3.68731650210245,-0.478803614550174,0.12122831008069,0.00263549130804491
"Tmax","Broad intervals","V031",10.4103619617047,2.93295141154882,0.383575662514479,0.133681252100726,0.00189196733171582
"Tmax","Broad intervals","V032",5.36558476223524,-0.525584762235236,-0.0681932749980481,0.119817966826737,5.27535021722098e-05
"Tmax","Broad intervals","V033",4.36370353884986,1.95629646115014,0.273105931823515,0.239713749520618,0.00195973265184493
"Tmax","Scalar on function","T001",11.3828744048109,1.76712559518912,0.212006830013234,0.137201952714808,0.000893430669446255
"Tmax","Scalar on function","T002",10.4931834687786,-9.22318346877857,-1.17403280370491,0.233565129155297,0.0525053097072464
"Tmax","Scalar on function","T003",10.8089625696756,3.9810374303244,0.464517021422776,0.0878562633043344,0.00259790176973624
"Tmax","Scalar on function","T004",11.2276587270264,-3.09765872702637,-0.364744471177175,0.10429762203101,0.0019364136153115
"Tmax","Scalar on function","T005",11.4280893358899,31.8519106641101,3.69106267400155,0.0752120492773248,0.13850265909106
"Tmax","Scalar on function","T006",9.15921865703419,-1.56921865703419,-0.182930789856668,0.0861659616754717,0.00039441374471877
"Tmax","Scalar on function","T007",10.6434685284948,0.0865314715051926,0.0100996108888568,0.0883819444886369,1.23614646371027e-06
"Tmax","Scalar on function","T008",10.9439467341203,20.4760532658797,2.36209933830551,0.0668097145870264,0.0499316291472052
"Tmax","Scalar on function","T009",11.9860032417133,14.0639967582867,1.78745355350166,0.231184717237811,0.120092713408473
"Tmax","Scalar on function","T010",9.88247047920714,32.1175295207929,3.78130293127846,0.104067388545901,0.207602350977677
"Tmax","Scalar on function","T011",11.8415925967991,-0.441592596799119,-0.0514388386926942,0.0847593914235634,3.06298501395917e-05
"Tmax","Scalar on function","T012",11.0727473096325,-7.7727473096325,-0.905111261404964,0.0841608912531203,0.00941033514057374
"Tmax","Scalar on function","T013",6.847781246814,-1.047781246814,-0.139312334542637,0.297516503081159,0.00102745802325601
"Tmax","Scalar on function","T014",9.33273971062255,-7.33273971062255,-0.870213836346968,0.118231472874984,0.0126923046518417
"Tmax","Scalar on function","T015",11.1212331824416,9.97876681755839,1.18878535465429,0.12497415648618,0.0252299412656009
"Tmax","Scalar on function","T016",12.2770605907756,4.72293940922443,0.563028769231138,0.126148575693894,0.00572026224333587
"Tmax","Scalar on function","T017",9.95612236608416,1.84387763391584,0.216841570700355,0.102047988561362,0.000667953797332881
"Tmax","Scalar on function","T018",5.63246853842317,8.56753146157683,1.07234486536913,0.207286076586994,0.0375865627216992
"Tmax","Scalar on function","T019",6.60482126954056,-1.80482126954056,-0.20778379298247,0.0630442409807716,0.000363127958548335
"Tmax","Scalar on function","T020",3.15631794218963,5.94368205781037,0.704881590200639,0.117016013309335,0.00823066298397666
"Tmax","Scalar on function","T021",2.61736455707383,7.88263544292617,1.00217814724058,0.231706692767988,0.0378626841559571
"Tmax","Scalar on function","T022",7.57163218938072,-4.57163218938072,-0.528533308830627,0.0708798835987948,0.00266382610219864
"Tmax","Scalar on function","T023",8.23518395593046,-4.03518395593046,-0.471008524412295,0.0885283488114856,0.00269343652814557
"Tmax","Scalar on function","T024",7.03106407349571,-2.93106407349571,-0.339405258113901,0.0738368104335496,0.00114797533597316
"Tmax","Scalar on function","T025",5.04018757521811,5.85981242478189,0.710818700184208,0.156036308777611,0.0116769550243904
"Tmax","Scalar on function","T026",6.10337549850465,-0.803375498504646,-0.0939829383684247,0.0925699639256218,0.000112632829736194
"Tmax","Scalar on function","T027",7.64119321827356,-2.44119321827356,-0.283845207263674,0.0814237715808527,0.000892707445700931
"Tmax","Scalar on function","T028",7.67719782816549,10.9228021718345,1.33230508253115,0.165291587651954,0.0439372977312727
"Tmax","Scalar on function","T029",9.12207496905588,7.37792503094412,0.857839143063659,0.0813908197035034,0.00815016446030655
"Tmax","Scalar on function","T030",13.9700125910099,-5.65001259100986,-0.665877884262694,0.105904985777829,0.00656495763784417
"Tmax","Scalar on function","T031",10.7629430879471,3.43705691205285,0.405546015652605,0.107995197480234,0.0024890151570275
"Tmax","Scalar on function","T032",8.91824662311771,4.99175337688229,0.576200658304127,0.0679638348780088,0.00302623482735963
"Tmax","Scalar on function","T033",8.36651451608804,-5.66651451608804,-0.686344237329547,0.15350957147756,0.0106784299685889
"Tmax","Scalar on function","T034",15.6275059919831,-12.3075059919831,-1.4878719220358,0.150265915241631,0.0489348826457926
"Tmax","Scalar on function","T035",8.45673709784695,9.22326290215305,1.07846379205234,0.0916942527815102,0.014676794192549
"Tmax","Scalar on function","T037",13.9576656265782,2.06233437342183,0.24595861301308,0.126891706165767,0.00109900383241678
"Tmax","Scalar on function","T038",7.73736211606722,-1.43736211606722,-0.169231501519492,0.104132056853443,0.000416114528079144
"Tmax","Scalar on function","T039",10.6083052078455,-4.32830520784549,-0.521278981715248,0.143811580171212,0.00570525355403108
"Tmax","Scalar on function","T040",8.06119124336903,-5.58119124336903,-0.658946085681883,0.109101829543302,0.00664681734250001
"Tmax","Scalar on function","V001",10.3288331884139,2.54616681158608,0.294438100312289,0.0713336365347463,0.000832401158749431
"Tmax","Scalar on function","V002",8.92607485779486,-3.97607485779486,-0.457330230228951,0.0613075850436429,0.00170750008268172
"Tmax","Scalar on function","V003",4.74212547676764,-2.61712547676764,-0.318209315573412,0.159965089245996,0.00241025875701283
"Tmax","Scalar on function","V004",11.635931945157,-7.13593194515699,-0.839859070531566,0.103474619525237,0.0101763982892801
"Tmax","Scalar on function","V005",8.32905546353914,-4.57905546353914,-0.531571536732788,0.0784850297624443,0.00300827740824522
"Tmax","Scalar on function","V006",4.81162789144296,-1.31162789144296,-0.159951600986593,0.164939141774784,0.000631673705107603
"Tmax","Scalar on function","V007",11.5448301370563,-8.80607866005632,-1.03689011322609,0.104277099627953,0.015645546780201
"Tmax","Scalar on function","V008",8.70909039782761,-7.85202262576094,-0.914744960276866,0.0849663664766727,0.00971225446857775
"Tmax","Scalar on function","V009",4.88596015333795,-4.37921112930462,-0.525246170044177,0.136743210734378,0.0054626273144766
"Tmax","Scalar on function","V010",10.2813713150274,4.7872851252226,0.554074954798614,0.0729234989282918,0.00301855419582679
"Tmax","Scalar on function","V011",8.15605285744707,-0.239838851947071,-0.0281613026784871,0.0992430614727113,1.09221473353165e-05
"Tmax","Scalar on function","V012",5.07029183667986,-1.26998540442986,-0.152255968601702,0.135981920112828,0.000456054772490387
"Tmax","Scalar on function","V013",11.5635030348896,-8.5441600567104,-1.01139265443928,0.113715438563077,0.0164057409487671
"Tmax","Scalar on function","V014",9.57651606384093,-9.11651606384094,-1.06810978953826,0.0953094876604618,0.0150237346073284
"Tmax","Scalar on function","V015",6.05040120384412,-5.84241784251303,-0.683720857340993,0.0932207060522413,0.00600728814048401
"Tmax","Scalar on function","V016",10.4153673201257,-7.41536732012574,-0.859992973120149,0.076685713092718,0.00767829375246003
"Tmax","Scalar on function","V017",11.3628825968646,-7.96288259686464,-0.927211268392764,0.0840806228154408,0.00986520439879581
"Tmax","Scalar on function","V018",7.78968022729661,12.1103197727034,1.43886951266195,0.120284135375409,0.0353849642451101
"Tmax","Scalar on function","V019",9.31440135403484,-8.85953781309713,-1.05337345181756,0.12152093028956,0.0191864407658897
"Tmax","Scalar on function","V020",11.0681052672416,-10.4532282426465,-1.21487701101069,0.0805878005207661,0.0161708810230383
"Tmax","Scalar on function","V021",12.2172833448901,-9.48755631759279,-1.11948693260518,0.108041393601707,0.018975513937347
"Tmax","Scalar on function","V022",6.50586142481881,-6.24689728139251,-0.7249235272728,0.0778143423609755,0.00554288273476981
"Tmax","Scalar on function","V023",5.70067315418261,-5.70067315418261,-0.662090998849823,0.0793576694091751,0.00472327623638137
"Tmax","Scalar on function","V024",6.26521875361904,-2.22330258595437,-0.255652174343511,0.0607694973045533,0.000528594268736367
"Tmax","Scalar on function","V025",6.44677395290463,-4.73020708663716,-0.544557808190114,0.062985409738675,0.0024916761646884
"Tmax","Scalar on function","V026",5.03777379097737,-2.35777379097737,-0.2765210346166,0.0971368060293758,0.00102831987456065
"Tmax","Scalar on function","V027",2.94033945466012,-1.33033945466012,-0.156327508530316,0.100651211866773,0.000341878413746041
"Tmax","Scalar on function","V028",11.1551523621771,2.81280145947896,0.338606353637937,0.143037189664089,0.002392143411191
"Tmax","Scalar on function","V029",14.3368416100881,10.1954036128419,1.22835752586425,0.144473851213613,0.0318504488339241
"Tmax","Scalar on function","V030",8.92075110747147,-2.07444372224193,-0.239502191004944,0.0683380543005718,0.000525936421710574
"Tmax","Scalar on function","V031",8.71952916043758,4.62378421281591,0.534059475830502,0.069128167594618,0.00264761247882077
"Tmax","Scalar on function","V032",11.2734525970311,-6.43345259703111,-0.745848757720099,0.0760239951177817,0.00572138996349859
"Tmax","Scalar on function","V033",7.56553389495511,-1.24553389495511,-0.147156381962094,0.110334147297886,0.000335699919732418
"RH","Broad intervals","T001",4.18527660346508,8.96472339653492,1.19279840887768,0.139268639291776,0.0191839733231302
"RH","Broad intervals","T002",8.32023418757348,-7.05023418757348,-1.16503407994803,0.441969716850038,0.0895840636177018
"RH","Broad intervals","T003",12.6848805930943,2.10511940690574,0.273445683516883,0.0968928796692069,0.000668518600524217
"RH","Broad intervals","T004",4.45247122489051,3.67752877510949,0.490230050458839,0.142487931129809,0.00332779413782872
"RH","Broad intervals","T005",12.9185972780193,30.3614027219807,3.93705833228292,0.0937919686481848,0.133690392267963
"RH","Broad intervals","T006",12.01663846612,-4.42663846612003,-0.580090423230239,0.112671038773492,0.00356071969860723
"RH","Broad intervals","T007",10.1773256429991,0.552674357000867,0.071473631914927,0.0888814943805725,4.15285661585817e-05
"RH","Broad intervals","T008",14.9766125968048,16.4433874031952,2.13000272067323,0.0918654429843371,0.0382455615363044
"RH","Broad intervals","T009",16.2930300963485,9.75696990365149,1.30820165584412,0.15236577773624,0.0256358128978142
"RH","Broad intervals","T010",23.2566130752217,18.7433869247783,2.64467799296052,0.234617586324379,0.178667861835073
"RH","Broad intervals","T011",15.5652941818818,-4.1652941818818,-0.582975218244868,0.222108344417335,0.0080865765745122
"RH","Broad intervals","T012",14.8634821149275,-11.5634821149275,-1.62681831189472,0.230112794598499,0.0659189867336786
"RH","Broad intervals","T013",4.0015485358818,1.7984514641182,0.24007187182369,0.144848962399279,0.000813530562021029
"RH","Broad intervals","T014",5.63801265482569,-3.63801265482569,-0.498465989148285,0.18831917002068,0.00480395641952629
"RH","Broad intervals","T015",13.6698093809044,7.43019061909556,1.02777226641454,0.203594843838209,0.0225032505039177
"RH","Broad intervals","T016",16.0286520472025,0.97134795279753,0.131837308159465,0.172818248099996,0.000302610547488356
"RH","Broad intervals","T017",3.82511709293377,7.97488290706623,1.13476896429176,0.247404404578065,0.0352760059906559
"RH","Broad intervals","T018",13.6782341533187,0.521765846681279,0.0778901494018317,0.31622351231473,0.00023381039882221
"RH","Broad intervals","T019",4.53210654659156,0.267893453408436,0.0349854647749666,0.106536435373774,1.21622902740026e-05
"RH","Broad intervals","T020",3.60571358151047,5.49428641848953,0.753844682195074,0.190556051104452,0.0111485521222127
"RH","Broad intervals","T021",2.26444374416425,8.23555625583575,1.08687027901621,0.125100050990057,0.0140758060895572
"RH","Broad intervals","T022",10.8012038243311,-7.80120382433107,-1.04344144746018,0.148244349506863,0.0157913059108675
"RH","Broad intervals","T023",10.4376615615537,-6.23766156155368,-0.827968964737487,0.135144723639499,0.00892693814338081
"RH","Broad intervals","T024",4.87922995322006,-0.779229953220056,-0.101706756637417,0.105542712067904,0.000101715469268601
"RH","Broad intervals","T025",7.05018726732948,3.84981273267052,0.516630746246024,0.153851376409236,0.00404421266710905
"RH","Broad intervals","T026",3.63862170880376,1.66137829119624,0.226812041939473,0.182415241726554,0.000956487518872267
"RH","Broad intervals","T027",5.78313027547852,-0.583130275478522,-0.0760966313883316,0.105195299323511,5.6730641540637e-05
"RH","Broad intervals","T028",14.9706306191408,3.62936938085919,0.49524527115497,0.18163017430445,0.0045362587653841
"RH","Broad intervals","T029",14.6270748701087,1.87292512989126,0.258246257859339,0.198505216093386,0.00137644242754318
"RH","Broad intervals","T030",9.62217717011753,-1.30217717011753,-0.190340079572426,0.286806129974868,0.0012141156988089
"RH","Broad intervals","T031",12.7783300811091,1.42166991889089,0.186776669392876,0.117163590535868,0.00038581263306893
"RH","Broad intervals","T032",8.63216547922762,5.27783452077238,0.692958357921659,0.116055078382312,0.00525378108510041
"RH","Broad intervals","T033",7.47889466982293,-4.77889466982293,-0.619725258692802,0.0938826151974234,0.00331602552429993
"RH","Broad intervals","T034",10.3782782660411,-7.05827826604114,-0.979405594601742,0.208592189844589,0.0210688885831157
"RH","Broad intervals","T035",12.3061214778092,5.37387852219078,0.728411473291108,0.1706266523656,0.00909639068400724
"RH","Broad intervals","T037",14.2172046758457,1.80279532415431,0.237136173049431,0.119305725275575,0.00063481982323724
"RH","Broad intervals","T038",11.4578638401232,-5.15786384012318,-0.687972832265783,0.143504451171637,0.00660848019347505
"RH","Broad intervals","T039",12.2684479090198,-5.9884479090198,-0.810597116163646,0.168338907399329,0.0110832462405092
"RH","Broad intervals","T040",13.5212928451389,-11.0412928451389,-1.48529831767485,0.157945075733833,0.0344835367958021
"RH","Broad intervals","V001",13.9443354135665,-1.06933541356651,-0.1376770586351,0.0807520242360767,0.000138759474864579
"RH","Broad intervals","V002",10.5714813976846,-5.62148139768455,-0.745944782618858,0.134601505943576,0.00721216907116967
"RH","Broad intervals","V003",5.55487402457823,-3.42987402457823,-0.461715025403666,0.159115662133079,0.00336157988670779
"RH","Broad intervals","V004",12.3484828139884,-7.84848281398839,-1.01669955903043,0.0919409446148526,0.0087216547729818
"RH","Broad intervals","V005",0.727435675827702,3.0225643241723,0.401431081027729,0.136112768825309,0.0021158387055032
"RH","Broad intervals","V006",8.3501269381167,-4.8501269381167,-0.708081014243431,0.285062213312654,0.0166592733744584
"RH","Broad intervals","V007",15.1002130131224,-12.3614615361224,-1.60357225813689,0.094495702433981,0.0223623460872039
"RH","Broad intervals","V008",6.46407594580708,-5.60700817374042,-0.736483474733976,0.116789332048628,0.0059770052262004
"RH","Broad intervals","V009",10.8599224227732,-10.3531733987399,-1.4101689186828,0.178641719292348,0.0360421990086323
"RH","Broad intervals","V010",17.7808937828345,-2.71223734258455,-0.35855792234696,0.128104015253796,0.00157411139951293
"RH","Broad intervals","V011",5.50952350414034,2.40669050135966,0.315871665999691,0.115399691255946,0.00108467006924794
"RH","Broad intervals","V012",9.52343749106778,-5.72313105881778,-0.771589021430788,0.161654101196653,0.00956652732598457
"RH","Broad intervals","V013",3.61204490812286,-0.592701929943652,-0.0782593644025119,0.125966676708787,7.35561632024211e-05
"RH","Broad intervals","V014",8.86281195759561,-8.40281195759561,-1.13962785340335,0.171578960879166,0.022415982437051
"RH","Broad intervals","V015",-2.54965448793079,2.75763784926188,0.378774265462355,0.192316010699195,0.00284677832798971
"RH","Broad intervals","V016",8.07260008281956,-5.07260008281956,-0.692886982886347,0.183296559966535,0.0089791140584896
"RH","Broad intervals","V017",15.9463282713639,-12.5463282713639,-1.70940781936682,0.179138548080346,0.0531409501061277
"RH","Broad intervals","V018",5.83037098676721,14.0696290132328,2.04170040717236,0.276382265069164,0.132679477984737
"RH","Broad intervals","V019",3.37513459961811,-2.92027105868039,-0.444312002730756,0.341738919098057,0.00854065360312002
"RH","Broad intervals","V020",1.91726061113065,-1.30238358653557,-0.179654932971134,0.199193708870884,0.000669029378225426
"RH","Broad intervals","V021",12.5092439573516,-9.77951693005429,-1.38143774316835,0.23633987966135,0.0492173569154158
"RH","Broad intervals","V022",4.27402989183011,-4.01506574840382,-0.566076288837887,0.233409671821345,0.00813062993064629
"RH","Broad intervals","V023",0.889636341083433,-0.889636341083433,-0.123367370783812,0.207585610908894,0.000332249446075749
"RH","Broad intervals","V024",2.0623904758563,1.97952569180837,0.262261997201534,0.131880527313896,0.000870744338326924
"RH","Broad intervals","V025",4.52527098022077,-2.8087041139533,-0.366824031676733,0.106644404401822,0.00133859138196044
"RH","Broad intervals","V026",3.83804272583636,-1.15804272583636,-0.153486635348879,0.132566930322023,0.000300026151067594
"RH","Broad intervals","V027",2.97691352708908,-1.36691352708908,-0.187726465259896,0.19209737750673,0.000698284139278397
"RH","Broad intervals","V028",8.989189752107,4.97876406954905,0.660115770095313,0.13317621815451,0.00557898032981739
"RH","Broad intervals","V029",12.5699052090857,11.9623400138443,1.63097795103931,0.180282803653198,0.0487534317593273
"RH","Broad intervals","V030",6.98799053873465,-0.14168315350511,-0.0187088505390945,0.126083057735071,4.20823068482227e-06
"RH","Broad intervals","V031",8.64454622600677,4.69876714724672,0.616940875500072,0.116088677337126,0.004165690604593
"RH","Broad intervals","V032",9.27538123366145,-4.43538123366145,-0.590085348729244,0.139085174407549,0.00468779994851275
"RH","Broad intervals","V033",3.80495555910958,2.51504444089042,0.342284457154022,0.177293534381902,0.0021039775364093
"RH","Scalar on function","T001",9.20619436006805,3.94380563993195,0.474098023702472,0.0944268996004995,0.00292966875769621
"RH","Scalar on function","T002",10.0526586297735,-8.78265862977353,-1.26024167645092,0.364415751358098,0.113826059950973
"RH","Scalar on function","T003",12.5513019625706,2.23869803742942,0.268735880155805,0.0918271318264103,0.000912775173708593
"RH","Scalar on function","T004",10.627802505146,-2.49780250514598,-0.298968047321571,0.0865275792069243,0.00105832407714258
"RH","Scalar on function","T005",10.4886952109168,32.7913047890832,3.88902853351907,0.0696123591337743,0.141453823686884
"RH","Scalar on function","T006",10.5181779146778,-2.92817791467783,-0.349836184703567,0.0831585033229039,0.00138756032001259
"RH","Scalar on function","T007",8.73917142297541,1.99082857702459,0.237898886888582,0.0835438115265384,0.000644907473940074
"RH","Scalar on function","T008",12.0675872949779,19.3524127050221,2.28759449003034,0.0634284815916002,0.0443007894069845
"RH","Scalar on function","T009",10.3341025192805,15.7158974807195,1.93218066805365,0.134211715025629,0.072340948567199
"RH","Scalar on function","T010",14.7574950256006,27.2425049743994,3.39791897401625,0.158804701824181,0.272459885825649
"RH","Scalar on function","T011",8.17272494759703,3.22727505240297,0.389934697179169,0.103568735377662,0.00219586407740317
"RH","Scalar on function","T012",17.2881898381318,-13.9881898381318,-1.76842565848683,0.181199279604336,0.0865091169115967
"RH","Scalar on function","T013",10.5159026933426,-4.71590269334262,-0.56181853389144,0.0779247976220781,0.00333435224764998
"RH","Scalar on function","T014",7.6973452776898,-5.6973452776898,-0.708224960051938,0.153101392817853,0.011334443271833
"RH","Scalar on function","T015",16.1447969101726,4.95520308982735,0.62027524924637,0.164814761557394,0.00949056818219668
"RH","Scalar on function","T016",12.1888608113157,4.81113918868428,0.600273971620959,0.159329875119606,0.00853651562311416
"RH","Scalar on function","T017",4.25527078994782,7.54472921005218,0.948226893914369,0.171501793794315,0.0232654600620444
"RH","Scalar on function","T018",6.89269803164335,7.30730196835665,0.927353927578162,0.187446671218877,0.0247985851179611
"RH","Scalar on function","T019",5.24884930485282,-0.448849304852819,-0.0531083922295385,0.0652325059436861,2.4603493733815e-05
"RH","Scalar on function","T020",0.248086671161609,8.85191332883839,1.0984405503878,0.150134914420073,0.0266437187204077
"RH","Scalar on function","T021",6.18197216455689,4.31802783544311,0.515480345482041,0.0817193153569798,0.0029558575802295
"RH","Scalar on function","T022",9.97205118909089,-6.97205118909089,-0.840839420181248,0.100245967086572,0.00984644023243989
"RH","Scalar on function","T023",10.3503856475286,-6.15038564752862,-0.739576774957176,0.0949616895574824,0.00717394448492643
"RH","Scalar on function","T024",5.4710953120126,-1.3710953120126,-0.162441899719831,0.0676736296968244,0.000239418461177965
"RH","Scalar on function","T025",6.61012944117354,4.28987055882646,0.517588940961918,0.101025867465747,0.00376327003794339
"RH","Scalar on function","T026",8.60895768486935,-3.30895768486935,-0.403048708731454,0.117944008052617,0.00271521865539027
"RH","Scalar on function","T027",7.51976710126122,-2.31976710126122,-0.275482211682292,0.0720374621881178,0.00073641918775736
"RH","Scalar on function","T028",7.28575292684431,11.3142470731557,1.36344305954859,0.0988312948889014,0.0254842823445676
"RH","Scalar on function","T029",14.5851373455349,1.9148626544651,0.23506410138841,0.131576763362019,0.00104647870554334
"RH","Scalar on function","T030",7.26963034411221,1.05036965588779,0.128902877459731,0.131063769408892,0.000313278063573106
"RH","Scalar on function","T031",12.4560764653284,1.74392353467158,0.210747839227719,0.103898071223561,0.000643704206739216
"RH","Scalar on function","T032",7.96891049097106,5.94108950902894,0.712331491076189,0.0896745205522914,0.00624808121986291
"RH","Scalar on function","T033",11.2748030123314,-8.5748030123314,-1.01724827177128,0.0701279835383955,0.00975510857521373
"RH","Scalar on function","T034",15.4291208551599,-12.1091208551599,-1.48092026303001,0.125035017216581,0.0391754821199067
"RH","Scalar on function","T035",13.0498174416323,4.63018255836773,0.562929915525491,0.114647194669837,0.00512939017005113
"RH","Scalar on function","T037",10.7902268974733,5.2297731025267,0.635583777656499,0.113969070941709,0.00649521821969925
"RH","Scalar on function","T038",9.33861981812634,-3.03861981812634,-0.36494907544966,0.0927708573861261,0.00170242946160312
"RH","Scalar on function","T039",13.2458390191633,-6.96583901916329,-0.857234455389064,0.135875286116777,0.0144435282676643
"RH","Scalar on function","T040",12.7412723806302,-10.2612723806302,-1.262806550922,0.135912792858846,0.0313535287668836
"RH","Scalar on function","V001",12.4820245291197,0.392975470880345,0.0465854550890405,0.0687656287608546,2.00319449976269e-05
"RH","Scalar on function","V002",10.6688506715906,-5.71885067159058,-0.674689688919878,0.0597612125757105,0.00361659099709165
"RH","Scalar on function","V003",7.30703590759096,-5.18203590759096,-0.627335033930255,0.107042994880889,0.0058970770085518
"RH","Scalar on function","V004",10.4860323922365,-5.98603239223647,-0.717124399808501,0.0881615059899778,0.00621527128798331
"RH","Scalar on function","V005",8.01893777336095,-4.26893777336095,-0.506257485731864,0.0694803927319091,0.0023921569187231
"RH","Scalar on function","V006",4.17635290925396,-0.676352909253959,-0.0848964776048984,0.169391869844704,0.000183732396753092
"RH","Scalar on function","V007",12.3066962367884,-9.56794475978836,-1.14952010529532,0.0933639756024734,0.0170094206354235
"RH","Scalar on function","V008",9.92538846331387,-9.0683206912472,-1.08007635503638,0.0774846126261723,0.012247875909627
"RH","Scalar on function","V009",6.33560753342571,-5.82885850939238,-0.705579432077751,0.106891962744855,0.00744805528876712
"RH","Scalar on function","V010",9.86912255781898,5.19953388243102,0.611517498992741,0.0538938995745055,0.0026627326119136
"RH","Scalar on function","V011",8.48274991825132,-0.56653591275132,-0.0670870984172301,0.0667335175102771,4.02278089124248e-05
"RH","Scalar on function","V012",5.59810395284419,-1.79779752059419,-0.216624980980081,0.098650390209304,0.000641996441096366
"RH","Scalar on function","V013",9.24721233981963,-6.22786936164043,-0.742900615429712,0.0802996583696462,0.00602335970172944
"RH","Scalar on function","V014",8.28018493063903,-7.82018493063903,-0.956334135501058,0.124928525527801,0.0163210244691145
"RH","Scalar on function","V015",4.91507955417007,-4.70709619283897,-0.569305649448613,0.105368973114677,0.0047716633050675
"RH","Scalar on function","V016",11.0527224405353,-8.05272244053526,-0.96296346402457,0.0848450423635482,0.0107463620160652
"RH","Scalar on function","V017",11.888245363852,-8.48824536385199,-1.02138320925043,0.0961690318365035,0.0138750790964165
"RH","Scalar on function","V018",11.5429345020112,8.35706549798879,1.03618244885495,0.148736633589887,0.0234496562178303
"RH","Scalar on function","V019",2.50230841731523,-2.04744487637751,-0.264098243455466,0.213457477539307,0.00236608425040158
"RH","Scalar on function","V020",6.59955806558637,-5.98468104099129,-0.72526806105072,0.10892612882141,0.0080375831452155
"RH","Scalar on function","V021",9.89311250973195,-7.16338548243468,-0.89514628735087,0.161935564157747,0.0193536494225043
"RH","Scalar on function","V022",5.09721420063463,-4.83825005720833,-0.57627949145709,0.0775579584709676,0.00349030694978205
"RH","Scalar on function","V023",4.95258360757116,-4.95258360757116,-0.595124525301005,0.093690084264573,0.00457659632121026
"RH","Scalar on function","V024",4.95692209756043,-0.915005929895764,-0.108848366604937,0.0752320272866674,0.000120482461054822
"RH","Scalar on function","V025",5.24357110532356,-3.5270042390561,-0.417325623460654,0.0652603663130651,0.00151991382189139
"RH","Scalar on function","V026",3.56589793974091,-0.885897939740914,-0.10843123990573,0.126450878196415,0.00021274206933083
"RH","Scalar on function","V027",2.00151275153254,-0.391512751532543,-0.0475264857024268,0.111925878236048,3.55846511657215e-05
"RH","Scalar on function","V028",9.36630158494482,4.60165223671123,0.57043893580475,0.14839527434185,0.00708778186762616
"RH","Scalar on function","V029",10.450503591455,14.0817416314749,1.74829771819779,0.150994003031083,0.0679500429432579
"RH","Scalar on function","V030",7.08815108872876,-0.241843703499221,-0.0289280752151092,0.085340836651952,9.75992983679505e-06
"RH","Scalar on function","V031",7.96199403481279,5.3813193384407,0.645190651766548,0.0896043101130052,0.00512135466751772
"RH","Scalar on function","V032",7.91061888397419,-3.07061888397419,-0.365700409343288,0.0773654026400508,0.00140177386974876
"RH","Scalar on function","V033",6.63279654869012,-0.31279654869012,-0.0375250074271506,0.090691758621443,1.75553011113489e-05
