"item","value"
"analysis_role","methodological sensitivity"
"domain","-80:-1"
"processes","LogRain|RH|Tmax|Tmin"
"response","GA percentage points"
"adjustment","season fixed effect"
"functional_term","refund::lf() in refund::pfr()"
"basis","cubic P-spline"
"maximum_basis_dimension","4"
"penalty","second-order difference"
"smoothing_selection","REML"
"integration","Riemann"
"bootstrap","season-stratified ERA5 cell-by-season cluster bootstrap"
"bootstrap_reps","999"
"seed_base","25092026"
"refund_version","0.1.40"
"R_version","R version 4.5.0 (2025-04-11 ucrt)"
