responsible_company,year,cultivar,city,state,sowing(mdy),evaluation(mdy),inc_vag,ga,latitude,longitude
Fundação Mato Grosso,2022/2023,Desafio RR,Nova Mutum,MT,10/12/2022,1/3/2023,35.30,1.27,-13.679361,-56.030472
UFMT/Campus Sinop,2023/2024,Olimpo,Sinop,MT,10/24/2023,1/13/2024,6.40,2.00,-12.442586,-55.888902
AgroFarm,2025/2026,Desafio RR,Cerejeiras,RO,11/15/2025,2/20/2026,2.70,2.48,-13.222225,-60.841394
IMAmt,2025/2026,Desafio RR,Sapezal,MT,10/31/2025,2/9/2026,6.21,2.70,-13.301536,-58.762556
EPR Consultoria & Pesquisa Agronômica,2024/2025,Desafio RR,Sinop,MT,10/24/2024,1/27/2025,26.70,3.00,-11.849647,-55.598429
Assist consultoria,2023/2024,Olimpo,Planaldo da Serra,MT,11/8/2023,2/15/2024,3.80,3.30,-10.727522,-51.604545
UFMT/Campus Sinop,2025/2026,Desafio RR,Sinop,MT,10/19/2025,1/10/2026,5.49,3.32,-11.985028,-55.473028
Fitolab Pesquisa e Desenvolvimento Agrícola,2024/2025,Desafio RR,Sorriso,MT,10/21/2024,1/31/2025,15.80,4.10,-12.751506,-55.834697
UFMT/Campus Sinop,2024/2025,Desafio RR,Sinop,MT,10/26/2024,1/30/2025,26.60,4.20,-11.974754,-55.477288
Fundação Rio Verde,2024/2025,Desafio RR,Lucas do Rio Verde,MT,10/23/2024,1/29/2025,17.90,4.80,-13.002051,-55.96748
Fundação Mato Grosso,2024/2025,Desafio RR,Sorriso,MT,10/30/2024,1/31/2025,10.10,5.20,-12.543972,-55.710778
Centro de Pesquisa Celeiro do Norte - CPCEN,2024/2025,Desafio RR,Sorriso,MT,10/24/2024,1/22/2025,20.10,5.30,-12.440621,-55.88768
IMAmt,2023/2024,Olimpo,Sapezal,MT,10/30/2023,1/24/2024,,5.80,-13.302753,-58.762906
Centro de Pesquisa Celeiro do Norte - CPCEN,2025/2026,Desafio RR,Sorriso,MT,11/8/2025,1/26/2026,12.86,6.28,-12.440806,-55.88775
Fundação Mato Grosso,2025/2026,Desafio RR,Sorriso,MT,11/6/2025,2/4/2026,29.54,6.30,-12.543972,-55.710778
Fundação Mato Grosso,2022/2023,Desafio RR,Sorriso,MT,10/12/2022,2/3/2023,8.24,7.59,-12.442694,-55.891028
EPR Consultoria & Pesquisa Agronômica,2022/2023,Desafio RR,Sinop,MT,10/16/2022,1/15/2023,41.11,8.13,-12.478611,-55.674722
Meta,2025/2026,Desafio RR,Canarana,MT,10/21/2025,1/2/2026,0.90,8.32,-13.543167,-52.202722
Assist consultoria,2024/2025,Desafio RR,Planalto da Serra,MT,11/19/2024,2/22/2025,4.00,9.10,-14.543222,-54.716667
IMAmt,2024/2025,Desafio RR,Sapezal,MT,10/30/2024,1/24/2025,26.70,10.50,-13.302678,-58.762936
Fitolab Pesquisa e Desenvolvimento Agrícola,2022/2023,Desafio RR,Sorriso,MT,10/15/2022,1/27/2023,41.54,10.73,-12.751472,-55.834861
Proteplan,2024/2025,Desafio RR,Sorriso,MT,10/21/2024,2/3/2025,7.90,10.90,-15.475278,-54.915278
Fundação Rio Verde,2023/2024,Olimpo,Lucas do Rio Verde,MT,10/23/2023,1/31/2024,16.40,11.40,-13.000988,-55.966188
Fitolab Pesquisa e Desenvolvimento Agrícola,2023/2024,Olimpo,Sorriso,MT,10/13/2023,1/12/2024,18.80,11.80,-12.750614,-55.835186
Fundação Rio Verde,2022/2023,Desafio RR,Lucas do Rio Verde,MT,10/13/2022,1/13/2023,49.86,13.15,-13.001389,-55.9675
Fundação Rio Verde,2025/2026,Desafio RR,Lucas do Rio Verde,MT,10/22/2025,1/30/2026,20.70,13.91,-13.00025,-55.9725
Xingu Pesquisa e Consultoria Agronômica,2025/2026,Desafio RR,Confresa,MT,11/5/2025,2/18/2026,9.63,14.20,-10.728998,-51.599439
Xingu Pesquisa e Consultoria Agronômica,2024/2025,Desafio RR,Confresa,MT,10/28/2024,1/14/2025,3.60,14.20,-10.728333,-51.598056
UFMT/Campus Sinop,2022/2023,Desafio RR,Sinop,MT,10/15/2022,1/27/2023,63.47,14.79,-11.992472,-55.421139
Agrodinamica,2024/2025,Desafio RR,Juína,MT,10/28/2024,,13.60,16.00,-11.886833,-58.235361
Fitolab Pesquisa e Desenvolvimento Agrícola,2025/2026,Desafio RR,Sorriso,MT,10/16/2025,1/17/2026,33.59,16.02,-12.751111,-55.834167
Agrodinamica,2025/2026,Desafio RR,Campo Novo do Parecis,MT,11/3/2025,2/3/2026,30.50,16.50,-11.886833,-58.235361
Proteplan,2023/2024,Olimpo,Sorriso,MT,10/11/2023,2/5/2024,17.70,17.00,-12.474003,-55.672839
EPR Consultoria & Pesquisa Agronômica,2025/2026,Desafio RR,Sinop,MT,10/29/2025,2/6/2026,59.57,17.68,-11.847778,-55.596667
EPR Consultoria & Pesquisa Agronômica,2023/2024,Olimpo,Sinop,MT,10/27/2023,2/6/2024,31.70,21.10,-11.847778,-55.596667
Solo Fértil Consultoria Agrícola e Pecuária,2022/2023,Desafio RR,São Miguel do Guaporé,RO,10/8/2022,1/11/2023,27.68,26.05,-11.687331,-62.663606
Centro de Pesquisa Celeiro do Norte - CPCEN,2022/2023,Desafio RR,Sorriso,MT,10/17/2022,1/24/2023,42.66,31.42,-12.437389,-55.883417
Xingu Pesquisa e Consultoria Agronômica,2023/2024,Olimpo,Confresa,MT,10/27/2023,1/29/2024,2.90,42.00,-10.728716,-51.59943
Proteplan,2022/2023,Desafio RR,Sorriso,MT,10/8/2022,1/25/2023,34.75,43.28,-12.478611,-55.674722
Proteplan,2025/2026,Desafio RR,Sorriso,MT,10/15/2025,1/5/2026,20.33,54.14,-12.474003,-55.672839
Solo Fértil Consultoria Agrícola e Pecuária,2024/2025,Desafio RR,São Miguel do Guaporé,RO,11/4/2024,2/14/2025,18.9 ,18.6 ,-11.687317,-62.663606
Assist consultoria,2025/2026,Desafio RR,Planalto da Serra,MT,11/3/2025,2/10/2026,,,-14.660167,-54.92925
,,,,,,,,0.21,,